4074 121548246567751013 2 9
8 6 7 9 1 11 5 3 10 
8 7 6 11 5 9 1 3 10 

4082 110506067594086430 1 9
6 7 10 8 9 1 4 11 5 

4070 15645826957734251579 1 9
8 6 7 9 1 11 5 2 10 

4088 555258000796165883 1 9
6 8 9 7 10 3 4 11 5 

4073 9836320855871151973 1 9
8 6 7 9 0 11 5 3 10 

4081 5765072994862045970 1 9
6 7 10 8 9 0 4 11 5 

4058 2751832931393147376 1 9
8 7 6 4 11 9 1 10 3 

4069 17057975889130276810 1 9
8 6 7 9 0 11 5 2 10 

4046 10158924776935883504 1 9
8 7 11 6 9 1 3 10 2 

4054 15966172064553660774 1 9
7 8 6 4 11 10 2 9 1 

4057 15797604890135740294 1 9
8 7 6 4 11 9 0 10 3 

3962 9725472770566735033 1 9
6 10 3 8 9 1 4 11 5 

4053 16477213068331757081 1 9
7 8 6 4 11 10 2 9 0 

4045 11128647108269115671 1 9
8 7 11 6 9 0 3 10 2 

3947 11241450222177034351 1 9
8 11 5 6 3 10 9 1 0 

3950 12499153430269306518 1 9
8 11 5 6 9 1 3 10 2 

3958 18035681488214936931 1 9
6 10 2 8 9 1 4 11 5 

3955 1549144781197418967 2 9
6 10 8 4 11 5 9 1 0 
10 6 8 4 11 5 9 1 0 

3943 9235877627903654893 1 9
8 11 5 6 2 10 9 1 0 

3964 16590982292273199171 1 9
8 6 9 4 11 5 10 3 2 

3961 11222914257401283091 1 9
6 10 3 8 9 0 4 11 5 

3949 16180811898653502721 1 9
8 11 5 6 9 0 3 10 2 

3931 17586928908744742456 1 9
8 4 11 6 10 3 9 1 0 

3934 2528786438907961793 1 9
8 4 11 6 9 1 10 3 2 

3957 9959776113436056769 1 9
6 10 2 8 9 0 4 11 5 

3919 18002280249948866952 2 9
8 11 6 3 10 2 9 1 0 
11 8 6 3 10 2 9 1 0 

3927 13830239560652636732 1 9
8 4 11 6 10 2 9 1 0 

4026 13149606041667464105 1 9
8 9 1 7 10 3 4 11 5 

3933 13834813323566530261 1 9
8 4 11 6 9 0 10 3 2 

4014 7424753086375466436 1 9
8 9 1 7 11 5 3 10 2 

4011 7514193452227944693 1 9
7 3 10 8 11 5 9 1 0 

4019 2788583650311221410 2 9
7 10 8 9 1 0 4 11 5 
10 7 8 9 1 0 4 11 5 

4022 17545438145475520984 1 9
7 10 2 8 9 1 4 11 5 

4028 10108826801690342083 2 9
8 9 7 10 3 2 4 11 5 
9 8 7 10 3 2 4 11 5 

4007 15019790082277691694 1 9
7 2 10 8 11 5 9 1 0 

4025 12132659235288704842 1 9
8 9 0 7 10 3 4 11 5 

4013 5094749870730199326 1 9
8 9 0 7 11 5 3 10 2 

4021 5318657881639032042 1 9
7 10 2 8 9 0 4 11 5 

3995 9532916855955158060 1 9
7 10 3 8 4 11 9 1 0 

3998 15502185071525025376 1 9
8 9 1 7 4 11 10 3 2 

3983 11547243381189393014 1 9
8 7 11 9 1 0 3 10 2 

3991 15120153043325526028 1 9
7 10 2 8 4 11 9 1 0 

3899 16218137791574496580 2 9
3 10 8 11 5 4 9 1 0 
10 3 8 11 5 4 9 1 0 

3997 4147178987016976679 1 9
8 9 0 7 4 11 10 3 2 

3902 8338911523318066891 2 9
8 9 1 3 10 2 11 5 4 
8 9 1 10 3 2 11 5 4 

3901 10913828652166918472 2 9
8 9 0 3 10 2 11 5 4 
8 9 0 10 3 2 11 5 4 

3830 536766752203727675 1 9
6 9 1 7 10 2 4 11 5 

3833 2829110886118071036 1 9
6 9 0 7 10 3 4 11 5 

3821 3364119740026361372 1 9
6 9 0 7 11 5 3 10 2 

3829 15995571001597896711 1 9
6 9 0 7 10 2 4 11 5 

3805 15605061557302322133 1 9
7 4 11 6 9 0 10 3 2 

3710 196168899522195062 1 9
6 9 1 11 5 4 3 10 2 

3707 10400402143057946303 1 9
6 3 10 11 5 4 1 9 0 

3703 9857595057221996277 1 9
6 2 10 11 5 4 9 1 0 

3709 17321538909682176347 1 9
6 9 0 11 5 4 3 10 2 

3771 17337560410886249913 1 9
7 10 3 1 9 0 4 11 5 

3647 2720851927331720993 4 9
3 10 2 1 9 0 11 5 4 
3 10 2 11 5 4 1 9 0 
10 3 2 1 9 0 11 5 4 
10 3 2 11 5 4 1 9 0 

3767 4993433293177518672 1 9
7 10 2 1 9 0 4 11 5 

3578 16367232848907690780 1 9
6 8 1 7 10 3 4 11 5 

3566 1869502563727692724 1 9
8 6 1 7 5 11 3 10 2 

3563 4578522488761725528 1 9
8 6 7 0 1 11 5 3 10 

3559 17634080767391130604 1 9
6 8 7 0 1 2 10 11 5 

3574 4051953516591421309 1 9
6 8 1 7 10 2 4 11 5 

3571 4270325009929745026 1 9
6 7 10 8 0 1 4 11 5 

3580 3752048380381173695 2 9
6 8 7 10 3 2 4 11 5 
8 6 7 10 3 2 4 11 5 

3577 1087146017892490341 1 9
6 8 0 7 10 3 4 11 5 

3565 9653172039300839679 1 9
8 6 0 7 11 5 3 10 2 

3573 312192451654043863 1 9
6 8 0 7 10 2 4 11 5 

3547 425569442544155904 1 9
8 7 6 4 11 0 1 10 3 

3550 13402316134751893853 1 9
8 6 1 7 4 11 10 3 2 

3535 2701711969982286657 1 9
8 7 11 6 0 1 3 10 2 

3543 17524600314367813093 1 9
7 8 6 4 11 10 2 0 1 

3549 16243606840147353812 1 9
8 6 0 7 4 11 10 3 2 

3451 9709566711574213939 1 9
6 10 3 8 0 1 4 11 5 

3454 15945115556398254003 1 9
8 6 1 4 11 5 10 3 2 

3439 2808640702432400779 1 9
8 11 5 6 0 1 3 10 2 

3447 6902590094692326944 1 9
6 10 2 8 0 1 4 11 5 

3453 5860703775676151732 1 9
8 6 0 4 11 5 10 3 2 

3423 15990423298368219351 1 9
8 4 11 6 0 1 10 3 2 

3518 18047601144354540850 2 9
1 8 7 10 3 2 4 11 5 
8 1 7 10 3 2 4 11 5 

3515 11311384312509949083 1 9
8 0 1 7 10 3 4 11 5 

3503 13255724457691675184 1 9
8 0 1 7 11 5 3 10 2 

3511 15976089943251157481 1 9
7 10 2 8 0 1 4 11 5 

3517 6234087534217765665 2 9
0 8 7 10 3 2 4 11 5 
8 0 7 10 3 2 4 11 5 

3391 5217358396429505354 2 9
8 0 1 3 10 2 11 5 4 
8 0 1 10 3 2 11 5 4 

3487 2981963255088664910 1 9
8 0 1 7 4 11 10 3 2 

3319 5825455315155840666 1 9
6 0 1 7 10 2 4 11 5 

3199 12960995062265220378 2 9
6 0 1 11 5 4 10 3 2 
6 0 1 11 5 4 3 10 2 

3066 13307614499398404545 1 9
6 7 3 8 9 1 11 5 4 

3054 3325486881580578873 1 9
8 6 7 9 1 11 5 2 3 

3062 564643311844473814 1 9
6 7 2 8 9 1 11 5 4 

3047 7099115933632685206 1 9
7 6 2 8 11 5 9 1 0 

3068 2389920218150680659 1 9
6 8 9 7 2 3 11 5 4 

3065 4875175384572363368 1 9
6 7 3 8 9 0 11 5 4 

3053 16071156731342607912 1 9
8 6 7 9 0 11 5 2 3 

3061 11582514692951161417 1 9
6 7 2 8 9 0 11 5 4 

3038 6239047260135020454 1 9
8 6 7 9 1 11 4 2 3 

3023 11225377743814674360 1 9
7 8 11 6 2 3 9 1 0 

3031 18039419458603321685 1 9
7 6 2 8 11 4 9 1 0 

3037 12824379306896001526 1 9
8 6 7 9 0 11 4 2 3 

2939 7245933951144403749 2 9
3 6 8 11 5 4 9 1 0 
6 3 8 11 5 4 9 1 0 

2942 8328951395042446074 1 9
6 2 3 8 9 1 11 5 4 

2935 4300346852678534343 2 9
2 6 8 11 5 4 9 1 0 
6 2 8 11 5 4 9 1 0 

2927 10548439527461951209 1 9
8 11 5 6 2 3 9 1 0 

2941 17867637334716043523 1 9
6 2 3 8 9 0 11 5 4 

2911 13288680442551766547 1 9
8 11 4 6 2 3 9 1 0 

3003 11458722778683778142 2 9
3 7 8 9 1 0 11 5 4 
7 3 8 9 1 0 11 5 4 

3006 12855415121619655461 1 9
8 9 1 7 2 3 11 5 4 

2999 16271374980626279151 2 9
2 7 8 9 1 0 11 5 4 
7 2 8 9 1 0 11 5 4 

2991 15226748836917519673 1 9
7 2 3 8 11 5 9 1 0 

2975 10260280798025151442 1 9
7 2 3 8 11 4 9 1 0 

3005 7041888195850714351 1 9
8 9 0 7 2 3 11 5 4 

2811 7395454664770963909 1 9
7 6 3 11 5 4 9 1 0 

2814 11400338112680571831 1 9
6 9 1 7 2 3 11 5 4 

2807 3975200915134049394 1 9
6 7 2 9 1 0 11 5 4 

2813 12122024852667535200 1 9
6 9 0 7 2 3 11 5 4 

2687 16933581749584094174 1 9
6 2 3 11 5 4 9 1 0 

2751 9706793775442305369 1 9
7 2 3 1 9 0 11 5 4 

2543 12600747151795274267 1 9
6 8 7 0 1 2 3 11 5 

2558 7685734969218657245 1 9
6 8 1 7 2 3 11 5 4 

2555 12834277233364764623 1 9
6 7 3 8 0 1 11 5 4 

2527 745320019531152285 2 9
8 6 7 0 1 11 4 3 2 
8 7 6 11 4 0 1 2 3 

2551 3531987605941347289 1 9
6 7 2 8 0 1 11 5 4 

2557 15197023776190240149 1 9
6 8 0 7 2 3 11 5 4 

2431 4172131297940491058 1 9
6 2 3 8 0 1 11 5 4 

2303 940702476443280597 1 9
6 0 1 7 2 3 11 5 4 

2495 9025545121848481123 1 9
8 0 1 7 2 3 11 5 4 

2042 1595368376341648698 1 9
7 8 6 4 5 10 3 9 1 

2030 3334193339692519845 1 9
8 7 5 6 9 1 3 10 2 

2038 13847441037129344804 1 9
7 6 8 10 2 4 5 9 1 

2027 13769324247888776717 1 9
7 8 5 6 3 10 1 9 0 

2023 5250067590139010354 1 9
7 8 5 6 2 10 9 1 0 

2035 5380191854341217884 1 9
7 6 10 8 4 5 1 9 0 

2041 11167095751412914577 1 9
8 7 6 4 5 9 0 10 3 

2044 13470405980580318095 1 9
8 6 9 7 4 5 10 3 2 

2029 2038816500333647995 1 9
8 7 5 6 9 0 3 10 2 

2037 1322848775334016011 1 9
7 6 8 10 2 4 5 9 0 

2014 5826664871535090024 1 9
8 7 4 6 9 1 10 3 2 

2011 864190340243932553 1 9
7 8 4 6 10 3 1 9 0 

1999 16534006884611377132 2 9
7 8 6 3 10 2 9 1 0 
8 7 6 3 10 2 9 1 0 

2007 4036847163053199054 1 9
7 8 4 6 10 2 9 1 0 

2013 11596193352777624120 1 9
8 7 4 6 9 0 10 3 2 

1903 3128145650922953093 2 9
5 8 6 3 10 2 9 1 0 
8 5 6 3 10 2 9 1 0 

1915 13969303155415931886 1 9
8 4 5 6 10 3 1 9 0 

1918 3955026280914443740 1 9
8 4 5 6 9 1 10 3 2 

1887 15939427789956188665 2 9
4 8 6 10 3 2 9 1 0 
8 4 6 10 3 2 9 1 0 

1911 15793684973590947953 1 9
6 10 2 8 4 5 9 1 0 

1982 3318849930283164927 1 9
8 9 1 7 4 5 10 3 2 

1917 1521687231169922923 1 9
8 4 5 6 9 0 10 3 2 

1979 12608724861089339379 1 9
7 10 3 8 4 5 1 9 0 

1967 5961114567304231174 1 9
8 7 5 9 1 0 3 10 2 

1855 2966523225405656472 2 9
8 4 5 3 10 2 1 9 0 
8 4 5 10 3 2 1 9 0 

1975 12792500662149803329 1 9
7 10 2 8 4 5 9 1 0 

1951 831506002575701509 1 9
7 8 4 10 3 2 9 1 0 

1790 1003964015750190747 1 9
7 4 5 6 9 1 10 3 2 

1981 18315157076309818849 1 9
8 9 0 7 4 5 10 3 2 

1759 6087672179908894000 2 9
4 7 6 9 1 0 10 3 2 
7 4 6 9 1 0 10 3 2 

1787 2363062042569295772 1 9
7 4 5 6 10 3 1 9 0 

1783 5364486279106240619 1 9
7 4 5 6 10 2 9 1 0 

1775 8903801607297155413 2 9
5 7 6 9 1 0 3 10 2 
7 5 6 9 1 0 3 10 2 

1789 12103611271592936878 1 9
7 4 5 6 9 0 10 3 2 

4084 11511937348360468621 1 9
6 8 9 7 10 2 4 11 5 

1727 17408068863969373794 1 9
7 4 5 1 9 0 10 3 2 

1534 4110174879015494967 1 9
8 6 1 7 4 5 10 3 2 

1531 17843315074788521950 1 9
8 7 6 4 5 1 0 10 3 

1519 9328706048525631142 2 9
8 7 5 6 0 1 3 10 2 
8 7 5 6 0 1 10 3 2 

1533 795357424589389079 1 9
8 6 0 7 4 5 10 3 2 

1503 11742432780514403158 1 9
8 7 4 6 0 1 10 3 2 

1407 10832118052254133687 1 9
8 4 5 6 0 1 10 3 2 

1022 17531354239542328000 1 9
7 6 8 2 3 5 4 9 1 

1279 17017507772242437925 1 9
7 4 5 6 0 1 10 3 2 

1007 5871043951873771065 1 9
7 8 5 6 2 3 9 1 0 

1019 7685734969218657245 1 9
7 6 3 8 4 5 1 9 0 

1021 18142063908720409018 2 9
6 7 8 2 3 9 0 4 5 
6 8 7 9 0 2 3 5 4 

1015 2992061549580192857 1 9
7 6 2 8 5 4 9 1 0 

991 1332573698383055701 1 9
7 8 4 6 2 3 9 1 0 

511 17005026336305869762 2 9
7 6 8 2 3 5 4 1 0 
7 8 6 5 4 2 3 0 1 

895 7336789532722946680 1 9
6 2 3 8 5 4 9 1 0 

767 16187436133182614317 1 9
7 5 4 6 2 3 9 1 0 

959 10043360480959823576 1 9
7 2 3 8 5 4 9 1 0 

4066 5066773384542273656 2 8
6 7 10 8 9 1 11 5 
7 6 10 8 11 5 9 1 

4065 1702829175305057561 1 8
6 7 10 8 9 0 11 5 

4042 7256304662719010957 1 8
8 7 11 6 9 1 3 10 

4050 15033084921083110698 1 8
7 6 10 8 4 11 9 1 

4038 7062446891357879449 1 8
8 7 11 6 9 1 2 10 

4035 334637319894575333 1 8
7 11 8 10 6 9 1 0 

4056 15879531391051519231 1 8
8 6 9 7 4 11 10 3 

4041 6768442806840152451 1 8
8 7 11 6 9 0 3 10 

3954 16284839741661156327 2 8
6 10 8 9 1 4 11 5 
10 6 8 9 1 4 11 5 

4049 3536396975060413560 1 8
7 6 10 8 4 11 9 0 

4037 8983428771670828287 1 8
8 7 11 6 9 0 2 10 

3946 7002766808376966929 1 8
8 6 11 5 3 10 9 1 

3939 4560328507482785956 2 8
6 10 8 11 5 9 1 0 
10 6 8 11 5 9 1 0 

3948 911927168285299723 1 8
8 6 9 11 5 3 10 2 

3942 1205830795736526326 1 8
8 6 11 5 2 10 9 1 

3960 7723420119426011615 1 8
6 8 9 10 3 4 11 5 

3945 13080857595700537097 1 8
8 6 11 5 3 10 9 0 

3953 12667533168597135996 2 8
6 10 8 9 0 4 11 5 
10 6 8 9 0 4 11 5 

3956 2797479310886986673 1 8
6 8 9 10 2 4 11 5 

3941 13739156268381452506 1 8
8 6 11 5 2 10 9 0 

3930 9479526543799431963 1 8
8 6 4 11 10 3 9 1 

3918 3408014562754548250 2 8
8 11 6 9 1 3 10 2 
11 8 6 9 1 3 10 2 

3915 3301007422065556408 2 8
8 11 6 3 10 9 1 0 
11 8 6 3 10 9 1 0 

3923 2719229569955369993 2 8
6 10 8 4 11 9 1 0 
10 6 8 4 11 9 1 0 

3926 2564291471543229907 1 8
8 6 4 11 10 2 9 1 

3911 9882338958353574574 2 8
8 11 6 2 10 9 1 0 
11 8 6 2 10 9 1 0 

3932 14537479606856900652 1 8
8 6 9 4 11 10 3 2 

3929 8588715268518315972 1 8
8 6 4 11 10 3 9 0 

3917 14363348168959767187 2 8
8 11 6 9 0 3 10 2 
11 8 6 9 0 3 10 2 

4010 7002766808376966929 1 8
8 7 9 1 3 10 11 5 

3925 6829064532137643983 1 8
8 6 4 11 10 2 9 0 

4018 10097589190712212423 2 8
7 10 8 9 1 4 11 5 
10 7 8 9 1 4 11 5 

4006 7230502492158221528 1 8
8 7 9 1 2 10 11 5 

4003 13504357669454113892 2 8
7 10 8 11 5 9 1 0 
10 7 8 11 5 9 1 0 

4024 16816119765131175071 2 8
8 9 7 10 3 4 11 5 
9 8 7 10 3 4 11 5 

4012 10888550447972247165 2 8
8 9 7 11 5 3 10 2 
9 8 7 11 5 3 10 2 

4017 11596661120618340077 2 8
7 10 8 9 0 4 11 5 
10 7 8 9 0 4 11 5 

4020 15627759817305306741 2 8
8 9 7 10 2 4 11 5 
9 8 7 10 2 4 11 5 

4009 18042981216733299405 1 8
8 7 9 0 3 10 11 5 

3994 8835990616436092130 1 8
8 7 9 1 10 3 4 11 

4005 9208793459110477969 1 8
8 7 9 0 2 10 11 5 

3982 7401250836814444279 1 8
8 7 11 9 1 3 10 2 

3979 10791400992050738630 1 8
7 8 11 3 10 9 1 0 

3990 1827435939704734249 1 8
7 8 10 2 9 1 4 11 

3987 2410470621647987037 2 8
7 10 8 4 11 9 1 0 
10 7 8 4 11 9 1 0 

3996 3751559402433011933 2 8
8 9 7 4 11 10 3 2 
9 8 7 4 11 10 3 2 

3975 14428165464196939619 1 8
7 8 11 2 10 9 1 0 

3993 1531085432174624426 1 8
8 7 9 0 10 3 4 11 

3898 5716855241277496904 2 8
3 10 8 9 1 11 5 4 
10 3 8 9 1 11 5 4 

3989 14698826724088004081 1 8
7 8 10 2 9 0 4 11 

3981 6682374648300504060 1 8
8 7 11 9 0 3 10 2 

3900 16990781285954523635 4 8
8 9 3 10 2 11 5 4 
8 9 10 3 2 11 5 4 
9 8 3 10 2 11 5 4 
9 8 10 3 2 11 5 4 

3897 16113129675530253865 2 8
3 10 8 9 0 11 5 4 
10 3 8 9 0 11 5 4 

1471 8922901489345297799 1 9
8 1 0 7 4 5 10 3 2 

3828 5305886411088164307 2 8
6 9 7 10 2 4 11 5 
9 6 7 10 2 4 11 5 

3817 7549172939444374322 1 8
6 7 9 0 11 5 3 10 

3825 7417638592217554395 1 8
6 7 10 9 0 4 11 5 

3813 9404197397012068435 1 8
6 7 9 0 11 5 2 10 

3798 335398428953249054 1 8
7 6 4 11 9 1 10 2 

3789 11299260222748884059 2 8
7 11 6 9 0 3 10 2 
11 7 6 9 0 3 10 2 

3801 12345426958008321773 1 8
7 6 4 11 9 0 10 3 

3694 12413080123778049584 2 8
5 11 6 9 1 3 10 2 
11 5 6 9 1 3 10 2 

3691 17318496505017985339 2 8
5 11 6 3 10 1 9 0 
11 5 6 3 10 1 9 0 

3706 16898414864606805964 1 8
6 3 10 9 1 11 5 4 

3797 6802659353608513220 1 8
7 6 4 11 9 0 10 2 

3687 9223781865658422767 2 8
5 11 6 2 10 9 1 0 
11 5 6 2 10 9 1 0 

3702 17676912294752367235 1 8
6 9 1 2 10 11 5 4 

3708 1108045973683694693 2 8
6 9 11 5 4 3 10 2 
9 6 11 5 4 3 10 2 

3705 6387301973993025999 1 8
6 3 10 9 0 11 5 4 

3693 17109835624745161535 2 8
5 11 6 9 0 3 10 2 
11 5 6 9 0 3 10 2 

3678 795920064008735737 2 8
4 11 6 9 1 3 10 2 
11 4 6 9 1 3 10 2 

3675 15264619410131238665 2 8
4 11 6 3 10 1 9 0 
11 4 6 3 10 1 9 0 

3701 4066461324766545629 1 8
6 2 10 9 0 11 5 4 

3671 3053937658091650341 2 8
4 11 6 2 10 9 1 0 
11 4 6 2 10 9 1 0 

3677 11695669811215767078 2 8
4 11 6 9 0 3 10 2 
11 4 6 9 0 3 10 2 

3766 2114239682629827265 2 8
1 9 7 10 2 4 11 5 
9 1 7 10 2 4 11 5 

3643 6105640840001648353 4 8
3 10 1 9 0 11 5 4 
3 10 11 5 4 1 9 0 
10 3 1 9 0 11 5 4 
10 3 11 5 4 1 9 0 

3646 13951647749923552435 4 8
1 9 3 10 2 11 5 4 
1 9 10 3 2 11 5 4 
9 1 3 10 2 11 5 4 
9 1 10 3 2 11 5 4 

3562 8414923863449367662 1 8
8 6 1 7 11 5 3 10 

3570 1634694250801804665 1 8
6 10 7 1 8 4 11 5 

3558 4332238523716154704 1 8
6 8 1 7 2 10 5 11 

3555 14918473452627472835 1 8
6 7 10 8 0 1 11 5 

3576 17089799402415162291 2 8
6 8 7 10 3 4 11 5 
8 6 7 10 3 4 11 5 

3561 14464197678960235639 1 8
8 6 0 7 11 5 3 10 

3569 5928247143849761396 1 8
6 10 7 0 8 4 11 5 

3557 3573749405318878944 1 8
8 6 0 7 11 5 2 10 

3546 3557475190552848326 1 8
8 6 1 7 4 11 10 3 

3531 13556807636605616685 1 8
8 7 11 6 0 1 3 10 

3534 8628811892862903655 1 8
8 11 7 1 6 3 10 2 

3539 1166300084343340402 1 8
7 6 10 8 4 11 0 1 

3542 17530371020460876202 1 8
6 8 1 7 10 2 4 11 

3527 18153983512627231692 1 8
8 7 11 6 0 1 2 10 

3545 16232707959857059232 1 8
8 6 0 7 4 11 10 3 

3533 8512851240596053888 1 8
8 0 6 11 7 3 10 2 

3541 14969168104967507762 1 8
8 6 0 7 4 11 10 2 

3450 9093907992923675577 1 8
6 8 1 10 3 4 11 5 

3435 9870620306787143491 1 8
8 6 11 5 3 10 0 1 

3438 5221104628734203622 1 8
8 6 1 5 11 3 10 2 

3443 10679469041727028899 2 8
6 10 8 0 1 4 11 5 
10 6 8 0 1 4 11 5 

3446 1363331965198780315 1 8
6 8 1 10 2 4 11 5 

3431 4386034973356516643 1 8
8 6 11 5 2 10 0 1 

3452 17491109697606055810 2 8
6 8 10 3 2 4 11 5 
8 6 10 3 2 4 11 5 

3449 4152644639711774420 1 8
6 8 0 10 3 4 11 5 

3437 242183539716484078 1 8
8 6 0 11 5 3 10 2 

3445 6656733841234886050 1 8
6 8 0 10 2 4 11 5 

3422 17144077499841510638 1 8
8 6 1 4 11 10 3 2 

3419 16757591871412273251 1 8
8 6 4 11 10 3 0 1 

3407 2272695849682925914 2 8
8 11 6 0 1 3 10 2 
11 8 6 0 1 3 10 2 

3415 3718212183799272587 1 8
8 6 4 11 10 2 0 1 

3514 5429262940682270967 2 8
1 8 7 10 3 4 11 5 
8 1 7 10 3 4 11 5 

3421 6319754221755646454 1 8
8 6 0 4 11 10 3 2 

3502 9384454497804560023 2 8
1 8 7 5 11 3 10 2 
8 1 7 5 11 3 10 2 

3499 2260428628797095420 1 8
8 7 0 1 3 10 11 5 

3510 16939985237110024999 2 8
1 8 7 10 2 4 11 5 
8 1 7 10 2 4 11 5 

3507 8216314976716080485 2 8
7 10 8 0 1 4 11 5 
10 7 8 0 1 4 11 5 

3495 8212087029177629733 1 8
8 7 0 1 2 10 11 5 

3513 5396969824682054203 2 8
0 8 7 10 3 4 11 5 
8 0 7 10 3 4 11 5 

3501 11063826309542221431 2 8
0 8 7 11 5 3 10 2 
8 0 7 11 5 3 10 2 

3509 8558462469108067998 2 8
0 8 7 10 2 4 11 5 
8 0 7 10 2 4 11 5 

3486 13060872842678777151 2 8
1 8 7 4 11 10 3 2 
8 1 7 4 11 10 3 2 

3483 17775660095522191922 1 8
8 7 0 1 10 3 4 11 

3471 14405081618210731256 1 8
8 7 11 0 1 3 10 2 

3485 5296928326512497768 2 8
0 8 7 4 11 10 3 2 
8 0 7 4 11 10 3 2 

3390 1325256378584452299 4 8
1 8 3 10 2 11 5 4 
1 8 10 3 2 11 5 4 
8 1 3 10 2 11 5 4 
8 1 10 3 2 11 5 4 

3387 406631428025867266 2 8
3 10 8 0 1 11 5 4 
10 3 8 0 1 11 5 4 

3479 3896297203704183503 1 8
7 8 10 2 0 1 4 11 

3389 14663041445799167406 4 8
0 8 3 10 2 11 5 4 
0 8 10 3 2 11 5 4 
8 0 3 10 2 11 5 4 
8 0 10 3 2 11 5 4 

3318 2179926660931600341 2 8
1 6 7 10 2 4 11 5 
6 1 7 10 2 4 11 5 

3303 16963376985184830471 1 8
6 7 0 1 11 5 2 10 

3317 9419693274288861440 2 8
0 6 7 10 2 4 11 5 
6 0 7 10 2 4 11 5 

3287 7693864805519008558 1 8
7 6 4 11 0 1 10 2 

3195 7999315935307779156 4 8
6 3 10 0 1 11 5 4 
6 3 10 1 0 11 5 4 
6 10 3 0 1 11 5 4 
6 10 3 1 0 11 5 4 

3198 15722789891331704661 4 8
1 6 11 5 4 10 3 2 
1 6 11 5 4 3 10 2 
6 1 11 5 4 10 3 2 
6 1 11 5 4 3 10 2 

3197 6475063399246936691 4 8
0 6 11 5 4 10 3 2 
0 6 11 5 4 3 10 2 
6 0 11 5 4 10 3 2 
6 0 11 5 4 3 10 2 

3183 1038704156193160080 4 8
5 11 6 0 1 10 3 2 
5 11 6 0 1 3 10 2 
11 5 6 0 1 10 3 2 
11 5 6 0 1 3 10 2 

3191 8046676860567365656 1 8
6 0 1 2 10 11 5 4 

3167 1120607533291067146 4 8
4 11 6 0 1 10 3 2 
4 11 6 0 1 3 10 2 
11 4 6 0 1 10 3 2 
11 4 6 0 1 3 10 2 

3050 6745040734215694077 2 8
6 7 3 8 9 1 11 5 
7 6 3 8 11 5 9 1 

3255 2626735925311790501 2 8
0 1 7 10 2 4 11 5 
1 0 7 10 2 4 11 5 

3135 2024733197291998486 4 8
0 1 3 10 2 11 5 4 
0 1 10 3 2 11 5 4 
1 0 3 10 2 11 5 4 
1 0 10 3 2 11 5 4 

3058 6144460112648211021 2 8
6 7 8 9 1 11 5 4 
7 6 8 9 1 11 5 4 

3046 3400325403513558338 1 8
6 7 2 8 9 1 11 5 

3064 17513399915601351807 1 8
6 9 8 3 7 11 5 4 

3049 12841170042353405498 1 8
6 7 3 8 9 0 11 5 

3034 3420155307155794313 1 8
7 6 3 8 11 4 9 1 

3057 14627924814123874580 2 8
6 7 8 9 0 11 5 4 
7 6 8 9 0 11 5 4 

3045 14839662668201382159 1 8
6 7 2 8 9 0 11 5 

3022 1861693671664364985 1 8
8 7 11 6 9 1 2 3 

3019 12411613157336880407 1 8
7 11 8 3 6 9 1 0 

3030 13993068099943496977 1 8
6 7 2 8 9 1 11 4 

3015 181927927147376125 1 8
7 11 8 2 6 9 1 0 

3027 15908247925343757869 2 8
6 7 8 11 4 9 1 0 
7 6 8 11 4 9 1 0 

3033 8493569725630420115 1 8
6 7 3 8 9 0 11 4 

2938 678700185076429882 2 8
3 6 8 9 1 11 5 4 
6 3 8 9 1 11 5 4 

2926 8488176061658540541 1 8
8 6 11 5 2 3 9 1 

3021 6266934409703618535 1 8
8 7 11 6 9 0 2 3 

3029 12676057603430957992 1 8
6 7 2 8 9 0 11 4 

2923 13795758651252926093 2 8
3 6 8 11 5 9 1 0 
6 3 8 11 5 9 1 0 

2934 5339479698466788070 2 8
2 6 8 9 1 11 5 4 
6 2 8 9 1 11 5 4 

2919 13743593120741285301 2 8
2 6 8 11 5 9 1 0 
6 2 8 11 5 9 1 0 

2937 12436791616262225010 2 8
3 6 8 9 0 11 5 4 
6 3 8 9 0 11 5 4 

2940 12719495944841276357 1 8
6 8 9 2 3 11 5 4 

2933 1433092694248264064 2 8
2 6 8 9 0 11 5 4 
6 2 8 9 0 11 5 4 

2925 15107789525370558428 1 8
8 6 11 5 2 3 9 0 

2907 14266791259338817902 2 8
3 6 8 11 4 9 1 0 
6 3 8 11 4 9 1 0 

2895 17263730577212581246 2 8
8 11 6 2 3 9 1 0 
11 8 6 2 3 9 1 0 

2910 2724344624688318157 1 8
8 6 11 4 2 3 9 1 

2903 4641724837527064198 2 8
2 6 8 11 4 9 1 0 
6 2 8 11 4 9 1 0 

2909 10684186961429586565 1 8
8 6 11 4 2 3 9 0 

3002 12503578154870263210 2 8
3 7 8 9 1 11 5 4 
7 3 8 9 1 11 5 4 

2998 12935204663577062603 2 8
2 7 8 9 1 11 5 4 
7 2 8 9 1 11 5 4 

2987 996813234903138716 2 8
3 7 8 11 5 9 1 0 
7 3 8 11 5 9 1 0 

2990 15714526600686396025 1 8
8 7 9 1 2 3 11 5 

2983 11938670186477859699 2 8
2 7 8 11 5 9 1 0 
7 2 8 11 5 9 1 0 

3004 8977129045140575439 2 8
8 9 7 2 3 11 5 4 
9 8 7 2 3 11 5 4 

3001 1811335362173856251 2 8
3 7 8 9 0 11 5 4 
7 3 8 9 0 11 5 4 

2974 5484510245298817620 1 8
8 7 9 1 2 3 11 4 

2997 13772655423864342746 2 8
2 7 8 9 0 11 5 4 
7 2 8 9 0 11 5 4 

2989 9990221597128859621 1 8
8 7 9 0 2 3 11 5 

2971 17595607658674101296 2 8
3 7 8 11 4 9 1 0 
7 3 8 11 4 9 1 0 

2967 9650499680405059719 2 8
2 7 8 11 4 9 1 0 
7 2 8 11 4 9 1 0 

2959 5305668443387057800 1 8
7 8 11 2 3 9 1 0 

2973 9822091561310474031 1 8
8 7 9 0 2 3 11 4 

2798 10335833835982728440 1 8
6 7 9 1 11 5 2 3 

2791 18016203125761772899 1 8
7 6 2 11 5 9 1 0 

2806 2653983693305689211 1 8
6 7 2 9 1 11 5 4 

2809 15437312683068072571 1 8
6 7 3 9 0 11 5 4 

2797 17512250242754310178 1 8
6 7 9 0 11 5 2 3 

2782 13917298490996599984 1 8
6 7 9 1 11 4 2 3 

2805 14557500365682154292 1 8
6 7 2 9 0 11 5 4 

2767 5686741581667348206 2 8
7 11 6 2 3 9 1 0 
11 7 6 2 3 9 1 0 

2775 768019895481861885 1 8
7 6 2 11 4 9 1 0 

2671 16531503018343846253 2 8
5 11 6 2 3 9 1 0 
11 5 6 2 3 9 1 0 

2781 12912109201932194257 1 8
6 7 9 0 11 4 2 3 

2683 8148857365406744852 2 8
3 6 11 5 4 1 9 0 
6 3 11 5 4 1 9 0 

2679 10756270332303310008 2 8
2 6 11 5 4 9 1 0 
6 2 11 5 4 9 1 0 

2686 16230543188923344060 1 8
6 9 1 2 3 11 5 4 

2685 5892352920060134024 2 8
6 2 3 9 0 11 5 4 
6 9 0 2 3 11 5 4 

2655 12201906641028417765 2 8
4 11 6 2 3 9 1 0 
11 4 6 2 3 9 1 0 

2554 7254683764358011031 1 8
6 1 8 3 7 11 5 4 

2750 9640450233850773748 2 8
1 9 7 2 3 11 5 4 
9 1 7 2 3 11 5 4 

2747 1930011930060042667 2 8
3 7 1 9 0 11 5 4 
7 3 1 9 0 11 5 4 

2743 8148857365406744852 2 8
2 7 1 9 0 11 5 4 
7 2 1 9 0 11 5 4 

2550 15600522865792985393 4 8
6 2 7 1 8 11 5 4 
6 1 8 2 7 11 5 4 
6 7 2 8 1 11 5 4 
6 8 1 7 2 11 5 4 

2542 13843389702360956990 1 8
6 8 1 7 3 2 5 11 

2539 12108544336992953107 1 8
6 7 3 8 0 1 11 5 

2547 13618937006417882744 2 8
6 7 8 0 1 11 5 4 
7 6 8 0 1 11 5 4 

2556 3211713473971255291 2 8
6 8 7 2 3 11 5 4 
8 6 7 2 3 11 5 4 

2535 6395311143169623183 1 8
6 7 2 8 0 1 11 5 

2553 4316773004563519736 1 8
6 0 8 3 7 11 5 4 

2526 17520672077918018965 1 8
6 8 1 7 3 2 11 4 

2541 1102492971143651219 1 8
8 6 0 7 11 5 2 3 

2549 8530172444799874953 1 8
6 0 8 2 7 11 5 4 

2523 2262944818546681279 1 8
7 6 3 8 11 4 0 1 

2519 2262944818546681279 1 8
6 7 2 8 0 1 11 4 

2511 11146888762510102295 1 8
8 7 11 6 0 1 2 3 

2423 9468715646917260671 2 8
2 6 8 0 1 11 5 4 
6 2 8 0 1 11 5 4 

2525 11146888762510102295 1 8
8 6 0 7 11 4 3 2 

2427 14774415103825020623 2 8
3 6 8 0 1 11 5 4 
6 3 8 0 1 11 5 4 

2430 16862007203964670348 1 8
6 8 1 2 3 11 5 4 

2415 4877745425822489829 1 8
8 6 11 5 2 3 0 1 

2429 15737322560104524668 1 8
6 8 0 2 3 11 5 4 

2494 9074080783646290617 2 8
1 8 7 2 3 11 5 4 
8 1 7 2 3 11 5 4 

2399 11046616663471132060 1 8
8 6 11 4 2 3 0 1 

2487 2014520959823688738 2 8
2 7 8 0 1 11 5 4 
7 2 8 0 1 11 5 4 

2491 12491132061998652257 2 8
3 7 8 0 1 11 5 4 
7 3 8 0 1 11 5 4 

2479 870341825173656935 1 8
8 7 0 1 2 3 11 5 

2493 943805872587333820 2 8
0 8 7 2 3 11 5 4 
8 0 7 2 3 11 5 4 

2463 11046616663471132060 1 8
8 7 0 1 3 2 11 4 

2302 17413501265348007664 2 8
1 6 7 2 3 11 5 4 
6 1 7 2 3 11 5 4 

2287 16453858600849635304 1 8
6 7 0 1 11 5 2 3 

2299 7790680434030398019 1 8
6 7 3 0 1 11 5 4 

2295 356238120274523061 1 8
6 7 2 0 1 11 5 4 

2271 14081795803864926572 2 8
6 7 0 1 11 4 3 2 
7 6 11 4 0 1 2 3 

2301 918595348200650671 2 8
0 6 7 2 3 11 5 4 
6 0 7 2 3 11 5 4 

2175 8046676860567365656 1 8
6 0 1 2 3 11 5 4 

2239 4145637650228806424 2 8
0 1 7 2 3 11 5 4 
1 0 7 2 3 11 5 4 

2026 8414923863449367662 1 8
8 7 5 6 9 1 3 10 

2034 17802631975517995784 1 8
7 6 10 8 4 5 1 9 

2040 14662343617538865252 1 8
8 6 9 7 4 5 10 3 

2022 17594660909918803187 1 8
7 8 5 6 2 10 9 1 

2019 8707552779964650646 1 8
7 5 8 10 6 1 9 0 

2028 14171105432715963997 1 8
8 9 6 5 7 3 10 2 

2025 3578176883409274038 1 8
8 7 5 6 9 0 3 10 

2036 12164893926422514761 1 8
6 8 9 7 10 2 4 5 

1998 2989185193915116792 2 8
7 8 6 9 1 3 10 2 
8 7 6 9 1 3 10 2 

2033 12238403143321128384 1 8
7 6 10 8 4 5 9 0 

2010 16584831523272606450 1 8
7 8 4 6 10 3 9 1 

2021 14634099993445321541 1 8
7 8 5 6 2 10 9 0 

1995 17330947841773732889 2 8
7 8 6 3 10 1 9 0 
8 7 6 3 10 1 9 0 

2006 12554885348442261037 1 8
7 8 4 6 10 2 9 1 

2003 13301775388912674323 1 8
7 4 8 10 6 1 9 0 

2009 10015378634348721429 1 8
7 8 4 6 10 3 9 0 

1991 16796374669306053969 2 8
7 8 6 2 10 9 1 0 
8 7 6 2 10 9 1 0 

1997 5893982066937674501 2 8
7 8 6 9 0 3 10 2 
8 7 6 9 0 3 10 2 

2012 12686761112814880082 1 8
8 4 7 9 6 10 3 2 

2005 8854969651478597226 1 8
7 8 4 6 10 2 9 0 

1902 13649535685406389519 2 8
5 8 6 9 1 3 10 2 
8 5 6 9 1 3 10 2 

1907 497395190301807127 2 8
6 10 8 4 5 1 9 0 
10 6 8 4 5 1 9 0 

1914 6219182237745976404 1 8
8 6 4 5 10 3 9 1 

1899 6121423861746516520 2 8
5 8 6 3 10 1 9 0 
8 5 6 3 10 1 9 0 

1895 1653698141918597539 2 8
5 8 6 2 10 9 1 0 
8 5 6 2 10 9 1 0 

1910 4280422560875316811 1 8
6 8 10 2 4 5 9 1 

1916 9407703007652937779 1 8
8 6 9 4 5 10 3 2 

1913 7019742805516806674 1 8
8 6 4 5 10 3 9 0 

1883 5835774687362226885 2 8
4 8 6 10 3 1 9 0 
8 4 6 10 3 1 9 0 

1901 8120755874463812630 2 8
5 8 6 9 0 3 10 2 
8 5 6 9 0 3 10 2 

1909 519007442573890848 1 8
6 8 10 2 4 5 9 0 

1886 15449463335258768582 2 8
4 8 6 9 1 10 3 2 
8 4 6 9 1 10 3 2 

1879 1725726104977518491 2 8
4 8 6 10 2 9 1 0 
8 4 6 10 2 9 1 0 

1885 128110777501352768 2 8
4 8 6 9 0 10 3 2 
8 4 6 9 0 10 3 2 

1978 7489240863582185297 1 8
7 8 10 3 9 1 4 5 

1971 5219145745495857630 2 8
7 10 8 4 5 1 9 0 
10 7 8 4 5 1 9 0 

1966 2204679765231810980 1 8
8 7 5 9 1 3 10 2 

1963 4606635688448327668 1 8
7 8 5 3 10 1 9 0 

1974 11326206833064454423 1 8
7 8 10 2 9 1 4 5 

1959 6693441945982280 1 8
7 8 5 2 10 9 1 0 

1980 9561834005369552366 2 8
8 9 7 4 5 10 3 2 
9 8 7 4 5 10 3 2 

1977 10139510688278850465 1 8
8 7 9 0 10 3 4 5 

1950 7664767303789710537 1 8
8 7 4 9 1 10 3 2 

1965 2426637633042629360 1 8
8 7 5 9 0 3 10 2 

1935 3910666791489186102 2 8
7 8 3 10 2 9 1 0 
8 7 3 10 2 9 1 0 

1947 10491123045106825879 1 8
7 8 4 10 3 1 9 0 

1973 15823620198155587315 1 8
7 8 10 2 9 0 4 5 

1943 1248897115445254937 1 8
7 8 4 10 2 9 1 0 

1839 15837695820270498906 4 8
5 8 3 10 2 1 9 0 
5 8 10 3 2 1 9 0 
8 5 3 10 2 1 9 0 
8 5 10 3 2 1 9 0 

1854 15623865660586740209 4 8
8 1 9 4 5 3 10 2 
8 1 9 4 5 10 3 2 
8 9 1 5 4 3 10 2 
8 9 1 5 4 10 3 2 

1949 11977701065384524682 1 8
8 7 4 9 0 10 3 2 

1851 10461342055663321058 2 8
3 10 8 4 5 1 9 0 
10 3 8 4 5 1 9 0 

1823 1325256378584452299 4 8
4 8 3 10 2 1 9 0 
4 8 10 3 2 1 9 0 
8 4 3 10 2 1 9 0 
8 4 10 3 2 1 9 0 

1853 12473378104661703029 4 8
8 4 5 9 0 3 10 2 
8 4 5 9 0 10 3 2 
8 9 0 4 5 3 10 2 
8 9 0 4 5 10 3 2 

1774 16791653683962165690 2 8
5 7 6 9 1 3 10 2 
7 5 6 9 1 3 10 2 

1782 18132114891936143138 1 8
7 6 4 5 9 1 10 2 

1786 6359438507225739438 1 8
7 6 4 5 9 1 10 3 

1771 12494629233916821303 2 8
5 7 6 3 10 1 9 0 
7 5 6 3 10 1 9 0 

1779 12728133059032732732 1 8
7 6 10 4 5 1 9 0 

1767 4646917920667290251 2 8
5 7 6 2 10 9 1 0 
7 5 6 2 10 9 1 0 

1788 5679544525825952230 2 8
6 9 7 4 5 10 3 2 
9 6 7 4 5 10 3 2 

1773 1399285475797327021 2 8
5 7 6 9 0 3 10 2 
7 5 6 9 0 3 10 2 

1785 2625946919502441424 1 8
7 6 4 5 9 0 10 3 

1758 5420775165009497790 2 8
4 7 6 9 1 10 3 2 
7 4 6 9 1 10 3 2 

1781 1468742919934358381 1 8
7 6 4 5 9 0 10 2 

1755 15996189072981249258 2 8
4 7 6 10 3 1 9 0 
7 4 6 10 3 1 9 0 

1726 16483227583884229916 2 8
1 9 7 4 5 10 3 2 
9 1 7 4 5 10 3 2 

1751 5227055902417396970 2 8
4 7 6 10 2 9 1 0 
7 4 6 10 2 9 1 0 

1757 17076833459220913102 2 8
4 7 6 9 0 10 3 2 
7 4 6 9 0 10 3 2 

4080 7984697463939847369 1 8
6 10 7 9 8 4 11 5 

1723 7354321196622213193 1 8
7 10 3 4 5 1 9 0 

4068 15285862863915233518 1 8
8 6 9 7 11 5 2 10 

1711 6475063399246936691 4 8
5 7 1 9 0 3 10 2 
5 7 1 9 0 10 3 2 
7 5 1 9 0 3 10 2 
7 5 1 9 0 10 3 2 

4076 9124851870564314466 1 9
8 6 9 7 11 5 3 10 2 

1719 4526834566368395655 2 8
7 4 5 10 2 1 9 0 
7 10 2 4 5 1 9 0 

3887 16416718555872564351 2 9
8 11 5 3 10 2 9 1 0 
8 11 5 10 3 2 9 1 0 

1530 18035262284061547473 1 8
8 6 1 7 4 5 10 3 

4052 8229687932968962407 1 8
8 6 9 7 4 11 10 2 

1695 2664450156018165971 2 8
4 7 1 9 0 10 3 2 
7 4 1 9 0 10 3 2 

1518 11281099511854686384 2 8
8 5 7 1 6 3 10 2 
8 5 7 1 6 10 3 2 

1515 11865824509162527919 2 8
8 7 5 6 1 0 3 10 
8 7 5 6 1 0 10 3 

1517 16511362793552673008 8 8
8 5 7 0 6 3 10 2 
8 5 7 0 6 10 3 2 
8 6 0 7 5 3 10 2 
8 6 0 7 5 10 3 2 
8 7 5 6 0 3 10 2 
8 7 5 6 0 10 3 2 
8 0 6 5 7 3 10 2 
8 0 6 5 7 10 3 2 

3883 10404033554081687558 2 8
3 10 8 11 5 9 1 0 
10 3 8 11 5 9 1 0 

1526 755083878850558793 1 8
8 6 1 7 4 5 10 2 

1532 6404333629695762085 2 8
6 8 7 4 5 10 3 2 
8 6 7 4 5 10 3 2 

3886 17696055372193480679 4 8
8 9 1 11 5 10 3 2 
8 9 1 11 5 3 10 2 
8 11 5 9 1 3 10 2 
8 11 5 9 1 10 3 2 

1529 2126046929816175885 1 8
8 6 0 7 4 5 10 3 

1499 16962212213099885730 2 8
7 8 4 6 10 3 1 0 
7 8 4 6 10 3 0 1 

1487 14571089593699709772 4 8
7 8 6 0 1 3 10 2 
7 8 6 0 1 10 3 2 
8 7 6 0 1 3 10 2 
8 7 6 0 1 10 3 2 

1502 16812186310587063568 1 8
8 4 7 1 6 10 3 2 

1501 1379855826060038915 1 8
8 4 7 0 6 10 3 2 

1399 10596611600582658388 2 8
6 8 10 2 4 5 1 0 
8 6 4 5 10 2 0 1 

1391 16723721651949974851 4 8
5 8 6 0 1 3 10 2 
5 8 6 0 1 10 3 2 
8 5 6 0 1 3 10 2 
8 5 6 0 1 10 3 2 

3763 13100473827327520431 2 8
7 10 1 9 0 4 11 5 
10 7 1 9 0 4 11 5 

1406 8556584783595889714 1 8
8 6 1 4 5 10 3 2 

1403 17298625783898641327 1 8
8 6 4 5 10 3 1 0 

1375 3463700639437332869 2 8
4 8 6 0 1 10 3 2 
8 4 6 0 1 10 3 2 

3827 12976294224674758112 1 9
7 6 10 4 11 5 9 1 0 

1470 2281498211575648408 2 8
1 8 7 4 5 10 3 2 
8 1 7 4 5 10 3 2 

3820 5501612190070533876 2 8
6 9 7 11 5 3 10 2 
9 6 7 11 5 3 10 2 

1463 16313598727574256573 1 8
7 8 10 2 1 0 4 5 

3826 4488194225930112612 1 8
6 7 10 9 1 4 11 5 

1469 16252235282424858019 2 8
0 8 7 4 5 10 3 2 
8 0 7 4 5 10 3 2 

1275 12282018480053484882 1 8
7 6 4 5 1 0 10 3 

1263 6169360919563598928 4 8
5 7 6 0 1 3 10 2 
5 7 6 0 1 10 3 2 
7 5 6 0 1 3 10 2 
7 5 6 0 1 10 3 2 

1278 11968749008855432586 2 8
1 6 7 4 5 10 3 2 
6 1 7 4 5 10 3 2 

1271 16313598727574256573 1 8
7 6 4 5 0 1 10 2 

1277 10869071769414788565 2 8
0 6 7 4 5 10 3 2 
6 0 7 4 5 10 3 2 

3572 4300342480219635547 2 8
6 8 7 10 2 4 11 5 
8 6 7 10 2 4 11 5 

1215 12155407486029776668 2 8
0 1 7 4 5 10 3 2 
1 0 7 4 5 10 3 2 

1247 13442985782670813871 2 8
4 7 6 0 1 10 3 2 
7 4 6 0 1 10 3 2 

1003 7254683764358011031 1 8
7 3 6 5 8 1 9 0 

3375 17817741507587518259 2 8
8 11 5 0 1 3 10 2 
8 11 5 0 1 10 3 2 

1018 13843389702360956990 1 8
7 6 3 8 5 4 9 1 

1006 18018811682721970007 1 8
7 8 5 6 2 3 9 1 

987 15600522865792985393 4 8
7 3 6 4 8 1 9 0 
7 4 8 3 6 1 9 0 
7 6 3 8 4 1 9 0 
7 8 4 6 3 1 9 0 

1011 3211713473971255291 2 8
6 7 8 4 5 1 9 0 
7 6 8 4 5 1 9 0 

999 6990065220881342675 1 8
7 2 6 5 8 9 1 0 

1020 10521878049154111437 1 8
6 8 9 7 2 3 5 4 

1005 2274366936732745802 1 8
7 8 5 6 2 3 9 0 

990 3822813721871946123 1 8
7 8 4 6 2 3 9 1 

975 13417345593184818367 2 8
7 8 6 2 3 9 1 0 
8 7 6 2 3 9 1 0 

983 15239513096822229397 1 8
7 2 6 4 8 9 1 0 

989 2274366936732745802 1 8
8 7 4 6 9 0 2 3 

891 9074080783646290617 2 8
3 6 8 4 5 1 9 0 
6 3 8 4 5 1 9 0 

887 15595148890610416481 2 8
2 6 8 5 4 9 1 0 
6 2 8 5 4 9 1 0 

879 7092161487953427819 2 8
5 8 6 2 3 9 1 0 
8 5 6 2 3 9 1 0 

863 14058083456018769125 2 8
4 8 6 2 3 9 1 0 
8 4 6 2 3 9 1 0 

3315 6285001053261233346 1 8
6 7 10 0 1 4 11 5 

958 6423556948786209865 1 8
7 8 2 3 9 1 5 4 

955 17413501265348007664 2 8
3 7 8 4 5 1 9 0 
7 3 8 4 5 1 9 0 

893 14610889156152697195 1 8
6 8 2 3 4 5 9 0 

951 15168614563437294216 2 8
2 7 8 5 4 9 1 0 
7 2 8 5 4 9 1 0 

943 5180428269612358349 1 8
7 8 5 2 3 9 1 0 

927 7100827839060317637 1 8
7 8 4 2 3 9 1 0 

766 7873268116061967447 1 8
6 7 9 1 5 4 2 3 

751 8863996547168252350 2 8
5 7 6 2 3 9 1 0 
7 5 6 2 3 9 1 0 

759 4874116077182079044 1 8
7 6 2 5 4 9 1 0 

763 16862007203964670348 1 8
7 6 3 4 5 1 9 0 

735 736072727347944737 2 8
4 7 6 2 3 9 1 0 
7 4 6 2 3 9 1 0 

765 14610889156152697195 1 8
6 7 9 0 5 4 2 3 

3060 11448442364417827281 1 8
6 9 8 2 7 11 5 4 

703 18051998729014313602 2 8
7 2 3 5 4 1 9 0 
7 5 4 2 3 1 9 0 

507 17520672077918018965 1 8
7 6 3 8 5 4 1 0 

510 2152997787890948195 1 8
8 6 1 7 5 4 2 3 

495 5592699983081397681 1 8
7 8 5 6 2 3 0 1 

503 5592699983081397681 1 8
7 6 2 8 5 4 1 0 

509 2152997787890948195 1 8
6 8 0 7 2 3 5 4 

255 9959707401259748467 1 8
7 6 5 4 0 1 2 3 

383 10903158926477785231 2 8
6 8 2 3 5 4 1 0 
8 6 5 4 2 3 0 1 

479 17520672077918018965 1 8
7 8 4 6 2 3 0 1 

4034 16083485025580063834 1 7
7 11 8 10 6 9 1 

3938 17377911886571965992 2 7
6 10 8 11 5 9 1 
10 6 8 11 5 9 1 

4036 10129412467352949426 1 7
8 9 6 11 7 2 10 

3952 5833783556983006012 2 7
6 10 8 9 4 11 5 
10 6 8 9 4 11 5 

3944 15727869424738240024 1 7
8 6 9 11 5 3 10 

4033 1627043962987670456 1 7
7 11 8 10 6 9 0 

3940 6824778271161547856 1 7
8 6 9 11 5 2 10 

3922 3045467481148360456 2 7
6 10 8 4 11 9 1 
10 6 8 4 11 9 1 

3937 10976943289984704813 2 7
6 10 8 11 5 9 0 
10 6 8 11 5 9 0 

3914 1785008291827893730 2 7
8 11 6 3 10 9 1 
11 8 6 3 10 9 1 

3910 17847828983618437159 2 7
8 11 6 2 10 9 1 
11 8 6 2 10 9 1 

3907 16643206728784188922 4 7
8 11 6 10 9 1 0 
8 11 10 6 9 1 0 
11 8 6 10 9 1 0 
11 8 10 6 9 1 0 

3928 6107286094536191403 1 7
8 6 9 4 11 10 3 

3916 5185459870373824519 2 7
8 11 6 9 3 10 2 
11 8 6 9 3 10 2 

3913 434852183137575719 2 7
8 11 6 3 10 9 0 
11 8 6 3 10 9 0 

3924 15584046360127305508 1 7
8 6 9 4 11 10 2 

3921 5270693530617727778 2 7
6 10 8 4 11 9 0 
10 6 8 4 11 9 0 

3909 15618419606052175415 2 7
8 11 6 2 10 9 0 
11 8 6 2 10 9 0 

4002 17377911886571965992 2 7
7 10 8 9 1 11 5 
10 7 8 9 1 11 5 

4008 1785008291827893730 2 7
8 9 7 3 10 11 5 
9 8 7 3 10 11 5 

4016 11211142628699314889 4 7
7 10 8 9 4 11 5 
7 10 9 8 4 11 5 
10 7 8 9 4 11 5 
10 7 9 8 4 11 5 

4001 4926054492669764253 2 7
7 10 8 9 0 11 5 
10 7 8 9 0 11 5 

4004 10729463783026697594 2 7
8 9 7 2 10 11 5 
9 8 7 2 10 11 5 

3986 6010826306470645346 2 7
7 10 8 9 1 4 11 
10 7 8 9 1 4 11 

3978 15727869424738240024 1 7
8 7 11 9 1 3 10 

3992 18295253852311542308 2 7
8 9 7 10 3 4 11 
9 8 7 10 3 4 11 

3971 4311675899051966180 2 7
7 10 8 11 9 1 0 
10 7 8 11 9 1 0 

3980 14028163084987025626 2 7
8 9 7 11 3 10 2 
9 8 7 11 3 10 2 

3974 8196020535824572161 1 7
8 7 11 9 1 2 10 

3988 577132447819547392 2 7
8 9 7 10 2 4 11 
9 8 7 10 2 4 11 

3985 14390349296652954674 2 7
7 10 8 9 0 4 11 
10 7 8 9 0 4 11 

1525 755083878850558793 1 8
6 8 0 7 10 2 4 5 

3882 5918389704787597683 4 7
3 10 8 9 1 11 5 
3 10 8 11 5 9 1 
10 3 8 9 1 11 5 
10 3 8 11 5 9 1 

3977 3082407050546497839 1 7
8 7 11 9 0 3 10 

3973 1077275896079243805 1 7
8 7 11 9 0 2 10 

3896 14269299532368417817 4 7
8 9 3 10 11 5 4 
8 9 10 3 11 5 4 
9 8 3 10 11 5 4 
9 8 10 3 11 5 4 

1527 16728141644761010012 2 9
7 6 8 10 2 4 5 1 0 
7 8 6 4 5 10 2 0 1 

3884 15767921081404410100 4 7
8 9 11 5 3 10 2 
8 9 11 5 10 3 2 
9 8 11 5 10 3 2 
9 8 11 5 3 10 2 

1511 5592699983081397681 1 8
7 8 5 6 2 10 0 1 

3868 18445302082716166011 4 7
8 9 11 4 3 10 2 
8 9 11 4 10 3 2 
9 8 11 4 10 3 2 
9 8 11 4 3 10 2 

1467 7229199793943319918 1 8
7 8 10 3 1 0 4 5 

3824 1930446148823177208 2 7
6 9 7 10 4 11 5 
9 6 7 10 4 11 5 

1455 8879363773444924347 2 8
8 7 5 1 0 3 10 2 
8 7 5 1 0 10 3 2 

3812 905387525296206488 2 7
6 9 7 11 5 2 10 
9 6 7 11 5 2 10 

3809 16212844484625379644 1 7
6 7 10 9 0 11 5 

3432 8249765716642842792 2 6
6 8 3 10 11 5 
8 6 3 10 11 5 

3404 15029895796504613852 6 6
6 8 11 3 10 2 
6 11 8 3 10 2 
8 6 11 3 10 2 
8 11 6 3 10 2 
11 6 8 3 10 2 
11 8 6 3 10 2 

3410 6258584229875103690 2 6
6 10 8 1 4 11 
10 6 8 1 4 11 

3395 14307612854375006540 4 6
8 11 6 10 0 1 
8 11 10 6 0 1 
11 8 6 10 0 1 
11 8 10 6 0 1 

2286 922567959627868429 2 7
1 6 7 5 11 3 2 
6 1 7 5 11 3 2 

3416 13260926602175801486 2 6
6 8 10 3 4 11 
8 6 10 3 4 11 

3409 6665089276810379666 2 6
6 10 8 0 4 11 
10 6 8 0 4 11 

3548 17635456482426857964 2 8
6 8 7 4 11 10 3 2 
8 6 7 4 11 10 3 2 

1191 10787235750644883003 4 6
5 7 0 1 2 10 
5 7 1 0 2 10 
7 5 1 0 2 10 
7 5 0 1 2 10 

3412 14905024806543904698 2 6
6 8 4 11 10 2 
8 6 4 11 10 2 

3466 5497877889502896027 2 6
1 8 7 11 3 10 
8 1 7 11 3 10 

1013 10521878049154111437 1 8
6 7 2 8 9 0 4 5 

3370 14204132892486191470 4 6
1 8 3 10 5 11 
1 8 10 3 5 11 
8 1 3 10 5 11 
8 1 10 3 5 11 

2261 7793698474169151636 2 6
0 6 7 2 11 4 
6 0 7 2 11 4 

2245 15476917387195100497 4 5
0 6 7 11 2 
0 6 11 7 2 
6 0 7 11 2 
6 0 11 7 2 

2173 15888003921000009814 2 7
0 6 2 3 11 5 4 
6 0 2 3 11 5 4 

2165 7989226640046038767 6 6
0 2 6 11 5 4 
0 6 2 11 5 4 
2 0 6 11 5 4 
2 6 0 11 5 4 
6 2 0 11 5 4 
6 0 2 11 5 4 

3177 10738006680053503446 8 6
0 6 5 11 10 3 
0 6 5 11 3 10 
0 6 11 5 10 3 
0 6 11 5 3 10 
6 0 5 11 10 3 
6 0 5 11 3 10 
6 0 11 5 10 3 
6 0 11 5 3 10 

3178 10738006680053503446 8 6
1 6 5 11 10 3 
1 6 5 11 3 10 
1 6 11 5 10 3 
1 6 11 5 3 10 
6 1 5 11 10 3 
6 1 5 11 3 10 
6 1 11 5 10 3 
6 1 11 5 3 10 

3171 9514362198193264447 8 6
6 10 5 11 1 0 
6 10 5 11 0 1 
6 10 11 5 1 0 
6 10 11 5 0 1 
10 6 5 11 0 1 
10 6 5 11 1 0 
10 6 11 5 0 1 
10 6 11 5 1 0 

3310 1142689085989058397 2 8
1 6 7 5 11 3 10 2 
6 1 7 5 11 3 10 2 

953 6097040236179777565 2 7
3 7 8 9 0 4 5 
7 3 8 9 0 4 5 

3173 5198975452520095128 4 6
0 6 5 11 2 10 
0 6 11 5 2 10 
6 0 5 11 2 10 
6 0 11 5 2 10 

3162 17070227595028994597 8 6
1 6 4 11 10 3 
1 6 4 11 3 10 
1 6 11 4 10 3 
1 6 11 4 3 10 
6 1 4 11 10 3 
6 1 4 11 3 10 
6 1 11 4 10 3 
6 1 11 4 3 10 

3155 14415918272308801893 8 6
6 10 4 11 1 0 
6 10 4 11 0 1 
6 10 11 4 1 0 
6 10 11 4 0 1 
10 6 4 11 0 1 
10 6 4 11 1 0 
10 6 11 4 0 1 
10 6 11 4 1 0 

3294 17303626986652629636 2 8
1 6 7 4 11 10 3 2 
6 1 7 4 11 10 3 2 

937 6963252772868931201 2 6
3 7 8 5 9 0 
7 3 8 5 9 0 

3161 17070227595028994597 8 6
0 6 4 11 10 3 
0 6 4 11 3 10 
0 6 11 4 10 3 
0 6 11 4 3 10 
6 0 4 11 10 3 
6 0 4 11 3 10 
6 0 11 4 10 3 
6 0 11 4 3 10 

3157 10787235750644883003 4 6
0 6 4 11 2 10 
0 6 11 4 2 10 
6 0 4 11 2 10 
6 0 11 4 2 10 

939 1421330833246235467 2 7
3 7 8 5 1 9 0 
7 3 8 5 1 9 0 

1990 7953281151199303983 2 7
7 8 6 9 1 2 10 
8 7 6 9 1 2 10 

2968 16492263583432614486 4 6
8 9 7 3 11 4 
8 9 3 7 11 4 
9 8 7 3 11 4 
9 8 3 7 11 4 

750 1586531027176967849 2 7
5 7 6 9 1 2 3 
7 5 6 9 1 2 3 

2964 10588265395382326775 4 6
8 9 7 2 11 4 
8 9 2 7 11 4 
9 8 7 2 11 4 
9 8 2 7 11 4 

2785 10202983464163834692 2 6
6 7 11 5 9 0 
7 6 11 5 9 0 

2758 16393952571589386586 2 6
7 11 6 2 9 1 
11 7 6 2 9 1 

2755 13126385304507547003 6 6
6 7 11 9 1 0 
6 11 7 9 1 0 
7 6 11 9 1 0 
7 11 6 9 1 0 
11 6 7 9 1 0 
11 7 6 9 1 0 

2776 4019605236136680318 2 6
6 9 7 3 11 4 
9 6 7 3 11 4 

2761 15868926637339162246 2 6
7 11 6 3 9 0 
11 7 6 3 9 0 

2769 15703173376890797792 2 6
6 7 11 4 9 0 
7 6 11 4 9 0 

2757 11601766071055289918 2 6
7 11 6 2 9 0 
11 7 6 2 9 0 

2666 1943110729160799581 4 6
3 6 5 11 9 1 
3 6 11 5 9 1 
6 3 5 11 9 1 
6 3 11 5 9 1 

2668 8841205535592364760 4 6
6 9 5 11 2 3 
6 9 11 5 2 3 
9 6 5 11 2 3 
9 6 11 5 2 3 

3777 5437161282918105844 2 6
7 11 6 10 9 0 
11 7 6 10 9 0 

2665 5198975452520095128 4 6
3 6 5 11 9 0 
3 6 11 5 9 0 
6 3 5 11 9 0 
6 3 11 5 9 0 

2661 8841205535592364760 4 6
2 6 5 11 9 0 
2 6 11 5 9 0 
6 2 5 11 9 0 
6 2 11 5 9 0 

2652 17904701270138616053 4 6
6 9 4 11 2 3 
6 9 11 4 2 3 
9 6 4 11 2 3 
9 6 11 4 2 3 

2645 17904701270138616053 4 6
2 6 4 11 9 0 
2 6 11 4 9 0 
6 2 4 11 9 0 
6 2 11 4 9 0 

2726 1943110729160799581 4 6
2 7 1 9 5 11 
2 7 9 1 5 11 
7 2 1 9 5 11 
7 2 9 1 5 11 

508 7350137850154501283 4 7
6 8 7 5 4 2 3 
6 8 7 2 3 5 4 
8 6 7 5 4 2 3 
8 6 7 2 3 5 4 

2702 5198975452520095128 4 6
7 11 1 9 3 2 
7 11 9 1 3 2 
11 7 9 1 3 2 
11 7 1 9 3 2 

484 12090042794949843262 4 5
2 5 6 8 7 
2 5 8 6 7 
5 2 6 8 7 
5 2 8 6 7 

2699 7989226640046038767 6 6
3 7 11 1 9 0 
3 11 7 1 9 0 
7 3 11 1 9 0 
7 11 3 1 9 0 
11 3 7 1 9 0 
11 7 3 1 9 0 

2710 9514362198193264447 8 6
2 7 1 9 4 11 
2 7 1 9 11 4 
2 7 9 1 4 11 
2 7 9 1 11 4 
7 2 1 9 4 11 
7 2 1 9 11 4 
7 2 9 1 4 11 
7 2 9 1 11 4 

492 16874672746425353066 2 6
6 8 5 7 2 3 
8 6 5 7 2 3 

2506 15996805703364594649 2 6
3 11 1 7 6 8 
11 3 1 7 8 6 

3754 7873029748884661008 2 7
1 9 7 3 10 11 5 
9 1 7 3 10 11 5 

1397 3384646830532002064 1 7
6 8 0 10 2 4 5 

2514 18374469460899010481 4 6
6 7 1 8 4 11 
6 7 1 8 11 4 
7 6 1 8 4 11 
7 6 1 8 11 4 

2953 15904460268736403600 2 6
3 7 8 11 9 0 
7 3 8 11 9 0 

2412 10393412678404299735 4 6
6 8 5 11 3 2 
6 8 11 5 2 3 
8 6 5 11 3 2 
8 6 11 5 2 3 

3521 16981813599818203155 2 6
0 11 10 8 6 7 
11 0 10 8 7 6 

2424 2228600569029354724 6 6
3 6 8 11 5 4 
3 8 6 11 5 4 
6 3 8 11 5 4 
6 8 3 11 5 4 
8 6 3 11 5 4 
8 3 6 11 5 4 

2382 6963252772868931201 2 6
8 11 6 1 3 2 
11 8 6 1 3 2 

3491 630026219262310156 2 7
7 10 8 0 1 11 5 
10 7 8 0 1 11 5 

2396 11492665961789889718 2 6
6 8 11 4 3 2 
8 6 11 4 3 2 

3505 5183445798152255959 4 7
7 10 0 8 4 11 5 
7 10 8 0 4 11 5 
10 7 8 0 4 11 5 
10 7 0 8 4 11 5 

2381 4557347338322774328 2 6
8 11 6 0 2 3 
11 8 6 0 2 3 

3490 17462460691522219875 4 6
1 8 7 10 5 11 
1 8 10 7 5 11 
8 1 7 10 5 11 
8 1 10 7 5 11 

2458 11075476683215937276 4 6
3 7 1 8 11 4 
3 7 8 1 11 4 
7 3 1 8 11 4 
7 3 8 1 11 4 

2457 718765721817174227 4 6
0 8 7 3 11 4 
0 8 3 7 11 4 
8 0 7 3 11 4 
8 0 3 7 11 4 

239 535842279781282823 2 7
5 7 6 0 1 2 3 
7 5 6 0 1 2 3 

2980 8183634062310030619 4 6
8 9 7 2 11 5 
8 9 2 7 11 5 
9 8 7 2 11 5 
9 8 2 7 11 5 

2439 3838802720496618203 2 6
2 7 8 11 0 1 
7 2 8 11 0 1 

221 13737960649418383150 4 6
0 6 4 7 2 3 
0 6 7 4 2 3 
6 0 4 7 2 3 
6 0 7 4 2 3 

2453 16096743762065543775 4 6
0 8 7 2 11 4 
0 8 2 7 11 4 
8 0 7 2 11 4 
8 0 2 7 11 4 

235 17679276914396844753 2 6
5 7 6 3 1 0 
7 5 6 3 1 0 

2290 15612481330062267070 6 6
1 6 7 11 5 4 
1 7 6 11 5 4 
6 1 7 11 5 4 
6 7 1 11 5 4 
7 6 1 11 5 4 
7 1 6 11 5 4 

3399 17675216413686652849 2 7
8 11 6 2 10 0 1 
11 8 6 2 10 0 1 

2282 7878346581168650013 2 6
1 6 7 3 11 5 
6 1 7 3 11 5 

2275 8517103059756136316 2 6
6 7 11 5 0 1 
7 6 11 5 0 1 

2278 4944312786283715841 2 6
1 6 7 2 5 11 
6 1 7 2 5 11 

443 8312182314777364329 2 7
3 7 8 1 0 5 4 
7 3 8 1 0 5 4 

2800 2095523973611833077 6 6
6 7 9 11 5 4 
6 9 7 11 5 4 
7 6 9 11 5 4 
7 9 6 11 5 4 
9 6 7 11 5 4 
9 7 6 11 5 4 

4048 9828959290138864752 1 7
6 10 7 9 8 4 11 

1691 15994515134404030767 2 7
4 7 10 3 1 9 0 
7 4 10 3 1 9 0 

2259 3489268146255365452 4 6
6 7 0 1 11 4 
6 7 11 4 0 1 
7 6 0 1 11 4 
7 6 11 4 0 1 

2266 5812757458389724994 2 6
1 6 7 3 11 4 
6 1 7 3 11 4 

2254 13737960649418383150 4 6
7 11 6 1 3 2 
7 11 1 6 3 2 
11 7 6 1 3 2 
11 7 1 6 3 2 

2792 16814541406987443072 2 6
6 9 7 3 11 5 
9 6 7 3 11 5 

4040 15955161728320659385 2 7
8 9 6 11 7 3 10 
8 11 7 9 6 3 10 

1683 5870755020306018595 6 6
4 7 10 1 9 0 
4 10 7 1 9 0 
7 4 10 1 9 0 
7 10 4 1 9 0 
10 4 7 1 9 0 
10 7 4 1 9 0 

2251 7793698474169151636 2 6
7 11 6 3 0 1 
11 7 6 3 0 1 

2262 18374469460899010481 4 6
1 6 7 2 4 11 
1 6 7 2 11 4 
6 1 7 2 4 11 
6 1 7 2 11 4 

1014 1102492971143651219 1 8
6 7 2 8 9 1 5 4 

3371 18212280900649707863 2 7
3 10 8 11 5 0 1 
10 3 8 11 5 0 1 

2265 18012025924402869447 2 6
0 6 7 3 11 4 
6 0 7 3 11 4 

1017 2152997787890948195 1 8
6 7 3 8 9 0 4 5 

3374 5197273007788550468 4 7
1 8 5 11 10 3 2 
1 8 5 11 3 10 2 
8 1 5 11 10 3 2 
8 1 5 11 3 10 2 

2155 9514362198193264447 8 6
3 6 5 11 1 0 
3 6 5 11 0 1 
3 6 11 5 1 0 
3 6 11 5 0 1 
6 3 5 11 0 1 
6 3 5 11 1 0 
6 3 11 5 0 1 
6 3 11 5 1 0 

2151 17850062248467779349 4 6
2 6 5 11 0 1 
2 6 11 5 0 1 
6 2 5 11 0 1 
6 2 11 5 0 1 

2680 7989226640046038767 6 6
3 6 9 11 5 4 
3 9 6 11 5 4 
6 3 9 11 5 4 
6 9 3 11 5 4 
9 6 3 11 5 4 
9 3 6 11 5 4 

2139 14415918272308801893 8 6
3 6 4 11 1 0 
3 6 4 11 0 1 
3 6 11 4 1 0 
3 6 11 4 0 1 
6 3 4 11 0 1 
6 3 4 11 1 0 
6 3 11 4 0 1 
6 3 11 4 1 0 

2676 16619861267869245142 6 6
2 6 9 11 5 4 
2 9 6 11 5 4 
6 2 9 11 5 4 
6 9 2 11 5 4 
9 6 2 11 5 4 
9 2 6 11 5 4 

3785 2312294204247037306 2 7
7 11 6 9 0 3 10 
11 7 6 9 0 3 10 

2135 10387641476482099336 4 6
2 6 4 11 0 1 
2 6 11 4 0 1 
6 2 4 11 0 1 
6 2 11 4 0 1 

2203 10387641476482099336 4 6
3 7 0 1 11 4 
3 7 1 0 11 4 
7 3 1 0 11 4 
7 3 0 1 11 4 

2141 10787235750644883003 4 6
0 6 4 11 2 3 
0 6 11 4 2 3 
6 0 4 11 2 3 
6 0 11 4 2 3 

2191 10787235750644883003 4 6
7 11 0 1 3 2 
7 11 1 0 3 2 
11 7 1 0 3 2 
11 7 0 1 3 2 

2199 14415918272308801893 8 6
2 7 0 1 4 11 
2 7 0 1 11 4 
2 7 1 0 4 11 
2 7 1 0 11 4 
7 2 1 0 4 11 
7 2 1 0 11 4 
7 2 0 1 4 11 
7 2 0 1 11 4 

1890 17462460691522219875 4 6
5 8 6 10 1 9 
5 8 10 6 1 9 
8 5 6 10 1 9 
8 5 10 6 1 9 

1892 4535733569566386411 2 6
5 8 6 9 2 10 
8 5 6 9 2 10 

2956 10422544046266212547 2 6
8 9 7 11 2 3 
9 8 7 11 2 3 

738 2439390951950820807 6 5
5 6 7 1 9 
5 7 6 1 9 
6 5 7 1 9 
6 7 5 1 9 
7 5 6 1 9 
7 6 5 1 9 

1874 15903165104035990016 4 6
4 8 6 10 9 1 
4 8 10 6 9 1 
8 4 6 10 9 1 
8 4 10 6 9 1 

1880 4572650044141556278 2 6
4 8 6 9 10 3 
8 4 6 9 10 3 

1876 10543849743244763310 2 6
4 8 6 9 10 2 
8 4 6 9 10 2 

2985 14635842554621917776 2 7
3 7 8 9 0 11 5 
7 3 8 9 0 11 5 

3012 14104100474960560357 1 6
9 11 2 8 6 7 

1930 8249765716642842792 2 6
7 8 3 10 9 1 
8 7 3 10 9 1 

1944 3823726628412966374 2 6
8 9 7 4 10 3 
9 8 7 4 10 3 

2473 15596753181347747476 4 6
0 8 7 3 11 5 
0 8 3 7 11 5 
8 0 7 3 11 5 
8 0 3 7 11 5 

1364 11302004251299100924 6 5
4 6 8 10 2 
4 8 6 10 2 
6 4 8 10 2 
6 8 4 10 2 
8 4 6 10 2 
8 6 4 10 2 

1932 13049199348024169193 6 6
7 8 9 3 10 2 
7 9 8 3 10 2 
8 7 9 3 10 2 
8 9 7 3 10 2 
9 7 8 3 10 2 
9 8 7 3 10 2 

3041 10570036309266913372 2 7
6 7 8 11 5 9 0 
7 6 8 11 5 9 0 

2900 1879738923667890696 2 6
2 6 8 9 11 4 
6 2 8 9 11 4 

1818 14204132892486191470 4 6
4 8 3 10 9 1 
4 8 10 3 9 1 
8 4 3 10 9 1 
8 4 10 3 9 1 

3440 8339302439342178089 6 6
6 8 10 4 11 5 
6 10 8 4 11 5 
8 6 10 4 11 5 
8 10 6 4 11 5 
10 6 8 4 11 5 
10 8 6 4 11 5 

1817 7602961263634699777 4 6
4 8 3 10 9 0 
4 8 10 3 9 0 
8 4 3 10 9 0 
8 4 10 3 9 0 

1762 12148035905133148358 2 6
5 7 6 10 1 9 
7 5 6 10 1 9 

1752 4235891253577107947 4 6
4 7 6 9 10 3 
4 7 9 6 10 3 
7 4 6 9 10 3 
7 4 9 6 10 3 

3970 2311648592394580664 2 6
7 10 8 11 9 1 
10 7 8 11 9 1 

1764 2324108108806857935 4 6
6 9 7 5 2 10 
6 9 5 7 2 10 
9 6 5 7 2 10 
9 6 7 5 2 10 

1746 1698543010068961814 2 6
4 7 6 10 9 1 
7 4 6 10 9 1 

2289 9140668311032533749 6 6
0 6 7 11 5 4 
0 7 6 11 5 4 
6 0 7 11 5 4 
6 7 0 11 5 4 
7 6 0 11 5 4 
7 0 6 11 5 4 

1748 1009735554033352740 4 6
4 7 6 9 10 2 
4 7 9 6 10 2 
7 4 6 9 10 2 
7 4 9 6 10 2 

2247 18012025924402869447 2 6
7 11 6 2 0 1 
11 7 6 2 0 1 

1706 10738006680053503446 8 6
5 7 1 9 3 10 
5 7 1 9 10 3 
5 7 9 1 3 10 
5 7 9 1 10 3 
7 5 1 9 3 10 
7 5 1 9 10 3 
7 5 9 1 3 10 
7 5 9 1 10 3 

1745 6488967354065700797 2 6
4 7 6 10 9 0 
7 4 6 10 9 0 

1690 6447365420494700725 4 6
4 7 1 9 10 3 
4 7 9 1 10 3 
7 4 1 9 10 3 
7 4 9 1 10 3 

3908 17155203067147558253 2 6
8 11 6 9 2 10 
11 8 6 9 2 10 

1482 17315860384008231564 4 6
7 8 1 6 3 10 
7 8 1 6 10 3 
8 7 1 6 3 10 
8 7 1 6 10 3 

2730 1943110729160799581 4 6
3 7 1 9 11 5 
3 7 9 1 11 5 
7 3 1 9 11 5 
7 3 9 1 11 5 

373 14410549859363100494 2 6
2 6 8 0 5 4 
6 2 8 0 5 4 

1343 15464999488810092103 2 8
8 1 0 5 4 3 10 2 
8 1 0 5 4 10 3 2 

3700 14385946801267974980 2 7
6 9 2 10 11 5 4 
9 6 2 10 11 5 4 

1490 6347953279825038236 2 6
4 10 1 7 8 6 
10 4 1 7 6 8 

381 9450442772378887173 1 7
6 8 0 2 3 5 4 

3853 10084872758528186294 4 7
8 11 9 0 3 10 2 
8 11 9 0 10 3 2 
11 8 9 0 3 10 2 
11 8 9 0 10 3 2 

1496 10905519841906693576 2 6
6 8 4 7 10 3 
8 6 4 7 10 3 

3009 6566107139936537368 2 6
6 7 11 8 9 0 
7 6 11 8 9 0 

1900 16698977429787975935 2 7
5 8 6 9 3 10 2 
8 5 6 9 3 10 2 

3743 306546873514645742 1 9
7 4 11 1 9 0 10 3 2 

1386 15417799784667170197 4 6
5 8 6 1 3 10 
5 8 6 1 10 3 
8 5 6 1 3 10 
8 5 6 1 10 3 

1923 14720097536522727411 6 6
7 8 10 1 9 0 
7 10 8 1 9 0 
8 7 10 1 9 0 
8 10 7 1 9 0 
10 7 8 1 9 0 
10 8 7 1 9 0 

3032 14827820267833960264 1 7
6 9 8 3 7 11 4 

3739 10786873733929951975 1 8
7 10 3 4 11 1 9 0 

1382 14410549859363100494 2 6
5 8 6 1 2 10 
8 5 6 1 2 10 

1379 11075476683215937276 4 6
5 8 6 10 1 0 
5 8 10 6 1 0 
8 5 6 10 1 0 
8 5 10 6 1 0 

2443 15529766422112482471 2 6
3 7 8 11 0 1 
7 3 8 11 0 1 

2470 9722979461760547237 8 6
1 8 7 2 5 11 
1 8 2 7 5 11 
2 7 1 8 5 11 
2 7 8 1 5 11 
7 2 1 8 5 11 
7 2 8 1 5 11 
8 1 7 2 5 11 
8 1 2 7 5 11 

1361 2861741810154362026 8 5
4 8 6 10 0 
4 8 10 6 0 
6 10 8 4 0 
6 10 4 8 0 
8 4 6 10 0 
8 4 10 6 0 
10 6 4 8 0 
10 6 8 4 0 

1929 13692217151224235135 2 6
7 8 3 10 9 0 
8 7 3 10 9 0 

1388 6310734505842386247 12 6
5 6 8 3 10 2 
5 6 8 10 3 2 
5 8 6 3 10 2 
5 8 6 10 3 2 
6 5 8 3 10 2 
6 5 8 10 3 2 
6 8 5 3 10 2 
6 8 5 10 3 2 
8 5 6 3 10 2 
8 5 6 10 3 2 
8 6 5 3 10 2 
8 6 5 10 3 2 

2497 852318033818440602 4 5
0 11 7 6 8 
0 11 6 7 8 
11 0 7 6 8 
11 0 6 7 8 

1400 3545547496121272558 2 6
6 8 10 3 4 5 
8 6 10 3 4 5 

2509 15031677358062197265 2 7
8 0 6 11 7 3 2 
8 11 7 0 6 2 3 

1937 10857992587164041770 2 6
7 10 8 4 9 0 
10 7 8 4 9 0 

1396 2310391231591801309 4 6
6 8 4 5 10 2 
6 8 10 2 4 5 
8 6 4 5 10 2 
8 6 10 2 4 5 

2505 2226890699318929390 1 6
11 0 3 8 7 6 

2445 4557347338322774328 2 6
0 8 7 11 3 2 
8 0 7 11 3 2 

227 12786866701162581528 6 5
5 6 7 1 0 
5 7 6 1 0 
6 5 7 1 0 
6 7 5 1 0 
7 5 6 1 0 
7 6 5 1 0 

3554 6194368251214808835 1 7
6 1 8 10 7 5 11 

1904 13548534589735896766 2 6
6 10 8 9 4 5 
10 6 8 9 4 5 

3013 18228818790947167420 1 7
7 11 8 2 6 9 0 

1363 13541940137333956203 16 6
4 8 6 10 1 0 
4 8 6 10 0 1 
4 8 10 6 1 0 
4 8 10 6 0 1 
6 10 4 8 0 1 
6 10 4 8 1 0 
6 10 8 4 0 1 
6 10 8 4 1 0 
8 4 6 10 0 1 
8 4 6 10 1 0 
8 4 10 6 0 1 
8 4 10 6 1 0 
10 6 4 8 1 0 
10 6 4 8 0 1 
10 6 8 4 1 0 
10 6 8 4 0 1 

254 6097040236179777565 2 7
1 6 7 5 4 2 3 
6 1 7 5 4 2 3 

3727 1287798588044803120 2 8
7 11 1 9 0 3 10 2 
11 7 1 9 0 3 10 2 

1370 16033815796773715149 2 6
4 8 6 1 10 3 
8 4 6 1 10 3 

2454 7836973853849896892 16 6
1 8 7 2 4 11 
1 8 7 2 11 4 
1 8 2 7 4 11 
1 8 2 7 11 4 
2 7 1 8 4 11 
2 7 1 8 11 4 
2 7 8 1 4 11 
2 7 8 1 11 4 
7 2 1 8 4 11 
7 2 1 8 11 4 
7 2 8 1 4 11 
7 2 8 1 11 4 
8 1 7 2 4 11 
8 1 7 2 11 4 
8 1 2 7 4 11 
8 1 2 7 11 4 

1372 10894231040213568072 6 6
4 6 8 10 3 2 
4 8 6 10 3 2 
6 4 8 10 3 2 
6 8 4 10 3 2 
8 4 6 10 3 2 
8 6 4 10 3 2 

2475 9358116327677419030 2 7
3 7 8 0 1 11 5 
7 3 8 0 1 11 5 

2478 15341510996264652095 2 7
1 8 7 3 2 5 11 
8 1 7 3 2 5 11 

3722 11071503321896162754 4 6
7 11 1 9 3 10 
7 11 9 1 3 10 
11 7 9 1 3 10 
11 7 1 9 3 10 

1365 13156156264668835770 2 6
4 8 6 0 10 2 
8 4 6 0 10 2 

2474 7081347217010946621 8 6
1 8 7 3 11 5 
1 8 3 7 11 5 
3 7 1 8 5 11 
3 7 8 1 5 11 
7 3 1 8 5 11 
7 3 8 1 5 11 
8 1 7 3 11 5 
8 1 3 7 11 5 

2501 2226890699318929390 1 6
0 11 2 8 6 7 

1392 11302004251299100924 6 5
6 8 10 4 5 
6 10 8 4 5 
8 6 10 4 5 
8 10 6 4 5 
10 6 8 4 5 
10 8 6 4 5 

1960 11743603514734986977 2 6
8 9 7 5 3 10 
9 8 7 5 3 10 

2516 18374469460899010481 4 6
6 8 2 7 4 11 
6 8 2 7 11 4 
8 6 2 7 4 11 
8 6 2 7 11 4 

3791 12308466529083803009 2 9
7 11 6 9 1 0 3 10 2 
11 7 6 9 1 0 3 10 2 

1434 6757686681553528572 2 6
1 8 7 4 10 3 
8 1 7 4 10 3 

1968 17761795275642010612 4 6
7 10 8 9 4 5 
7 10 9 8 4 5 
10 7 8 9 4 5 
10 7 9 8 4 5 

859 16053474203727244198 8 7
3 6 4 8 1 9 0 
3 6 8 4 1 9 0 
4 8 3 6 1 9 0 
4 8 6 3 1 9 0 
6 3 4 8 1 9 0 
6 3 8 4 1 9 0 
8 4 3 6 1 9 0 
8 4 6 3 1 9 0 

2536 4944312786283715841 2 6
6 8 3 7 11 5 
8 6 3 7 11 5 

3787 4758470727233893532 2 8
7 11 6 3 10 9 1 0 
11 7 6 3 10 9 1 0 

1430 9353875341182988060 2 6
1 8 7 4 10 2 
8 1 7 4 10 2 

2530 4944312786283715841 2 6
6 7 1 8 5 11 
7 6 1 8 5 11 

3790 8707788083547988994 2 8
7 11 6 9 1 3 10 2 
11 7 6 9 1 3 10 2 

1433 6757686681553528572 2 6
0 8 7 4 10 3 
8 0 7 4 10 3 

2420 15612481330062267070 6 6
2 6 8 11 5 4 
2 8 6 11 5 4 
6 2 8 11 5 4 
6 8 2 11 5 4 
8 6 2 11 5 4 
8 2 6 11 5 4 

3529 17656601491564182668 1 7
8 11 7 0 6 3 10 

3695 9611666650887109624 2 9
5 11 6 3 10 2 9 1 0 
11 5 6 3 10 2 9 1 0 

1338 7602961263634699777 4 6
1 8 3 10 5 4 
1 8 10 3 5 4 
8 1 3 10 5 4 
8 1 10 3 5 4 

229 380262724330119809 8 5
0 6 5 7 2 
0 6 7 5 2 
5 7 0 6 2 
5 7 6 0 2 
6 0 5 7 2 
6 0 7 5 2 
7 5 6 0 2 
7 5 0 6 2 

2447 17367651120325301066 1 7
8 7 11 0 1 3 2 

3615 2024733197291998486 4 8
4 11 3 10 2 1 9 0 
4 11 10 3 2 1 9 0 
11 4 3 10 2 1 9 0 
11 4 10 3 2 1 9 0 

1258 512617627657517270 16 6
1 6 5 7 3 10 
1 6 5 7 10 3 
1 6 7 5 3 10 
1 6 7 5 10 3 
5 7 1 6 3 10 
5 7 1 6 10 3 
5 7 6 1 3 10 
5 7 6 1 10 3 
6 1 5 7 3 10 
6 1 5 7 10 3 
6 1 7 5 3 10 
6 1 7 5 10 3 
7 5 6 1 3 10 
7 5 6 1 10 3 
7 5 1 6 3 10 
7 5 1 6 10 3 

2405 3895734981893710113 2 6
2 6 8 0 11 5 
6 2 8 0 11 5 

1323 10799305399759953523 4 6
5 8 3 10 1 0 
5 8 10 3 1 0 
8 5 3 10 1 0 
8 5 10 3 1 0 

2389 15529766422112482471 2 6
2 6 8 0 11 4 
6 2 8 0 11 4 

3498 14592911419055538838 2 7
1 8 7 3 10 11 5 
8 1 7 3 10 11 5 

1848 7602961263634699777 4 6
8 9 3 10 4 5 
8 9 10 3 4 5 
9 8 3 10 4 5 
9 8 10 3 4 5 

739 2228600569029354724 6 6
5 6 7 1 9 0 
5 7 6 1 9 0 
6 5 7 1 9 0 
6 7 5 1 9 0 
7 5 6 1 9 0 
7 6 5 1 9 0 

2957 2137770659594285698 1 7
8 7 11 9 0 2 3 

1307 14763667964014860493 8 6
4 8 3 10 1 0 
4 8 3 10 0 1 
4 8 10 3 1 0 
4 8 10 3 0 1 
8 4 3 10 0 1 
8 4 3 10 1 0 
8 4 10 3 0 1 
8 4 10 3 1 0 

3525 8826932371991207748 1 7
8 0 6 11 7 2 10 

1251 17679276914396844753 2 6
5 7 6 10 1 0 
7 5 6 10 1 0 

3469 5750412335483864104 2 7
0 8 7 11 3 10 2 
8 0 7 11 3 10 2 

3610 1324319414895847602 8 6
3 10 9 1 4 11 
3 10 9 1 11 4 
3 10 1 9 4 11 
3 10 1 9 11 4 
10 3 9 1 4 11 
10 3 9 1 11 4 
10 3 1 9 4 11 
10 3 1 9 11 4 

1253 5558598568000744194 8 6
0 6 5 7 2 10 
0 6 7 5 2 10 
5 7 0 6 2 10 
5 7 6 0 2 10 
6 0 5 7 2 10 
6 0 7 5 2 10 
7 5 6 0 2 10 
7 5 0 6 2 10 

2660 9427258437046237397 12 5
2 6 9 5 11 
2 6 9 11 5 
2 9 6 5 11 
2 9 6 11 5 
6 2 9 5 11 
6 2 9 11 5 
6 9 2 5 11 
6 9 2 11 5 
9 6 2 5 11 
9 6 2 11 5 
9 2 6 5 11 
9 2 6 11 5 

2799 9400420420809202072 1 9
7 11 5 6 2 3 9 1 0 

442 13737960649418383150 4 6
1 8 7 3 5 4 
1 8 3 7 5 4 
8 1 7 3 5 4 
8 1 3 7 5 4 

3010 801914503078840576 2 6
6 7 11 8 9 1 
7 6 11 8 9 1 

2469 561839936952577197 4 6
0 8 7 2 11 5 
0 8 2 7 11 5 
8 0 7 2 11 5 
8 0 2 7 11 5 

1360 9787307155083580879 24 4
4 6 8 10 
4 6 10 8 
4 8 6 10 
4 8 10 6 
4 10 8 6 
4 10 6 8 
6 4 8 10 
6 4 10 8 
6 8 4 10 
6 8 10 4 
6 10 8 4 
6 10 4 8 
8 6 4 10 
8 6 10 4 
8 4 6 10 
8 4 10 6 
8 10 4 6 
8 10 6 4 
10 6 8 4 
10 6 4 8 
10 8 6 4 
10 8 4 6 
10 4 8 6 
10 4 6 8 

251 15466700752827916144 1 7
7 6 3 5 4 1 0 

1928 6846801058473162957 6 5
7 8 9 3 10 
7 9 8 3 10 
8 7 9 3 10 
8 9 7 3 10 
9 7 8 3 10 
9 8 7 3 10 

1816 13477517142961789684 12 5
4 8 9 3 10 
4 8 9 10 3 
4 9 8 3 10 
4 9 8 10 3 
8 4 9 3 10 
8 4 9 10 3 
8 9 4 3 10 
8 9 4 10 3 
9 4 8 3 10 
9 4 8 10 3 
9 8 4 3 10 
9 8 4 10 3 

1925 10690155726543745444 2 6
7 8 2 10 9 0 
8 7 2 10 9 0 

1384 14855508813864581283 12 5
5 6 8 3 10 
5 6 8 10 3 
5 8 6 3 10 
5 8 6 10 3 
6 5 8 3 10 
6 5 8 10 3 
6 8 5 3 10 
6 8 5 10 3 
8 5 6 3 10 
8 5 6 10 3 
8 6 5 3 10 
8 6 5 10 3 

2520 13008496260309061241 2 6
6 8 3 7 11 4 
8 6 3 7 11 4 

1411 9620469701157494860 12 5
7 8 10 1 0 
7 8 10 0 1 
7 10 8 0 1 
7 10 8 1 0 
8 7 10 0 1 
8 7 10 1 0 
8 10 7 0 1 
8 10 7 1 0 
10 7 8 1 0 
10 7 8 0 1 
10 8 7 1 0 
10 8 7 0 1 

356 16493867128980194667 24 4
2 5 6 8 
2 5 8 6 
2 6 5 8 
2 6 8 5 
2 8 6 5 
2 8 5 6 
5 2 6 8 
5 2 8 6 
5 6 2 8 
5 6 8 2 
5 8 6 2 
5 8 2 6 
6 5 2 8 
6 5 8 2 
6 2 5 8 
6 2 8 5 
6 8 2 5 
6 8 5 2 
8 5 6 2 
8 5 2 6 
8 6 5 2 
8 6 2 5 
8 2 6 5 
8 2 5 6 

3822 12299943483483836850 1 9
6 9 1 7 11 5 3 10 2 

1465 2290135346632324090 2 7
0 8 7 10 3 4 5 
8 0 7 10 3 4 5 

2949 4188430497340847762 2 6
2 7 8 11 9 0 
7 2 8 11 9 0 

731 6240505942365427595 2 7
4 7 6 3 1 9 0 
7 4 6 3 1 9 0 

3683 4793416431189029189 4 7
6 10 5 11 1 9 0 
6 10 11 5 1 9 0 
10 6 5 11 1 9 0 
10 6 11 5 1 9 0 

1326 1059225907803239905 12 6
1 5 8 3 10 2 
1 5 8 10 3 2 
1 8 5 3 10 2 
1 8 5 10 3 2 
5 1 8 3 10 2 
5 1 8 10 3 2 
5 8 1 3 10 2 
5 8 1 10 3 2 
8 5 1 3 10 2 
8 5 1 10 3 2 
8 1 5 3 10 2 
8 1 5 10 3 2 

3544 6896042774628661332 2 7
6 8 7 10 3 4 11 
8 6 7 10 3 4 11 

2408 2439390951950820807 6 5
3 6 8 11 5 
3 8 6 11 5 
6 3 8 11 5 
6 8 3 11 5 
8 6 3 11 5 
8 3 6 11 5 

1380 188164556680662115 6 5
5 6 8 2 10 
5 8 6 2 10 
6 5 8 2 10 
6 8 5 2 10 
8 5 6 2 10 
8 6 5 2 10 

2489 9993489146711439158 4 7
0 8 7 3 11 5 4 
0 8 3 7 11 5 4 
8 0 7 3 11 5 4 
8 0 3 7 11 5 4 

972 9888572650096077306 2 6
7 8 9 6 2 3 
8 7 9 6 2 3 

1368 10767281308098463204 6 5
4 6 8 10 3 
4 8 6 10 3 
6 4 8 10 3 
6 8 4 10 3 
8 4 6 10 3 
8 6 4 10 3 

2477 11771948830407245911 2 7
0 8 7 2 3 11 5 
8 0 7 2 3 11 5 

3424 6659168973061564559 12 5
6 8 10 5 11 
6 8 10 11 5 
6 10 8 5 11 
6 10 8 11 5 
8 6 10 5 11 
8 6 10 11 5 
8 10 6 5 11 
8 10 6 11 5 
10 6 8 5 11 
10 6 8 11 5 
10 8 6 5 11 
10 8 6 11 5 

2378 9002550714980698801 8 5
3 6 8 11 1 
3 6 11 8 1 
6 3 8 11 1 
6 3 11 8 1 
8 11 6 3 1 
8 11 3 6 1 
11 8 6 3 1 
11 8 3 6 1 

1362 2861741810154362026 8 5
4 8 6 10 1 
4 8 10 6 1 
6 10 8 4 1 
6 10 4 8 1 
8 4 6 10 1 
8 4 10 6 1 
10 6 4 8 1 
10 6 8 4 1 

253 2775835214424565932 2 7
0 6 7 5 4 2 3 
6 0 7 5 4 2 3 

2471 15702977745798141086 2 7
2 7 8 0 1 11 5 
7 2 8 0 1 11 5 

2133 3789797395801390717 12 5
0 2 6 4 11 
0 2 6 11 4 
0 6 2 4 11 
0 6 2 11 4 
2 0 6 4 11 
2 0 6 11 4 
2 6 0 4 11 
2 6 0 11 4 
6 2 0 4 11 
6 2 0 11 4 
6 0 2 4 11 
6 0 2 11 4 

1418 14855508813864581283 12 5
1 7 8 3 10 
1 7 8 10 3 
1 8 7 3 10 
1 8 7 10 3 
7 1 8 3 10 
7 1 8 10 3 
7 8 1 3 10 
7 8 1 10 3 
8 7 1 3 10 
8 7 1 10 3 
8 1 7 3 10 
8 1 7 10 3 

2508 16874672746425353066 2 6
6 8 11 7 3 2 
8 6 11 7 3 2 

3783 473539891651121296 2 8
7 11 6 2 10 9 1 0 
11 7 6 2 10 9 1 0 

1426 11611267597302225005 4 5
7 10 1 8 4 
7 10 8 1 4 
10 7 8 1 4 
10 7 1 8 4 

3855 7069150185264809900 4 8
8 11 3 10 2 9 1 0 
8 11 10 3 2 9 1 0 
11 8 3 10 2 9 1 0 
11 8 10 3 2 9 1 0 

1498 12977037398129266027 1 7
8 4 7 1 6 10 3 

2441 17692198270054453466 4 5
0 8 7 3 11 
0 8 3 7 11 
8 0 7 3 11 
8 0 3 7 11 

223 8312182314777364329 2 7
4 7 6 0 1 2 3 
7 4 6 0 1 2 3 

2157 5198975452520095128 4 6
0 6 5 11 2 3 
0 6 11 5 2 3 
6 0 5 11 2 3 
6 0 11 5 2 3 

3269 212852930581110316 4 6
0 6 7 11 2 10 
0 6 11 7 2 10 
6 0 7 11 2 10 
6 0 11 7 2 10 

2187 3789797395801390717 12 5
3 7 11 1 0 
3 7 11 0 1 
3 11 7 0 1 
3 11 7 1 0 
7 3 11 0 1 
7 3 11 1 0 
7 11 3 0 1 
7 11 3 1 0 
11 3 7 1 0 
11 3 7 0 1 
11 7 3 1 0 
11 7 3 0 1 

2552 1912653166523298938 2 7
6 8 3 7 11 5 4 
8 6 3 7 11 5 4 

3259 507923487420336458 2 8
0 1 7 10 3 4 11 5 
1 0 7 10 3 4 11 5 

902 15669041373866470253 6 5
2 7 8 9 1 
2 8 7 9 1 
7 2 8 9 1 
7 8 2 9 1 
8 2 7 9 1 
8 7 2 9 1 

4039 8813939109467703924 1 9
7 8 11 6 2 10 9 1 0 

1682 3308141210650272104 12 5
4 7 10 9 1 
4 7 10 1 9 
4 10 7 9 1 
4 10 7 1 9 
7 4 10 9 1 
7 4 10 1 9 
7 10 4 9 1 
7 10 4 1 9 
10 4 7 9 1 
10 4 7 1 9 
10 7 4 9 1 
10 7 4 1 9 

2253 2858476723564263007 8 6
0 6 7 11 3 2 
0 6 11 7 3 2 
6 0 7 11 3 2 
6 0 11 7 3 2 
7 11 6 0 2 3 
7 11 0 6 2 3 
11 7 6 0 2 3 
11 7 0 6 2 3 

2531 3103159182732797414 2 7
6 7 8 11 5 0 1 
7 6 8 11 5 0 1 

2504 12090042794949843262 4 5
3 11 8 6 7 
3 11 6 8 7 
11 3 8 6 7 
11 3 6 8 7 

1395 3925862371631316267 2 7
6 10 8 4 5 1 0 
10 6 8 4 5 1 0 

2250 10535858816521210636 4 5
7 11 6 1 3 
7 11 1 6 3 
11 7 6 1 3 
11 7 1 6 3 

1506 15996805703364594649 2 6
1 5 10 8 6 7 
5 1 10 8 7 6 

3322 17978105935610356923 2 8
1 6 7 10 3 4 11 5 
6 1 7 10 3 4 11 5 

965 9888572650096077306 2 6
7 8 2 6 9 0 
8 7 2 6 9 0 

1488 1733026199422813109 4 5
4 10 8 6 7 
4 10 6 8 7 
10 4 8 6 7 
10 4 6 8 7 

379 806181063518107653 2 7
3 6 8 5 4 1 0 
6 3 8 5 4 1 0 

2984 7390183592197780955 4 6
8 9 7 3 11 5 
8 9 3 7 11 5 
9 8 7 3 11 5 
9 8 3 7 11 5 

1875 2348053039785792893 4 7
4 8 6 10 1 9 0 
4 8 10 6 1 9 0 
8 4 6 10 1 9 0 
8 4 10 6 1 9 0 

1234 11611267597302225005 4 5
4 7 6 1 10 
4 7 1 6 10 
7 4 6 1 10 
7 4 1 6 10 

977 16874672746425353066 2 6
6 7 4 8 9 0 
7 6 4 8 9 0 

4043 17848809077166746235 1 9
7 8 11 6 3 10 9 1 0 

1686 4005143044215219554 4 6
4 7 1 9 10 2 
4 7 9 1 10 2 
7 4 1 9 10 2 
7 4 9 1 10 2 

3904 11324865545738181346 4 5
8 11 10 6 9 
8 11 6 10 9 
11 8 10 6 9 
11 8 6 10 9 

3326 409498694080977769 2 9
1 6 7 4 11 5 10 3 2 
6 1 7 4 11 5 10 3 2 

969 16874672746425353066 2 6
7 8 3 6 9 0 
8 7 3 6 9 0 

3187 3450408508677228257 4 7
6 10 0 1 11 5 4 
6 10 1 0 11 5 4 
10 6 1 0 11 5 4 
10 6 0 1 11 5 4 

2646 2193097090793837086 4 6
2 6 4 11 9 1 
2 6 11 4 9 1 
6 2 4 11 9 1 
6 2 11 4 9 1 

482 12090042794949843262 4 5
1 5 6 7 8 
1 5 7 6 8 
5 1 6 7 8 
5 1 7 6 8 

2812 8157248059952396518 2 8
6 9 7 2 3 11 5 4 
9 6 7 2 3 11 5 4 

455 13008496260309061241 2 6
7 8 2 6 0 1 
8 7 2 6 0 1 

3353 2697401929923771168 4 6
0 8 3 10 11 4 
0 8 10 3 11 4 
8 0 3 10 11 4 
8 0 10 3 11 4 

996 2226890699318929390 1 6
2 9 5 6 7 8 

1311 6585287174063132190 8 7
4 8 0 1 3 10 2 
4 8 0 1 10 3 2 
4 8 1 0 3 10 2 
4 8 1 0 10 3 2 
8 4 1 0 3 10 2 
8 4 1 0 10 3 2 
8 4 0 1 3 10 2 
8 4 0 1 10 3 2 

3668 16447086739172220811 4 6
6 9 4 11 2 10 
6 9 11 4 2 10 
9 6 4 11 2 10 
9 6 11 4 2 10 

1450 15417799784667170197 4 6
1 8 7 5 3 10 
1 8 7 5 10 3 
8 1 7 5 3 10 
8 1 7 5 10 3 

2698 5573958986186089707 12 5
3 7 11 9 1 
3 7 11 1 9 
3 11 7 9 1 
3 11 7 1 9 
7 3 11 9 1 
7 3 11 1 9 
7 11 3 9 1 
7 11 3 1 9 
11 3 7 9 1 
11 3 7 1 9 
11 7 3 9 1 
11 7 3 1 9 

341 10535858816521210636 4 5
2 6 4 8 0 
2 6 8 4 0 
6 2 4 8 0 
6 2 8 4 0 

2779 8177958035466443733 1 8
7 6 3 11 4 9 1 0 

422 380262724330119809 8 5
1 8 7 2 5 
1 8 2 7 5 
2 7 1 8 5 
2 7 8 1 5 
7 2 1 8 5 
7 2 8 1 5 
8 1 7 2 5 
8 1 2 7 5 

3036 9170982677577909193 1 8
8 6 9 7 11 4 2 3 

679 7989226640046038767 6 6
2 5 7 1 9 0 
2 7 5 1 9 0 
5 2 7 1 9 0 
5 7 2 1 9 0 
7 2 5 1 9 0 
7 5 2 1 9 0 

3834 18329569566471847987 1 9
6 9 1 7 10 3 4 11 5 

1477 16874672746425353066 2 6
7 8 0 6 2 10 
8 7 0 6 2 10 

3293 14361869490784029433 2 8
0 6 7 4 11 10 3 2 
6 0 7 4 11 10 3 2 

936 9002550714980698801 8 5
3 7 8 9 5 
3 7 9 8 5 
7 3 8 9 5 
7 3 9 8 5 
8 9 7 3 5 
8 9 3 7 5 
9 8 7 3 5 
9 8 3 7 5 

909 12744534377847124188 4 6
7 8 2 3 9 0 
7 8 9 0 2 3 
8 7 2 3 9 0 
8 7 9 0 2 3 

2018 6194368251214808835 1 7
7 5 8 10 6 1 9 

3803 4457758440651630910 1 9
7 4 11 6 10 3 9 1 0 

1446 16422845455431186346 2 6
1 8 7 5 2 10 
8 1 7 5 2 10 

364 188164556680662115 6 5
5 6 8 2 3 
5 8 6 2 3 
6 5 8 2 3 
6 8 5 2 3 
8 5 6 2 3 
8 6 5 2 3 

905 188164556680662115 6 5
3 7 8 9 0 
3 8 7 9 0 
7 3 8 9 0 
7 8 3 9 0 
8 3 7 9 0 
8 7 3 9 0 

3735 7569122434245203475 1 8
7 4 11 10 2 1 9 0 

1378 10535858816521210636 4 5
5 8 6 10 1 
5 8 10 6 1 
8 5 6 10 1 
8 5 10 6 1 

2149 5573958986186089707 12 5
0 2 6 5 11 
0 2 6 11 5 
0 6 2 5 11 
0 6 2 11 5 
2 0 6 5 11 
2 0 6 11 5 
2 6 0 5 11 
2 6 0 11 5 
6 2 0 5 11 
6 2 0 11 5 
6 0 2 5 11 
6 0 2 11 5 

903 7202249481153102887 6 6
2 7 8 9 1 0 
2 8 7 9 1 0 
7 2 8 9 1 0 
7 8 2 9 1 0 
8 2 7 9 1 0 
8 7 2 9 1 0 

2719 8046676860567365656 1 8
7 11 4 3 2 1 9 0 

362 10535858816521210636 4 5
5 8 6 3 1 
5 8 3 6 1 
8 5 3 6 1 
8 5 6 3 1 

3689 3896550301829604228 2 7
5 11 6 3 10 9 0 
11 5 6 3 10 9 0 

3040 801914503078840576 2 6
6 7 9 8 11 5 
7 6 9 8 11 5 

1931 12218624158150370574 2 7
7 8 3 10 1 9 0 
8 7 3 10 1 9 0 

2499 4122801265634653325 2 6
6 7 11 8 0 1 
7 6 11 8 0 1 

3774 14330650406808763012 2 9
1 9 7 10 3 2 4 11 5 
9 1 7 10 3 2 4 11 5 

1417 14855508813864581283 12 5
0 7 8 3 10 
0 7 8 10 3 
0 8 7 3 10 
0 8 7 10 3 
7 0 8 3 10 
7 0 8 10 3 
7 8 0 3 10 
7 8 0 10 3 
8 7 0 3 10 
8 7 0 10 3 
8 0 7 3 10 
8 0 7 10 3 

876 15575365160699726714 2 6
5 8 6 9 2 3 
8 5 6 9 2 3 

3865 456564840696926649 2 7
3 10 8 11 4 9 0 
10 3 8 11 4 9 0 

1508 16874672746425353066 2 6
6 8 5 7 2 10 
8 6 5 7 2 10 

1369 16033815796773715149 2 6
4 8 6 0 10 3 
8 4 6 0 10 3 

3726 1358817988214820358 4 7
7 11 1 9 3 10 2 
7 11 9 1 3 10 2 
11 7 9 1 3 10 2 
11 7 1 9 3 10 2 

2783 11576115573909600257 1 9
7 11 4 6 2 3 9 1 0 

426 10535858816521210636 4 5
1 8 7 3 5 
1 8 3 7 5 
8 1 7 3 5 
8 1 3 7 5 

2644 9508408847464364197 12 5
2 6 9 4 11 
2 6 9 11 4 
2 9 6 4 11 
2 9 6 11 4 
6 2 9 4 11 
6 2 9 11 4 
6 9 2 4 11 
6 9 2 11 4 
9 6 2 4 11 
9 6 2 11 4 
9 2 6 4 11 
9 2 6 11 4 

1896 5497877889502896027 2 6
5 8 6 9 3 10 
8 5 6 9 3 10 

2437 16272028447959098298 4 5
0 8 7 2 11 
0 8 2 7 11 
8 0 7 2 11 
8 0 2 7 11 

219 18374469460899010481 4 6
4 7 6 3 0 1 
4 7 6 3 1 0 
7 4 6 3 1 0 
7 4 6 3 0 1 

2762 16814541406987443072 2 6
7 11 6 3 9 1 
11 7 6 3 9 1 

405 9002550714980698801 8 5
0 8 7 2 4 
0 8 2 7 4 
2 7 0 8 4 
2 7 8 0 4 
7 2 0 8 4 
7 2 8 0 4 
8 0 7 2 4 
8 0 2 7 4 

3871 8399529593442117819 2 9
8 11 4 3 10 2 9 1 0 
8 11 4 10 3 2 9 1 0 

1514 17556848709657584932 4 7
8 5 7 1 6 3 10 
8 5 7 1 6 10 3 
8 1 6 5 7 3 10 
8 1 6 5 7 10 3 

1250 9002550714980698801 8 5
1 6 5 7 10 
1 6 7 5 10 
5 7 6 1 10 
5 7 1 6 10 
6 1 5 7 10 
6 1 7 5 10 
7 5 6 1 10 
7 5 1 6 10 

234 9002550714980698801 8 5
1 6 5 7 3 
1 6 7 5 3 
5 7 1 6 3 
5 7 6 1 3 
6 1 5 7 3 
6 1 7 5 3 
7 5 6 1 3 
7 5 1 6 3 

748 1772347820215664684 4 6
6 9 5 7 2 3 
6 9 7 5 2 3 
9 6 5 7 2 3 
9 6 7 5 2 3 

2966 8150769280760827893 2 7
2 7 8 9 1 11 4 
7 2 8 9 1 11 4 

1954 14891877167317564509 2 6
7 10 8 5 1 9 
10 7 8 5 1 9 

3770 3674095672349124165 2 8
1 9 7 10 3 4 11 5 
9 1 7 10 3 4 11 5 

1413 188164556680662115 6 5
0 7 8 2 10 
0 8 7 2 10 
7 0 8 2 10 
7 8 0 2 10 
8 7 0 2 10 
8 0 7 2 10 

2522 4337938774463275843 1 7
6 3 7 1 8 11 4 

872 10535858816521210636 4 5
3 6 5 8 9 
3 6 8 5 9 
6 3 5 8 9 
6 3 8 5 9 

3685 3152233479031926400 2 7
5 11 6 2 10 9 0 
11 5 6 2 10 9 0 

3035 574531392195482925 1 9
7 6 3 8 11 4 9 1 0 

678 5573958986186089707 12 5
2 5 7 1 9 
2 5 7 9 1 
2 7 5 1 9 
2 7 5 9 1 
5 2 7 1 9 
5 2 7 9 1 
5 7 2 1 9 
5 7 2 9 1 
7 2 5 1 9 
7 2 5 9 1 
7 5 2 1 9 
7 5 2 9 1 

3494 8537480618744123484 2 7
1 8 7 2 10 5 11 
8 1 7 2 10 5 11 

3295 1687997316566906450 1 9
7 4 11 6 0 1 10 3 2 

938 7878346581168650013 2 6
3 7 8 5 1 9 
7 3 8 5 1 9 

2277 6590687090933055534 2 6
0 6 7 2 11 5 
6 0 7 2 11 5 

3386 3874719437538952180 4 7
1 8 3 10 11 5 4 
1 8 10 3 11 5 4 
8 1 3 10 11 5 4 
8 1 10 3 11 5 4 

3552 1724535002715340816 4 6
6 8 10 7 5 11 
6 8 10 7 11 5 
8 6 10 7 5 11 
8 6 10 7 11 5 

1195 17070227595028994597 8 6
5 7 0 1 3 10 
5 7 0 1 10 3 
5 7 1 0 3 10 
5 7 1 0 10 3 
7 5 1 0 3 10 
7 5 1 0 10 3 
7 5 0 1 3 10 
7 5 0 1 10 3 

3413 7578871999435714304 1 7
8 6 0 4 11 10 2 

2258 9620469701157494860 12 5
1 6 7 4 11 
1 6 7 11 4 
1 7 6 4 11 
1 7 6 11 4 
6 1 7 4 11 
6 1 7 11 4 
6 7 1 4 11 
6 7 1 11 4 
7 6 1 4 11 
7 6 1 11 4 
7 1 6 4 11 
7 1 6 11 4 

2390 18374469460899010481 4 6
2 6 8 1 4 11 
2 6 8 1 11 4 
6 2 8 1 4 11 
6 2 8 1 11 4 

226 16493867128980194667 24 4
1 5 6 7 
1 5 7 6 
1 6 5 7 
1 6 7 5 
1 7 6 5 
1 7 5 6 
5 1 6 7 
5 1 7 6 
5 6 1 7 
5 6 7 1 
5 7 6 1 
5 7 1 6 
6 5 1 7 
6 5 7 1 
6 1 5 7 
6 1 7 5 
6 7 1 5 
6 7 5 1 
7 5 6 1 
7 5 1 6 
7 6 5 1 
7 6 1 5 
7 1 6 5 
7 1 5 6 

3553 382643665299170913 1 7
6 0 8 10 7 11 5 

2904 9597894088149422717 2 6
3 6 8 9 11 4 
6 3 8 9 11 4 

3043 8801232593493620885 2 8
6 7 8 11 5 9 1 0 
7 6 8 11 5 9 1 0 

686 5198975452520095128 4 6
5 7 1 9 2 3 
5 7 9 1 2 3 
7 5 1 9 2 3 
7 5 9 1 2 3 

740 17692198270054453466 4 5
6 9 7 5 2 
6 9 5 7 2 
9 6 5 7 2 
9 6 7 5 2 

1849 16456069389250122104 4 7
3 10 8 4 5 9 0 
3 10 8 9 0 4 5 
10 3 8 4 5 9 0 
10 3 8 9 0 4 5 

2958 5919362954022825123 1 7
8 7 11 9 1 2 3 

483 13008496260309061241 2 6
6 7 5 8 1 0 
7 6 5 8 1 0 

3679 11361900558172338747 2 9
4 11 6 3 10 2 9 1 0 
11 4 6 3 10 2 9 1 0 

1322 13477517142961789684 12 5
1 5 8 3 10 
1 5 8 10 3 
1 8 5 3 10 
1 8 5 10 3 
5 1 8 3 10 
5 1 8 10 3 
5 8 1 3 10 
5 8 1 10 3 
8 5 1 3 10 
8 5 1 10 3 
8 1 5 3 10 
8 1 5 10 3 

213 10535858816521210636 4 5
0 6 4 7 2 
0 6 7 4 2 
6 0 4 7 2 
6 0 7 4 2 

2404 2439390951950820807 6 5
2 6 8 5 11 
2 8 6 5 11 
6 2 8 5 11 
6 8 2 5 11 
8 6 2 5 11 
8 2 6 5 11 

372 188164556680662115 6 5
2 6 8 5 4 
2 8 6 5 4 
6 2 8 5 4 
6 8 2 5 4 
8 6 2 5 4 
8 2 6 5 4 

1481 17315860384008231564 4 6
7 8 0 6 3 10 
7 8 0 6 10 3 
8 7 0 6 3 10 
8 7 0 6 10 3 

3473 18349969651969478281 4 6
7 10 0 8 4 11 
7 10 8 0 4 11 
10 7 8 0 4 11 
10 7 0 8 4 11 

1255 535842279781282823 2 7
5 7 6 0 1 2 10 
7 5 6 0 1 2 10 

3869 7513417149158784501 2 8
8 11 4 9 0 3 10 2 
8 11 4 9 0 10 3 2 

1512 17315860384008231564 4 6
6 8 5 7 3 10 
6 8 5 7 10 3 
8 6 5 7 3 10 
8 6 5 7 10 3 

2648 3789797395801390717 12 5
3 6 9 4 11 
3 6 9 11 4 
3 9 6 4 11 
3 9 6 11 4 
6 3 9 4 11 
6 3 9 11 4 
6 9 3 4 11 
6 9 3 11 4 
9 6 3 4 11 
9 6 3 11 4 
9 3 6 4 11 
9 3 6 11 4 

741 9197999651535379497 2 6
5 7 6 2 9 0 
7 5 6 2 9 0 

1850 5075813732830331876 4 7
3 10 8 9 1 5 4 
3 10 8 1 9 4 5 
10 3 8 9 1 5 4 
10 3 8 1 9 4 5 

2274 2439390951950820807 6 5
1 6 7 5 11 
1 7 6 5 11 
6 1 7 5 11 
6 7 1 5 11 
7 6 1 5 11 
7 1 6 5 11 

732 8762293650627267097 4 6
6 9 4 7 2 3 
6 9 7 4 2 3 
9 6 4 7 2 3 
9 6 7 4 2 3 

2950 3655107371435665535 2 6
2 7 8 11 9 1 
7 2 8 11 9 1 

2406 4944312786283715841 2 6
2 6 8 1 5 11 
6 2 8 1 5 11 

242 188164556680662115 6 5
1 6 7 5 4 
1 7 6 5 4 
6 1 7 5 4 
6 7 1 5 4 
7 6 1 5 4 
7 1 6 5 4 

2753 7539582781332996105 6 5
6 7 11 9 0 
6 11 7 9 0 
7 6 11 9 0 
7 11 6 9 0 
11 6 7 9 0 
11 7 6 9 0 

3426 14891877167317564509 2 6
6 10 8 1 5 11 
10 6 8 1 5 11 

2885 1706955158381820935 4 6
8 11 6 2 9 0 
8 11 2 6 9 0 
11 8 6 2 9 0 
11 8 2 6 9 0 

1776 13445269986405914186 2 6
6 9 7 10 4 5 
9 6 7 10 4 5 

721 188164556680662115 6 5
4 6 7 9 0 
4 7 6 9 0 
6 4 7 9 0 
6 7 4 9 0 
7 4 6 9 0 
7 6 4 9 0 

3341 16136565957516663225 12 6
0 8 11 10 3 2 
0 8 11 3 10 2 
0 11 8 3 10 2 
0 11 8 10 3 2 
8 0 11 10 3 2 
8 0 11 3 10 2 
8 11 0 3 10 2 
8 11 0 10 3 2 
11 8 0 10 3 2 
11 8 0 3 10 2 
11 0 8 3 10 2 
11 0 8 10 3 2 

984 14498150133182066701 4 6
9 4 3 8 6 7 
9 6 8 3 4 7 
9 8 6 4 3 7 
9 3 4 6 8 7 

1241 9570517606418217656 4 6
4 7 0 6 10 3 
4 7 6 0 10 3 
7 4 6 0 10 3 
7 4 0 6 10 3 

3459 17140689907048120614 2 6
7 10 8 11 0 1 
10 7 8 11 0 1 

744 10535858816521210636 4 5
6 9 7 5 3 
6 9 5 7 3 
9 6 5 7 3 
9 6 7 5 3 

2394 17679276914396844753 2 6
3 6 8 1 11 4 
6 3 8 1 11 4 

230 12090042794949843262 4 5
5 7 1 6 2 
5 7 6 1 2 
7 5 6 1 2 
7 5 1 6 2 

1339 9923161140569151953 2 7
3 10 8 1 0 5 4 
10 3 8 1 0 5 4 

2952 8783688367253846880 4 5
8 9 3 7 11 
8 9 7 3 11 
9 8 7 3 11 
9 8 3 7 11 

734 15978073705904465510 2 7
4 7 6 9 1 2 3 
7 4 6 9 1 2 3 

1924 17221279241260661893 6 5
7 8 9 2 10 
7 9 8 2 10 
8 7 9 2 10 
8 9 7 2 10 
9 7 8 2 10 
9 8 7 2 10 

3211 2909073980618687574 4 6
7 11 0 1 3 10 
7 11 1 0 3 10 
11 7 1 0 3 10 
11 7 0 1 3 10 

854 15596753181347747476 4 6
2 6 4 8 9 1 
2 6 8 4 9 1 
6 2 4 8 9 1 
6 2 8 4 9 1 

1936 1478173324962532676 4 5
7 10 8 9 4 
7 10 9 8 4 
10 7 8 9 4 
10 7 9 8 4 

3806 2257972437883776161 1 9
7 4 11 6 9 1 10 3 2 

1449 17315860384008231564 4 6
0 8 7 5 3 10 
0 8 7 5 10 3 
8 0 7 5 3 10 
8 0 7 5 10 3 

3667 13627760583572168330 4 7
6 10 4 11 1 9 0 
6 10 11 4 1 9 0 
10 6 4 11 1 9 0 
10 6 11 4 1 9 0 

2241 16843014019913416440 24 4
0 6 7 11 
0 6 11 7 
0 7 6 11 
0 7 11 6 
0 11 7 6 
0 11 6 7 
6 0 7 11 
6 0 11 7 
6 7 0 11 
6 7 11 0 
6 11 7 0 
6 11 0 7 
7 6 0 11 
7 6 11 0 
7 0 6 11 
7 0 11 6 
7 11 0 6 
7 11 6 0 
11 6 7 0 
11 6 0 7 
11 7 6 0 
11 7 0 6 
11 0 7 6 
11 0 6 7 

397 188164556680662115 6 5
0 7 8 2 3 
0 8 7 2 3 
7 0 8 2 3 
7 8 0 2 3 
8 7 0 2 3 
8 0 7 2 3 

2754 15698021659183445994 6 5
6 7 11 9 1 
6 11 7 9 1 
7 6 11 9 1 
7 11 6 9 1 
11 6 7 9 1 
11 7 6 9 1 

2889 11557209055756585516 4 6
8 11 6 3 9 0 
8 11 3 6 9 0 
11 8 6 3 9 0 
11 8 3 6 9 0 

1780 12019024143908610980 2 7
6 9 7 4 5 10 2 
9 6 7 4 5 10 2 

1266 5045896866956381792 2 6
1 6 7 10 4 5 
6 1 7 10 4 5 

2375 718765721817174227 4 6
8 11 2 6 0 1 
8 11 6 2 0 1 
11 8 2 6 0 1 
11 8 6 2 0 1 

725 15575365160699726714 2 6
4 7 6 2 9 0 
7 4 6 2 9 0 

1834 14204132892486191470 4 6
5 8 3 10 1 9 
5 8 10 3 1 9 
8 5 3 10 1 9 
8 5 10 3 1 9 

2215 5646035700569632052 4 6
2 7 0 1 5 11 
2 7 1 0 5 11 
7 2 1 0 5 11 
7 2 0 1 5 11 

399 11492665961789889718 2 6
7 8 0 1 2 3 
8 7 0 1 2 3 

2756 4791389968827053377 4 5
6 9 7 11 2 
6 9 11 7 2 
9 6 7 11 2 
9 6 11 7 2 

3402 11743603514734986977 2 6
8 11 6 1 3 10 
11 8 6 1 3 10 

2293 2590478098142800193 2 7
0 6 7 2 11 5 4 
6 0 7 2 11 5 4 

1238 4438353209491532636 4 6
4 7 1 6 10 2 
4 7 6 1 10 2 
7 4 6 1 10 2 
7 4 1 6 10 2 

3799 5637199788253782815 1 9
7 4 11 6 10 2 9 1 0 

1442 10535858816521210636 4 5
1 8 7 10 5 
1 8 10 7 5 
8 1 7 10 5 
8 1 10 7 5 

901 17498980938774220750 6 5
2 7 8 9 0 
2 8 7 9 0 
7 2 8 9 0 
7 8 2 9 0 
8 2 7 9 0 
8 7 2 9 0 

762 5664726680729547859 1 7
7 6 3 5 4 9 1 

3119 14941169493171065503 8 7
5 11 0 1 10 3 2 
5 11 0 1 3 10 2 
5 11 1 0 3 10 2 
5 11 1 0 10 3 2 
11 5 1 0 10 3 2 
11 5 1 0 3 10 2 
11 5 0 1 3 10 2 
11 5 0 1 10 3 2 

2388 9620469701157494860 12 5
2 6 8 4 11 
2 6 8 11 4 
2 8 6 4 11 
2 8 6 11 4 
6 2 8 4 11 
6 2 8 11 4 
6 8 2 4 11 
6 8 2 11 4 
8 6 2 4 11 
8 6 2 11 4 
8 2 6 4 11 
8 2 6 11 4 

3497 733315461663605021 2 7
0 8 7 3 10 11 5 
8 0 7 3 10 11 5 

2442 10535858816521210636 4 5
3 7 1 8 11 
3 7 8 1 11 
7 3 1 8 11 
7 3 8 1 11 

2393 3838802720496618203 2 6
3 6 8 0 11 4 
6 3 8 0 11 4 

2532 4944312786283715841 2 6
6 8 2 7 5 11 
8 6 2 7 5 11 

175 10787235750644883003 4 6
5 7 0 1 2 3 
5 7 1 0 2 3 
7 5 1 0 2 3 
7 5 0 1 2 3 

2650 5646035700569632052 4 6
3 6 4 11 9 1 
3 6 11 4 9 1 
6 3 4 11 9 1 
6 3 11 4 9 1 

486 14498150133182066701 4 6
5 2 1 7 8 6 
5 1 2 8 7 6 
5 7 8 2 1 6 
5 8 7 1 2 6 

459 18374469460899010481 4 6
7 8 3 6 0 1 
7 8 3 6 1 0 
8 7 3 6 1 0 
8 7 3 6 0 1 

2677 9767997133275804305 2 7
2 6 9 0 11 5 4 
6 2 9 0 11 5 4 

395 9620469701157494860 12 5
3 7 8 1 0 
3 7 8 0 1 
3 8 7 0 1 
3 8 7 1 0 
7 3 8 0 1 
7 3 8 1 0 
7 8 3 0 1 
7 8 3 1 0 
8 3 7 1 0 
8 3 7 0 1 
8 7 3 1 0 
8 7 3 0 1 

2752 17685878531683325480 24 4
6 7 9 11 
6 7 11 9 
6 9 7 11 
6 9 11 7 
6 11 9 7 
6 11 7 9 
7 6 9 11 
7 6 11 9 
7 9 6 11 
7 9 11 6 
7 11 9 6 
7 11 6 9 
9 7 6 11 
9 7 11 6 
9 6 7 11 
9 6 11 7 
9 11 6 7 
9 11 7 6 
11 7 9 6 
11 7 6 9 
11 9 7 6 
11 9 6 7 
11 6 9 7 
11 6 7 9 

2219 5646035700569632052 4 6
3 7 0 1 11 5 
3 7 1 0 11 5 
7 3 1 0 11 5 
7 3 0 1 11 5 

2760 17901225261713134062 8 5
6 9 7 11 3 
6 9 11 7 3 
7 11 9 6 3 
7 11 6 9 3 
9 6 7 11 3 
9 6 11 7 3 
11 7 6 9 3 
11 7 9 6 3 

2892 13417470096074840818 2 6
8 11 6 9 2 3 
11 8 6 9 2 3 

728 12090042794949843262 4 5
6 9 7 4 3 
6 9 4 7 3 
9 6 4 7 3 
9 6 7 4 3 

1702 5198975452520095128 4 6
5 7 1 9 2 10 
5 7 9 1 2 10 
7 5 1 9 2 10 
7 5 9 1 2 10 

3920 15683936958837804610 2 6
6 10 8 9 4 11 
10 6 8 9 4 11 

2243 1031511967050065677 6 5
6 7 11 0 1 
6 11 7 0 1 
7 6 11 0 1 
7 11 6 0 1 
11 6 7 0 1 
11 7 6 0 1 

427 5812757458389724994 2 6
3 7 8 5 1 0 
7 3 8 5 1 0 

2784 15698021659183445994 6 5
6 7 9 11 5 
6 9 7 11 5 
7 6 9 11 5 
7 9 6 11 5 
9 6 7 11 5 
9 7 6 11 5 

1242 9570517606418217656 4 6
4 7 1 6 10 3 
4 7 6 1 10 3 
7 4 6 1 10 3 
7 4 1 6 10 3 

2249 15476917387195100497 4 5
7 11 6 0 3 
7 11 0 6 3 
11 7 6 0 3 
11 7 0 6 3 

1001 9623445446682723184 1 7
7 3 6 5 8 9 0 

3358 6585287174063132190 8 7
1 8 4 11 10 3 2 
1 8 4 11 3 10 2 
1 8 11 4 10 3 2 
1 8 11 4 3 10 2 
8 1 4 11 10 3 2 
8 1 4 11 3 10 2 
8 1 11 4 10 3 2 
8 1 11 4 3 10 2 

2373 17692198270054453466 4 5
8 11 6 2 0 
8 11 2 6 0 
11 8 6 2 0 
11 8 2 6 0 

3482 18311408489317669150 2 7
1 8 7 10 3 4 11 
8 1 7 10 3 4 11 

976 12090042794949843262 4 5
4 9 7 6 8 
4 9 6 7 8 
9 4 7 6 8 
9 4 6 7 8 

3194 17835580681073958040 4 7
1 6 3 10 11 5 4 
1 6 10 3 11 5 4 
6 1 3 10 11 5 4 
6 1 10 3 11 5 4 

3397 9748425301277935570 2 6
8 11 6 0 2 10 
11 8 6 0 2 10 

3536 11938767803980022513 2 6
6 8 10 7 4 11 
8 6 10 7 4 11 

1179 4087047236807424998 4 6
4 7 0 1 10 3 
4 7 1 0 10 3 
7 4 1 0 10 3 
7 4 0 1 10 3 

1233 11611267597302225005 4 5
4 7 6 0 10 
4 7 0 6 10 
7 4 6 0 10 
7 4 0 6 10 

238 13173563819687789126 4 6
5 7 1 6 2 3 
5 7 6 1 2 3 
7 5 6 1 2 3 
7 5 1 6 2 3 

2735 17529492474224533630 2 8
7 5 11 3 2 1 9 0 
7 11 5 2 3 1 9 0 

378 619306086038861002 2 6
3 6 8 1 5 4 
6 3 8 1 5 4 

3814 2516074428811775015 1 8
6 7 9 1 11 5 2 10 

1457 4438353209491532636 4 6
7 10 0 8 4 5 
7 10 8 0 4 5 
10 7 8 0 4 5 
10 7 0 8 4 5 

3273 3400281967726040039 4 6
7 11 6 0 3 10 
7 11 0 6 3 10 
11 7 6 0 3 10 
11 7 0 6 3 10 

916 15476917387195100497 4 5
8 9 7 2 4 
8 9 2 7 4 
9 8 7 2 4 
9 8 2 7 4 

2714 17850062248467779349 4 6
3 7 1 9 11 4 
3 7 9 1 11 4 
7 3 1 9 11 4 
7 3 9 1 11 4 

357 12090042794949843262 4 5
2 6 5 8 0 
2 6 8 5 0 
6 2 5 8 0 
6 2 8 5 0 

1466 6771547091732463584 2 7
1 8 7 10 3 4 5 
8 1 7 10 3 4 5 

1820 1059225907803239905 12 6
4 8 9 3 10 2 
4 8 9 10 3 2 
4 9 8 3 10 2 
4 9 8 10 3 2 
8 4 9 3 10 2 
8 4 9 10 3 2 
8 9 4 3 10 2 
8 9 4 10 3 2 
9 4 8 3 10 2 
9 4 8 10 3 2 
9 8 4 3 10 2 
9 8 4 10 3 2 

2380 188164556680662115 6 5
6 8 11 3 2 
6 11 8 3 2 
8 6 11 3 2 
8 11 6 3 2 
11 6 8 3 2 
11 8 6 3 2 

3489 11497743279155816154 4 6
0 8 7 10 11 5 
0 8 10 7 11 5 
8 0 7 10 11 5 
8 0 10 7 11 5 

3408 13578686894628410724 6 5
6 8 10 4 11 
6 10 8 4 11 
8 6 10 4 11 
8 10 6 4 11 
10 6 8 4 11 
10 8 6 4 11 

2954 4189672240686263048 2 6
3 7 8 11 9 1 
7 3 8 11 9 1 

1872 11449827981220001990 4 5
4 8 6 10 9 
4 8 10 6 9 
8 4 6 10 9 
8 4 10 6 9 

2981 9547436352396892810 2 7
2 7 8 9 0 11 5 
7 2 8 9 0 11 5 

1171 12881200382104992924 12 5
4 7 10 1 0 
4 7 10 0 1 
4 10 7 0 1 
4 10 7 1 0 
7 4 10 0 1 
7 4 10 1 0 
7 10 4 0 1 
7 10 4 1 0 
10 4 7 1 0 
10 4 7 0 1 
10 7 4 1 0 
10 7 4 0 1 

3528 7813264537381953753 2 6
6 8 11 7 3 10 
8 6 11 7 3 10 

2446 619306086038861002 2 6
1 8 7 11 3 2 
8 1 7 11 3 2 

3474 15962512258990686489 4 6
7 10 1 8 4 11 
7 10 8 1 4 11 
10 7 8 1 4 11 
10 7 1 8 4 11 

2392 12786866701162581528 6 5
3 6 8 11 4 
3 8 6 11 4 
6 3 8 11 4 
6 8 3 11 4 
8 6 3 11 4 
8 3 6 11 4 

1938 14497987279221823462 2 6
7 10 8 4 9 1 
10 7 8 4 9 1 

856 380262724330119809 8 5
3 6 4 8 9 
3 6 8 4 9 
4 8 6 3 9 
4 8 3 6 9 
6 3 4 8 9 
6 3 8 4 9 
8 4 6 3 9 
8 4 3 6 9 

391 12786866701162581528 6 5
2 7 8 0 1 
2 8 7 0 1 
7 2 8 0 1 
7 8 2 0 1 
8 2 7 0 1 
8 7 2 0 1 

1500 1540880735499046130 2 7
6 8 4 7 10 3 2 
8 6 4 7 10 3 2 

2490 12601094406029164176 4 7
1 8 7 3 11 5 4 
1 8 3 7 11 5 4 
8 1 7 3 11 5 4 
8 1 3 7 11 5 4 

1922 6659168973061564559 12 5
7 8 10 9 1 
7 8 10 1 9 
7 10 8 9 1 
7 10 8 1 9 
8 7 10 9 1 
8 7 10 1 9 
8 10 7 9 1 
8 10 7 1 9 
10 7 8 9 1 
10 7 8 1 9 
10 8 7 9 1 
10 8 7 1 9 

3425 10117222283083024697 2 6
6 10 8 0 11 5 
10 6 8 0 11 5 

3564 476072854126721149 2 8
6 8 7 5 11 3 10 2 
8 6 7 5 11 3 10 2 

1207 11673246826370907136 4 7
7 1 0 4 5 10 2 
7 1 0 10 2 4 5 
7 0 1 4 5 10 2 
7 0 1 10 2 4 5 

720 16493867128980194667 24 4
4 6 7 9 
4 6 9 7 
4 7 6 9 
4 7 9 6 
4 9 7 6 
4 9 6 7 
6 4 7 9 
6 4 9 7 
6 7 4 9 
6 7 9 4 
6 9 7 4 
6 9 4 7 
7 6 4 9 
7 6 9 4 
7 4 6 9 
7 4 9 6 
7 9 4 6 
7 9 6 4 
9 6 7 4 
9 6 4 7 
9 7 6 4 
9 7 4 6 
9 4 7 6 
9 4 6 7 

2884 2810084273075988598 4 5
8 11 2 6 9 
8 11 6 2 9 
11 8 6 2 9 
11 8 2 6 9 

3016 1808742221199005368 2 6
9 11 3 8 6 7 
11 9 3 8 7 6 

1254 13173563819687789126 4 6
5 7 1 6 2 10 
5 7 6 1 2 10 
7 5 6 1 2 10 
7 5 1 6 2 10 

3611 11445218221399809687 4 7
3 10 4 11 1 9 0 
3 10 11 4 1 9 0 
10 3 4 11 1 9 0 
10 3 11 4 1 9 0 

852 17692198270054453466 4 5
2 6 4 8 9 
2 6 8 4 9 
6 2 4 8 9 
6 2 8 4 9 

1961 9318783244471329525 1 7
8 7 5 9 0 3 10 

868 16272028447959098298 4 5
2 6 5 8 9 
2 6 8 5 9 
6 2 5 8 9 
6 2 8 5 9 

1926 4911953408704792606 2 6
7 8 9 1 2 10 
8 7 9 1 2 10 

3742 2566369119108708042 2 8
1 9 7 4 11 10 3 2 
9 1 7 4 11 10 3 2 

1385 17315860384008231564 4 6
5 8 6 0 3 10 
5 8 6 0 10 3 
8 5 6 0 3 10 
8 5 6 0 10 3 

3008 9203650964733762970 4 5
9 11 6 7 8 
9 11 7 6 8 
11 9 7 6 8 
11 9 6 7 8 

908 17498980938774220750 6 5
7 8 9 2 3 
7 9 8 2 3 
8 7 9 2 3 
8 9 7 2 3 
9 7 8 2 3 
9 8 7 2 3 

3265 5731990696687557297 8 5
0 6 7 11 10 
0 6 11 7 10 
6 0 7 11 10 
6 0 11 7 10 
7 11 0 6 10 
7 11 6 0 10 
11 7 6 0 10 
11 7 0 6 10 

1520 4605810254616994756 2 6
6 8 10 7 4 5 
8 6 10 7 4 5 

2768 13928948063997989457 6 5
6 7 9 11 4 
6 9 7 11 4 
7 6 9 11 4 
7 9 6 11 4 
9 6 7 11 4 
9 7 6 11 4 

411 18374469460899010481 4 6
3 7 8 4 1 0 
3 7 8 4 0 1 
7 3 8 4 0 1 
7 3 8 4 1 0 

1381 16874672746425353066 2 6
5 8 6 0 2 10 
8 5 6 0 2 10 

3738 10336794456350953069 2 7
1 9 7 10 3 4 11 
9 1 7 10 3 4 11 

2795 8459428735300155114 1 8
7 6 3 11 5 9 1 0 

438 5558598568000744194 8 6
1 8 7 2 5 4 
1 8 2 7 5 4 
2 7 1 8 5 4 
2 7 8 1 5 4 
7 2 1 8 5 4 
7 2 8 1 5 4 
8 1 7 2 5 4 
8 1 2 7 5 4 

2916 9696688702957519811 2 6
2 6 8 9 11 5 
6 2 8 9 11 5 

211 9620469701157494860 12 5
4 6 7 1 0 
4 6 7 0 1 
4 7 6 0 1 
4 7 6 1 0 
6 4 7 0 1 
6 4 7 1 0 
6 7 4 0 1 
6 7 4 1 0 
7 4 6 1 0 
7 4 6 0 1 
7 6 4 1 0 
7 6 4 0 1 

3538 12383341838888312582 1 7
6 10 7 1 8 4 11 

752 188164556680662115 6 5
6 7 9 4 5 
6 9 7 4 5 
7 6 9 4 5 
7 9 6 4 5 
9 6 7 4 5 
9 7 6 4 5 

2970 11110687282302157578 2 7
3 7 8 9 1 11 4 
7 3 8 9 1 11 4 

3457 7140830079993789415 4 5
0 8 7 10 11 
0 8 10 7 11 
8 0 7 10 11 
8 0 10 7 11 

1239 3618674516883147499 2 7
4 7 6 0 1 10 2 
7 4 6 0 1 10 2 

3393 7140830079993789415 4 5
8 11 10 6 0 
8 11 6 10 0 
11 8 6 10 0 
11 8 10 6 0 

1714 4005143044215219554 4 6
7 10 1 9 4 5 
7 10 9 1 4 5 
10 7 9 1 4 5 
10 7 1 9 4 5 

1419 2466225867720995562 8 6
7 8 3 10 1 0 
7 8 3 10 0 1 
7 8 10 3 1 0 
7 8 10 3 0 1 
8 7 3 10 0 1 
8 7 3 10 1 0 
8 7 10 3 0 1 
8 7 10 3 1 0 

3776 2547680960875843654 8 5
6 9 7 11 10 
6 9 11 7 10 
7 11 9 6 10 
7 11 6 9 10 
9 6 7 11 10 
9 6 11 7 10 
11 7 9 6 10 
11 7 6 9 10 

2667 8965381117055640161 4 7
3 6 5 11 1 9 0 
3 6 11 5 1 9 0 
6 3 5 11 1 9 0 
6 3 11 5 1 9 0 

3400 6846801058473162957 6 5
6 8 11 3 10 
6 11 8 3 10 
8 6 11 3 10 
8 11 6 3 10 
11 6 8 3 10 
11 8 6 3 10 

2291 1493295458288208354 2 7
6 7 0 1 11 5 4 
7 6 0 1 11 5 4 

2886 8405809221805544289 4 6
8 11 6 2 9 1 
8 11 2 6 9 1 
11 8 6 2 9 1 
11 8 2 6 9 1 

1777 6862425584902902136 1 7
7 6 10 4 5 9 0 

722 2439390951950820807 6 5
4 6 7 9 1 
4 7 6 9 1 
6 4 7 9 1 
6 7 4 9 1 
7 4 6 9 1 
7 6 4 9 1 

3968 11324865545738181346 4 5
8 9 7 10 11 
8 9 10 7 11 
9 8 7 10 11 
9 8 10 7 11 

1750 11464422283234774632 2 7
4 7 6 9 1 10 2 
7 4 6 9 1 10 2 

2281 17346163999987561741 2 6
0 6 7 3 11 5 
6 0 7 3 11 5 

1873 1246293269977711441 4 6
4 8 6 10 9 0 
4 8 10 6 9 0 
8 4 6 10 9 0 
8 4 10 6 9 0 

764 4049306063467829 2 7
6 9 7 5 4 2 3 
9 6 7 5 4 2 3 

2982 13691130614771072635 2 7
2 7 8 9 1 11 5 
7 2 8 9 1 11 5 

250 6963252772868931201 2 6
1 6 7 3 5 4 
6 1 7 3 5 4 

3461 6306236243767247970 2 6
0 8 7 11 2 10 
8 0 7 11 2 10 

1243 11431653635982549415 4 7
4 7 6 0 1 10 3 
4 7 6 1 0 10 3 
7 4 6 1 0 10 3 
7 4 6 0 1 10 3 

2920 4189672240686263048 2 6
3 6 8 9 11 5 
6 3 8 9 11 5 

3059 17841550429377238508 2 9
6 7 8 11 5 4 9 1 0 
7 6 8 11 5 4 9 1 0 

702 7823118907726837223 4 7
1 9 7 5 4 2 3 
1 9 7 2 3 5 4 
9 1 7 5 4 2 3 
9 1 7 2 3 5 4 

2379 16096743762065543775 4 6
8 11 3 6 0 1 
8 11 6 3 0 1 
11 8 3 6 0 1 
11 8 6 3 0 1 

756 4557347338322774328 2 6
6 9 7 2 5 4 
9 6 7 2 5 4 

215 5812757458389724994 2 6
4 7 6 2 0 1 
7 4 6 2 0 1 

729 16874672746425353066 2 6
4 7 6 3 9 0 
7 4 6 3 9 0 

1838 5197273007788550468 4 7
5 8 1 9 3 10 2 
5 8 1 9 10 3 2 
8 5 1 9 3 10 2 
8 5 1 9 10 3 2 

3614 14941169493171065503 8 7
1 9 4 11 10 3 2 
1 9 4 11 3 10 2 
1 9 11 4 10 3 2 
1 9 11 4 3 10 2 
9 1 4 11 10 3 2 
9 1 4 11 3 10 2 
9 1 11 4 10 3 2 
9 1 11 4 3 10 2 

1257 9105458745578809631 16 6
0 6 5 7 3 10 
0 6 5 7 10 3 
0 6 7 5 3 10 
0 6 7 5 10 3 
5 7 0 6 3 10 
5 7 0 6 10 3 
5 7 6 0 3 10 
5 7 6 0 10 3 
6 0 5 7 3 10 
6 0 5 7 10 3 
6 0 7 5 3 10 
6 0 7 5 10 3 
7 5 6 0 3 10 
7 5 6 0 10 3 
7 5 0 6 3 10 
7 5 0 6 10 3 

3475 14234950255022311328 2 7
7 10 8 0 1 4 11 
10 7 8 0 1 4 11 

1744 9156061698186632969 4 5
4 7 6 9 10 
4 7 9 6 10 
7 4 6 9 10 
7 4 9 6 10 

2409 4883031282816119501 2 6
3 6 8 0 11 5 
6 3 8 0 11 5 

245 16422845455431186346 2 6
0 6 7 2 5 4 
6 0 7 2 5 4 

2410 7878346581168650013 2 6
3 6 8 1 5 11 
6 3 8 1 5 11 

246 16874672746425353066 2 6
1 6 7 2 5 4 
6 1 7 2 5 4 

3465 13414519962463019987 2 6
0 8 7 11 3 10 
8 0 7 11 3 10 

760 14410549859363100494 2 6
6 9 7 3 4 5 
9 6 7 3 4 5 

2948 12896417529145012452 4 5
8 9 2 7 11 
8 9 7 2 11 
9 8 7 2 11 
9 8 2 7 11 

730 4944312786283715841 2 6
4 7 6 3 9 1 
7 4 6 3 9 1 

243 11492665961789889718 2 6
6 7 1 0 5 4 
7 6 1 0 5 4 

2461 16294467964081232607 2 7
0 8 7 3 2 11 4 
8 0 7 3 2 11 4 

3885 13670463651000488964 2 8
8 11 5 9 0 3 10 2 
8 11 5 9 0 10 3 2 

1528 3231158488587885473 2 7
6 8 7 10 3 4 5 
8 6 7 10 3 4 5 

2664 5573958986186089707 12 5
3 6 9 5 11 
3 6 9 11 5 
3 9 6 5 11 
3 9 6 11 5 
6 3 9 5 11 
6 3 9 11 5 
6 9 3 5 11 
6 9 3 11 5 
9 6 3 5 11 
9 6 3 11 5 
9 3 6 5 11 
9 3 6 11 5 

2803 5862701624525646478 2 8
6 7 11 5 4 9 1 0 
7 6 11 5 4 9 1 0 

446 2775835214424565932 2 7
1 8 7 2 3 5 4 
8 1 7 2 3 5 4 

500 16874672746425353066 2 6
6 8 2 7 5 4 
8 6 2 7 5 4 

2718 926381451480997358 2 7
1 9 7 11 4 3 2 
9 1 7 11 4 3 2 

237 5558598568000744194 8 6
0 6 5 7 2 3 
0 6 7 5 2 3 
5 7 0 6 2 3 
5 7 6 0 2 3 
6 0 5 7 2 3 
6 0 7 5 2 3 
7 5 6 0 2 3 
7 5 0 6 2 3 

2455 8011408638427886177 2 7
2 7 8 0 1 11 4 
7 2 8 0 1 11 4 

467 18374469460899010481 4 6
6 7 4 8 1 0 
6 7 4 8 0 1 
7 6 4 8 0 1 
7 6 4 8 1 0 

1008 16874672746425353066 2 6
6 7 9 8 4 5 
7 6 9 8 4 5 

724 16272028447959098298 4 5
6 9 7 4 2 
6 9 4 7 2 
9 6 4 7 2 
9 6 7 4 2 

2888 8783688367253846880 4 5
8 11 3 6 9 
8 11 6 3 9 
11 8 6 3 9 
11 8 3 6 9 

1265 9353875341182988060 2 6
0 6 7 10 4 5 
6 0 7 10 4 5 

231 12216236925529264147 2 6
5 7 6 2 0 1 
7 5 6 2 0 1 

745 619306086038861002 2 6
5 7 6 3 9 0 
7 5 6 3 9 0 

2770 14713185860047838111 2 6
6 7 9 1 11 4 
7 6 9 1 11 4 

413 6963252772868931201 2 6
0 8 7 4 2 3 
8 0 7 4 2 3 

1522 6285327887964995163 1 7
6 10 7 1 8 4 5 

1269 17452611025731632831 2 7
0 6 7 4 5 10 2 
6 0 7 4 5 10 2 

3626 10326800295336872000 16 6
3 10 5 11 1 9 
3 10 5 11 9 1 
3 10 9 1 5 11 
3 10 9 1 11 5 
3 10 1 9 5 11 
3 10 1 9 11 5 
3 10 11 5 1 9 
3 10 11 5 9 1 
10 3 5 11 1 9 
10 3 5 11 9 1 
10 3 9 1 5 11 
10 3 9 1 11 5 
10 3 1 9 5 11 
10 3 1 9 11 5 
10 3 11 5 1 9 
10 3 11 5 9 1 

2517 8399483108355691593 1 7
6 0 8 2 7 11 4 

380 4351281990573074921 4 6
6 8 5 4 2 3 
6 8 2 3 5 4 
8 6 5 4 2 3 
8 6 2 3 5 4 

1489 6347953279825038236 2 6
4 10 0 7 8 6 
10 4 0 7 6 8 

3297 850365205808653237 2 6
0 6 7 10 11 5 
6 0 7 10 11 5 

940 18431326151362808386 2 6
8 9 7 5 2 3 
9 8 7 5 2 3 

3309 1370627676391914562 2 8
0 6 7 11 5 3 10 2 
6 0 7 11 5 3 10 2 

952 13173563819687789126 4 6
8 9 7 3 4 5 
8 9 3 7 4 5 
9 8 7 3 4 5 
9 8 3 7 4 5 

978 4944312786283715841 2 6
6 7 4 8 9 1 
7 6 4 8 9 1 

1235 10943984713459079137 4 6
4 7 6 10 1 0 
4 7 6 10 0 1 
7 4 6 10 0 1 
7 4 6 10 1 0 

3051 2607531112161763935 1 9
7 6 3 8 11 5 9 1 0 

694 5198975452520095128 4 6
2 7 1 9 5 4 
2 7 9 1 5 4 
7 2 1 9 5 4 
7 2 9 1 5 4 

1768 16976282520999355428 4 6
6 9 7 5 3 10 
6 9 5 7 3 10 
9 6 5 7 3 10 
9 6 7 5 3 10 

3321 7194465976984135200 2 8
0 6 7 10 3 4 11 5 
6 0 7 10 3 4 11 5 

964 852318033818440602 4 5
2 9 7 8 6 
2 9 8 7 6 
9 2 7 8 6 
9 2 8 7 6 

3182 11753746231048851257 8 7
1 6 5 11 10 3 2 
1 6 5 11 3 10 2 
1 6 11 5 10 3 2 
1 6 11 5 3 10 2 
6 1 5 11 10 3 2 
6 1 5 11 3 10 2 
6 1 11 5 10 3 2 
6 1 11 5 3 10 2 

1393 6059386684289591168 2 6
6 10 8 0 4 5 
10 6 8 0 4 5 

3750 15141468852727160481 2 7
1 9 7 5 11 2 10 
9 1 7 5 11 2 10 

3325 863493776768679357 2 9
0 6 7 4 11 5 10 3 2 
6 0 7 4 11 5 10 3 2 

968 12090042794949843262 4 5
3 9 7 8 6 
3 9 8 7 6 
9 3 7 8 6 
9 3 8 7 6 

2513 4122801265634653325 2 6
6 7 0 8 11 4 
7 6 0 8 11 4 

1404 5057913160402673617 2 7
6 8 4 5 10 3 2 
8 6 4 5 10 3 2 

349 619306086038861002 2 6
4 8 6 0 2 3 
8 4 6 0 2 3 

3815 9625225155189627048 1 9
7 11 5 6 2 10 9 1 0 

1458 14919924169575566437 4 6
7 10 1 8 4 5 
7 10 8 1 4 5 
10 7 8 1 4 5 
10 7 1 8 4 5 

3676 17409189073049381158 4 7
6 9 4 11 3 10 2 
6 9 11 4 3 10 2 
9 6 4 11 3 10 2 
9 6 11 4 3 10 2 

2529 228510844930607347 2 6
6 7 0 8 11 5 
7 6 0 8 11 5 

1988 13651271337057990798 2 6
7 8 9 6 2 10 
8 7 9 6 2 10 

3263 12301837976898859407 2 9
0 1 7 10 3 2 4 11 5 
1 0 7 10 3 2 4 11 5 

906 2439390951950820807 6 5
3 7 8 9 1 
3 8 7 9 1 
7 3 8 9 1 
7 8 3 9 1 
8 3 7 9 1 
8 7 3 9 1 

365 16874672746425353066 2 6
5 8 6 0 2 3 
8 5 6 0 2 3 

3692 18406220512556377693 4 7
6 9 5 11 3 10 2 
6 9 11 5 3 10 2 
9 6 5 11 3 10 2 
9 6 11 5 3 10 2 

3782 17052997269451811473 2 7
7 11 6 9 1 2 10 
11 7 6 9 1 2 10 

1425 11611267597302225005 4 5
7 10 0 8 4 
7 10 8 0 4 
10 7 8 0 4 
10 7 0 8 4 

2534 15339477668348178296 4 7
6 2 7 1 8 5 11 
6 1 8 2 7 5 11 
6 7 2 8 1 5 11 
6 8 1 7 2 5 11 

884 4557347338322774328 2 6
2 6 8 9 4 5 
6 2 8 9 4 5 

1993 2824444448433385436 2 7
7 8 6 3 10 9 0 
8 7 6 3 10 9 0 

343 11075476683215937276 4 6
2 6 4 8 0 1 
2 6 8 4 0 1 
6 2 4 8 0 1 
6 2 8 4 0 1 

3670 14382530231008621954 2 7
4 11 6 9 1 2 10 
11 4 6 9 1 2 10 

857 5558598568000744194 8 6
3 6 4 8 9 0 
3 6 8 4 9 0 
4 8 6 3 9 0 
4 8 3 6 9 0 
6 3 4 8 9 0 
6 3 8 4 9 0 
8 4 3 6 9 0 
8 4 6 3 9 0 

1483 6063548494581113363 8 7
7 8 6 3 10 1 0 
7 8 6 3 10 0 1 
7 8 6 10 3 1 0 
7 8 6 10 3 0 1 
8 7 6 3 10 0 1 
8 7 6 3 10 1 0 
8 7 6 10 3 0 1 
8 7 6 10 3 1 0 

3786 6482705530079391171 2 7
7 11 6 9 1 3 10 
11 7 6 9 1 3 10 

1429 5045896866956381792 2 6
0 8 7 4 10 2 
8 0 7 4 10 2 

2538 4083307954386914987 2 7
6 3 7 1 8 5 11 
6 1 8 3 7 11 5 

347 7836973853849896892 16 6
3 6 4 8 1 0 
3 6 4 8 0 1 
3 6 8 4 1 0 
3 6 8 4 0 1 
4 8 3 6 0 1 
4 8 3 6 1 0 
4 8 6 3 0 1 
4 8 6 3 1 0 
6 3 4 8 0 1 
6 3 4 8 1 0 
6 3 8 4 0 1 
6 3 8 4 1 0 
8 4 3 6 1 0 
8 4 3 6 0 1 
8 4 6 3 1 0 
8 4 6 3 0 1 

3674 9297846671903192024 2 7
4 11 6 3 10 9 1 
11 4 6 3 10 9 1 

888 16422845455431186346 2 6
3 6 8 9 4 5 
6 3 8 9 4 5 

1986 1724535002715340816 4 6
7 8 10 6 9 1 
7 8 10 6 1 9 
8 7 10 6 9 1 
8 7 10 6 1 9 

877 6968778210806191132 2 7
5 8 6 2 3 9 0 
8 5 6 2 3 9 0 

3802 5922664512101490726 1 8
7 6 4 11 9 1 10 3 

1445 16874672746425353066 2 6
0 8 7 5 2 10 
8 0 7 5 2 10 

904 16493867128980194667 24 4
3 7 8 9 
3 7 9 8 
3 8 7 9 
3 8 9 7 
3 9 8 7 
3 9 7 8 
7 3 8 9 
7 3 9 8 
7 8 3 9 
7 8 9 3 
7 9 8 3 
7 9 3 8 
8 7 3 9 
8 7 9 3 
8 3 7 9 
8 3 9 7 
8 9 3 7 
8 9 7 3 
9 7 8 3 
9 7 3 8 
9 8 7 3 
9 8 3 7 
9 3 8 7 
9 3 7 8 

363 11075476683215937276 4 6
5 8 3 6 1 0 
5 8 6 3 1 0 
8 5 3 6 1 0 
8 5 6 3 1 0 

3690 7873029748884661008 2 7
5 11 6 3 10 9 1 
11 5 6 3 10 9 1 

900 16843014019913416440 24 4
2 7 8 9 
2 7 9 8 
2 8 7 9 
2 8 9 7 
2 9 8 7 
2 9 7 8 
7 2 8 9 
7 2 9 8 
7 8 2 9 
7 8 9 2 
7 9 8 2 
7 9 2 8 
8 7 2 9 
8 7 9 2 
8 2 7 9 
8 2 9 7 
8 9 2 7 
8 9 7 2 
9 7 8 2 
9 7 2 8 
9 8 7 2 
9 8 2 7 
9 2 8 7 
9 2 7 8 

359 3768522800081854864 8 6
2 6 5 8 1 0 
2 6 8 5 1 0 
5 8 2 6 0 1 
5 8 6 2 0 1 
6 2 5 8 1 0 
6 2 8 5 1 0 
8 5 2 6 0 1 
8 5 6 2 0 1 

3686 4731614949251910214 2 7
5 11 6 9 1 2 10 
11 5 6 9 1 2 10 

873 13737960649418383150 4 6
3 6 5 8 9 0 
3 6 8 5 9 0 
6 3 5 8 9 0 
6 3 8 5 9 0 

461 16874672746425353066 2 6
7 8 0 6 2 3 
8 7 0 6 2 3 

469 15996805703364594649 2 6
0 2 4 6 8 7 
2 0 4 6 7 8 

1439 6958196135379870968 1 8
8 7 4 0 1 10 3 2 

3796 9986456386194346258 2 7
6 9 7 4 11 10 2 
9 6 7 4 11 10 2 

2890 7390183592197780955 4 6
8 11 6 3 9 1 
8 11 3 6 9 1 
11 8 6 3 9 1 
11 8 3 6 9 1 

726 4883031282816119501 2 6
4 7 6 2 9 1 
7 4 6 2 9 1 

1835 2510168527777233314 4 7
5 8 3 10 1 9 0 
5 8 10 3 1 9 0 
8 5 3 10 1 9 0 
8 5 10 3 1 9 0 

2649 10787235750644883003 4 6
3 6 4 11 9 0 
3 6 11 4 9 0 
6 3 4 11 9 0 
6 3 11 4 9 0 

2788 10288459994779607367 2 6
6 9 7 2 11 5 
9 6 7 2 11 5 

431 1649189116749046319 1 7
7 8 5 2 3 1 0 

485 14498150133182066701 4 6
2 0 5 6 7 8 
2 5 0 7 6 8 
2 6 7 0 5 8 
2 7 6 5 0 8 

2703 15888003921000009814 2 7
7 11 3 2 1 9 0 
11 7 3 2 1 9 0 

3099 6742444119785217371 16 6
3 10 0 1 4 11 
3 10 0 1 11 4 
3 10 4 11 1 0 
3 10 4 11 0 1 
3 10 1 0 4 11 
3 10 1 0 11 4 
3 10 11 4 1 0 
3 10 11 4 0 1 
10 3 1 0 4 11 
10 3 1 0 11 4 
10 3 4 11 0 1 
10 3 4 11 1 0 
10 3 0 1 4 11 
10 3 0 1 11 4 
10 3 11 4 0 1 
10 3 11 4 1 0 

742 3895734981893710113 2 6
5 7 6 2 9 1 
7 5 6 2 9 1 

2662 488542594256355252 4 6
2 6 5 11 9 1 
2 6 11 5 9 1 
6 2 5 11 9 1 
6 2 11 5 9 1 

498 16874672746425353066 2 6
6 7 1 8 5 4 
7 6 1 8 5 4 

490 15996805703364594649 2 6
1 5 3 8 6 7 
5 1 3 8 7 6 

3428 17185529895735680513 2 6
6 8 5 11 2 10 
8 6 5 11 2 10 

723 15612481330062267070 6 6
4 6 7 1 9 0 
4 7 6 1 9 0 
6 4 7 1 9 0 
6 7 4 1 9 0 
7 4 6 1 9 0 
7 6 4 1 9 0 

3337 227959246169979420 12 5
0 8 11 10 3 
0 8 11 3 10 
0 11 8 10 3 
0 11 8 3 10 
8 0 11 10 3 
8 0 11 3 10 
8 11 0 10 3 
8 11 0 3 10 
11 8 0 10 3 
11 8 0 3 10 
11 0 8 10 3 
11 0 8 3 10 

980 2226890699318929390 1 6
9 2 4 6 8 7 

3401 17386332500852722542 2 6
8 11 6 0 3 10 
11 8 6 0 3 10 

3540 1976146654383297665 2 7
6 8 7 4 11 10 2 
8 6 7 4 11 10 2 

1183 13223035777884108195 4 7
4 7 0 1 10 3 2 
4 7 1 0 10 3 2 
7 4 1 0 10 3 2 
7 4 0 1 10 3 2 

1237 14919924169575566437 4 6
4 7 0 6 10 2 
4 7 6 0 10 2 
7 4 6 0 10 2 
7 4 0 6 10 2 

2376 16493867128980194667 24 4
3 6 8 11 
3 6 11 8 
3 8 6 11 
3 8 11 6 
3 11 8 6 
3 11 6 8 
6 3 8 11 
6 3 11 8 
6 8 3 11 
6 8 11 3 
6 11 8 3 
6 11 3 8 
8 6 3 11 
8 6 11 3 
8 3 6 11 
8 3 11 6 
8 11 3 6 
8 11 6 3 
11 6 8 3 
11 6 3 8 
11 8 6 3 
11 8 3 6 
11 3 8 6 
11 3 6 8 

1267 13248603014122320513 1 7
7 6 10 4 5 1 0 

753 4351281990573074921 4 6
6 7 4 5 9 0 
6 7 9 0 4 5 
7 6 4 5 9 0 
7 6 9 0 4 5 

2377 16272028447959098298 4 5
8 11 6 3 0 
8 11 3 6 0 
11 8 6 3 0 
11 8 3 6 0 

754 10393412678404299735 4 6
6 7 1 9 4 5 
6 7 9 1 5 4 
7 6 1 9 4 5 
7 6 9 1 5 4 

2972 4961478233975965909 2 7
8 9 7 2 3 11 4 
9 8 7 2 3 11 4 

3274 16976282520999355428 4 6
7 11 6 1 3 10 
7 11 1 6 3 10 
11 7 6 1 3 10 
11 7 1 6 3 10 

917 18431326151362808386 2 6
2 7 8 4 9 0 
7 2 8 4 9 0 

3281 3761635496039278473 2 6
0 6 7 10 4 11 
6 0 7 10 4 11 

924 1184509719763002632 2 6
8 9 7 4 2 3 
9 8 7 4 2 3 

2000 10379782620005802382 1 6
4 10 9 7 8 6 

2257 1031511967050065677 6 5
0 6 7 11 4 
0 7 6 11 4 
6 0 7 11 4 
6 7 0 11 4 
7 6 0 11 4 
7 0 6 11 4 

1992 7813264537381953753 2 6
7 8 9 6 3 10 
8 7 9 6 3 10 

3267 10095789600070642473 2 6
7 11 6 10 0 1 
11 7 6 10 0 1 

910 9922455802016797330 2 6
7 8 9 1 2 3 
8 7 9 1 2 3 

3279 1437701461124464703 2 8
7 11 6 0 1 3 10 2 
11 7 6 0 1 3 10 2 

922 4944312786283715841 2 6
3 7 8 4 9 1 
7 3 8 4 9 1 

366 14410549859363100494 2 6
5 8 6 1 2 3 
8 5 6 1 2 3 

3832 903827951116140339 2 8
6 9 7 10 3 4 11 5 
9 6 7 10 3 4 11 5 

1475 18374469460899010481 4 6
7 8 10 6 1 0 
7 8 10 6 0 1 
8 7 10 6 0 1 
8 7 10 6 1 0 

907 15612481330062267070 6 6
3 7 8 1 9 0 
3 8 7 1 9 0 
7 3 8 1 9 0 
7 8 3 1 9 0 
8 3 7 1 9 0 
8 7 3 1 9 0 

3291 13641210916737560241 1 8
7 6 4 11 0 1 10 3 

934 6590687090933055534 2 6
2 7 8 5 9 1 
7 2 8 5 9 1 

2273 15669041373866470253 6 5
0 6 7 11 5 
0 7 6 11 5 
6 0 7 11 5 
6 7 0 11 5 
7 6 0 11 5 
7 0 6 11 5 

2764 16858205727365564729 4 6
6 9 7 11 2 3 
6 9 11 7 2 3 
9 6 7 11 2 3 
9 6 11 7 2 3 

407 17679276914396844753 2 6
2 7 8 4 0 1 
7 2 8 4 0 1 

1516 6952751879334833919 4 7
6 8 5 7 3 10 2 
6 8 5 7 10 3 2 
8 6 5 7 3 10 2 
8 6 5 7 10 3 2 

3734 5015435511617820564 2 7
7 1 9 4 11 10 2 
7 9 1 4 11 10 2 

3166 5593072891924406991 8 7
1 6 4 11 10 3 2 
1 6 4 11 3 10 2 
1 6 11 4 10 3 2 
1 6 11 4 3 10 2 
6 1 4 11 10 3 2 
6 1 4 11 3 10 2 
6 1 11 4 10 3 2 
6 1 11 4 3 10 2 

3751 5910326912180937524 1 8
7 5 11 2 10 1 9 0 

1394 13156156264668835770 2 6
6 10 8 1 4 5 
10 6 8 1 4 5 

2503 67994034743043707 1 7
7 11 8 2 6 0 1 

853 1772347820215664684 4 6
2 6 4 8 9 0 
2 6 8 4 9 0 
6 2 4 8 9 0 
6 2 8 4 9 0 

1962 1958350015209100846 1 7
8 7 5 1 9 3 10 

3024 11722185363346288552 2 6
6 7 9 8 11 4 
7 6 9 8 11 4 

860 9197999651535379497 2 6
4 8 6 9 2 3 
8 4 6 9 2 3 

1969 7000299445889813995 2 7
7 10 8 9 0 4 5 
10 7 8 9 0 4 5 

869 8762293650627267097 4 6
2 6 5 8 9 0 
2 6 8 5 9 0 
6 2 5 8 9 0 
6 2 8 5 9 0 

1940 10869953638096984335 2 6
8 9 7 4 10 2 
9 8 7 4 10 2 

1956 17244286474721858519 2 6
8 9 7 5 2 10 
9 8 7 5 2 10 

1415 11492665961789889718 2 6
7 8 0 1 2 10 
8 7 0 1 2 10 

167 3789797395801390717 12 5
2 5 7 1 0 
2 5 7 0 1 
2 7 5 0 1 
2 7 5 1 0 
5 2 7 0 1 
5 2 7 1 0 
5 7 2 0 1 
5 7 2 1 0 
7 2 5 1 0 
7 2 5 0 1 
7 5 2 1 0 
7 5 2 0 1 

2524 14928021070156645716 2 7
6 8 7 11 4 3 2 
8 6 7 11 4 3 2 

3231 16696242605557083607 2 8
0 1 7 4 11 10 3 2 
1 0 7 4 11 10 3 2 

874 7081347217010946621 8 6
3 6 5 8 1 9 
3 6 8 5 1 9 
5 8 6 3 9 1 
5 8 3 6 9 1 
6 3 5 8 1 9 
6 3 8 5 1 9 
8 5 3 6 9 1 
8 5 6 3 9 1 

3323 7065662808525141685 1 9
6 0 1 7 10 3 4 11 5 

966 228510844930607347 2 6
7 8 2 6 9 1 
8 7 2 6 9 1 

2786 1105458245727616729 4 6
6 7 9 1 11 5 
6 7 11 5 9 1 
7 6 9 1 11 5 
7 6 11 5 9 1 

429 16874672746425353066 2 6
0 8 7 5 2 3 
8 0 7 5 2 3 

2647 404653155320166783 4 7
2 6 4 11 9 1 0 
2 6 11 4 9 1 0 
6 2 4 11 9 1 0 
6 2 11 4 9 1 0 

970 4944312786283715841 2 6
7 8 3 6 9 1 
8 7 3 6 9 1 

2810 2795353325699905725 1 8
6 7 3 9 1 11 5 4 

453 12090042794949843262 4 5
0 2 7 8 6 
0 2 8 7 6 
2 0 7 8 6 
2 0 8 7 6 

1423 3421313916792923560 4 7
7 8 0 1 3 10 2 
7 8 0 1 10 3 2 
8 7 0 1 3 10 2 
8 7 0 1 10 3 2 

3780 6340229740777905566 4 6
6 9 7 11 2 10 
6 9 11 7 2 10 
9 6 7 11 2 10 
9 6 11 7 2 10 

994 4944312786283715841 2 6
6 7 5 8 1 9 
7 6 5 8 1 9 

3666 10773478618558997704 8 6
6 10 4 11 1 9 
6 10 4 11 9 1 
6 10 11 4 9 1 
6 10 11 4 1 9 
10 6 4 11 1 9 
10 6 4 11 9 1 
10 6 11 4 1 9 
10 6 11 4 9 1 

3688 11071503321896162754 4 6
6 9 5 11 3 10 
6 9 11 5 3 10 
9 6 5 11 3 10 
9 6 11 5 3 10 

3672 2909073980618687574 4 6
6 9 4 11 3 10 
6 9 11 4 3 10 
9 6 4 11 3 10 
9 6 11 4 3 10 

3811 2927109930683355685 1 8
7 6 10 11 5 9 1 0 

1454 13877433152504584173 4 7
1 8 7 5 3 10 2 
1 8 7 5 10 3 2 
8 1 7 5 3 10 2 
8 1 7 5 10 3 2 

3682 4247619308876675156 8 6
6 10 5 11 1 9 
6 10 5 11 9 1 
6 10 11 5 9 1 
6 10 11 5 1 9 
10 6 5 11 1 9 
10 6 5 11 9 1 
10 6 11 5 1 9 
10 6 11 5 9 1 

1421 6310734505842386247 12 6
0 7 8 3 10 2 
0 7 8 10 3 2 
0 8 7 3 10 2 
0 8 7 10 3 2 
7 0 8 3 10 2 
7 0 8 10 3 2 
7 8 0 3 10 2 
7 8 0 10 3 2 
8 7 0 3 10 2 
8 7 0 10 3 2 
8 0 7 3 10 2 
8 0 7 10 3 2 

3778 16790745917893077548 2 6
7 11 6 10 9 1 
11 7 6 10 9 1 

2669 3329678126802607886 4 7
5 11 6 9 0 2 3 
5 11 6 2 3 9 0 
11 5 6 2 3 9 0 
11 5 6 9 0 2 3 

1427 10943984713459079137 4 6
7 10 8 4 0 1 
7 10 8 4 1 0 
10 7 8 4 1 0 
10 7 8 4 0 1 

3784 10019025926097211747 8 6
6 9 7 11 3 10 
6 9 11 7 3 10 
7 11 9 6 3 10 
7 11 6 9 3 10 
9 6 7 11 3 10 
9 6 11 7 3 10 
11 7 6 9 3 10 
11 7 9 6 3 10 

1495 10849286498645554028 1 8
7 8 4 6 10 2 0 1 

3852 860657937076641159 12 6
8 9 11 3 10 2 
8 9 11 10 3 2 
8 11 9 10 3 2 
8 11 9 3 10 2 
9 8 11 10 3 2 
9 8 11 3 10 2 
9 11 8 10 3 2 
9 11 8 3 10 2 
11 8 9 3 10 2 
11 8 9 10 3 2 
11 9 8 3 10 2 
11 9 8 10 3 2 

1492 4605810254616994756 2 6
6 8 4 7 10 2 
8 6 4 7 10 2 

3849 9858548908241643620 4 6
8 11 10 3 9 0 
8 11 3 10 9 0 
11 8 3 10 9 0 
11 8 10 3 9 0 

1523 10849286498645554028 1 8
7 6 10 8 4 5 1 0 

3880 6854583174861315075 4 6
8 9 3 10 11 5 
8 9 10 3 11 5 
9 8 3 10 11 5 
9 8 10 3 11 5 

2771 4790039352582042698 2 7
6 7 11 4 9 1 0 
7 6 11 4 9 1 0 

3969 16173072509212668018 2 6
7 10 8 11 9 0 
10 7 8 11 9 0 

3972 4974587339885055020 2 6
8 9 7 11 2 10 
9 8 7 11 2 10 

1754 7956082507564930806 2 7
4 7 6 9 1 10 3 
7 4 6 9 1 10 3 

3976 10351014819506457538 2 6
8 9 7 11 3 10 
9 8 7 11 3 10 

3984 11104980034516325512 4 6
7 10 8 9 4 11 
7 10 9 8 4 11 
10 7 8 9 4 11 
10 7 9 8 4 11 

1766 8424328293832482996 2 7
5 7 6 9 1 2 10 
7 5 6 9 1 2 10 

3905 2889395908250848975 4 6
8 11 10 6 9 0 
8 11 6 10 9 0 
11 8 6 10 9 0 
11 8 10 6 9 0 

4044 16420918939159399105 1 8
8 9 6 11 7 3 10 2 

1687 5641711908099411784 2 7
4 7 10 2 1 9 0 
7 4 10 2 1 9 0 

4000 5418172643513739231 4 6
8 9 7 10 11 5 
8 9 10 7 11 5 
9 8 7 10 11 5 
9 8 10 7 11 5 

2891 12291178169377500876 4 7
8 11 3 6 9 1 0 
8 11 6 3 9 1 0 
11 8 3 6 9 1 0 
11 8 6 3 9 1 0 

3936 2311648592394580664 2 6
6 10 8 9 11 5 
10 6 8 9 11 5 

1718 10428418198769775265 4 7
7 1 9 4 5 10 2 
7 1 9 10 2 4 5 
7 9 1 4 5 10 2 
7 9 1 10 2 4 5 

3912 10351014819506457538 2 6
8 11 6 9 3 10 
11 8 6 9 3 10 

4051 18147966531752560246 1 9
7 6 10 8 4 11 9 1 0 

1694 13351492887929875022 4 7
4 7 1 9 10 3 2 
4 7 9 1 10 3 2 
7 4 1 9 10 3 2 
7 4 9 1 10 3 2 

3906 5418172643513739231 4 6
8 11 10 6 9 1 
8 11 6 10 9 1 
11 8 6 10 9 1 
11 8 10 6 9 1 

4032 6395218669490643350 2 6
9 11 10 8 6 7 
11 9 10 8 7 6 

247 1649189116749046319 1 7
7 6 2 5 4 0 1 

2663 4331564032589027224 4 7
2 6 5 11 9 1 0 
2 6 11 5 9 1 0 
6 2 5 11 9 1 0 
6 2 11 5 9 1 0 

2772 9593978156151878657 2 6
6 9 7 2 11 4 
9 6 7 2 11 4 

415 15466700752827916144 1 7
7 8 4 2 3 0 1 

3881 5571461208557720139 2 7
3 10 8 11 5 9 0 
10 3 8 11 5 9 0 

1524 9080532571001942515 4 7
6 8 7 4 5 10 2 
6 8 7 10 2 4 5 
8 6 7 4 5 10 2 
8 6 7 10 2 4 5 

2796 1852438374557916297 2 7
6 9 7 11 5 2 3 
9 6 7 11 5 2 3 

439 535842279781282823 2 7
2 7 8 1 0 5 4 
7 2 8 1 0 5 4 

351 806181063518107653 2 7
4 8 6 2 3 0 1 
8 4 6 2 3 0 1 

375 14106777537310195675 2 7
2 6 8 5 4 1 0 
6 2 8 5 4 1 0 

367 14106777537310195675 2 7
5 8 6 2 3 0 1 
8 5 6 2 3 0 1 

382 9450442772378887173 1 7
8 6 1 5 4 2 3 

3848 4272346194586776052 12 5
8 9 11 10 3 
8 9 11 3 10 
8 11 9 10 3 
8 11 9 3 10 
9 8 11 10 3 
9 8 11 3 10 
9 11 8 10 3 
9 11 8 3 10 
11 8 9 10 3 
11 8 9 3 10 
11 9 8 10 3 
11 9 8 3 10 

1491 15734456971495755891 4 7
7 4 8 10 6 1 0 
7 4 8 10 6 0 1 
7 10 6 4 8 0 1 
7 10 6 4 8 1 0 

477 9623445446682723184 1 7
8 0 6 4 7 2 3 

471 4337938774463275843 1 7
7 2 6 4 8 0 1 

463 14928021070156645716 2 7
7 8 6 0 1 2 3 
8 7 6 0 1 2 3 

2681 15888003921000009814 2 7
3 6 9 0 11 5 4 
6 3 9 0 11 5 4 

501 12308062104452290435 1 7
6 2 7 0 8 5 4 

493 9373536775504140627 4 7
8 5 7 0 6 2 3 
8 6 0 7 5 2 3 
8 7 5 6 0 2 3 
8 0 6 5 7 2 3 

2711 3450408508677228257 4 7
2 7 4 11 1 9 0 
2 7 11 4 1 9 0 
7 2 4 11 1 9 0 
7 2 11 4 1 9 0 

487 11202713578653533756 2 7
7 2 6 5 8 1 0 
7 5 8 2 6 0 1 

475 790516843372801578 8 7
7 3 6 4 8 0 1 
7 3 6 4 8 1 0 
7 4 8 3 6 0 1 
7 4 8 3 6 1 0 
7 6 3 8 4 0 1 
7 6 3 8 4 1 0 
7 8 4 6 3 0 1 
7 8 4 6 3 1 0 

499 14928021070156645716 2 7
6 7 8 1 0 5 4 
7 6 8 1 0 5 4 

491 4337938774463275843 1 7
7 5 8 3 6 1 0 

506 9623445446682723184 1 7
6 1 8 3 7 5 4 

494 12308062104452290435 1 7
8 5 7 1 6 2 3 

502 9373536775504140627 4 7
6 2 7 1 8 5 4 
6 1 8 2 7 5 4 
6 7 2 8 1 5 4 
6 8 1 7 2 5 4 

3052 14027948375289718765 1 8
8 6 9 7 11 5 2 3 

695 15888003921000009814 2 7
2 7 5 4 1 9 0 
7 2 5 4 1 9 0 

2905 14074924842317065512 2 7
3 6 8 11 4 9 0 
6 3 8 11 4 9 0 

733 6968778210806191132 2 7
4 7 6 9 0 2 3 
7 4 6 9 0 2 3 

2951 15358746476674566144 2 7
2 7 8 11 9 1 0 
7 2 8 11 9 1 0 

757 9483676939734653028 1 7
6 7 2 9 0 5 4 

727 8911963790407229813 2 7
4 7 6 2 9 1 0 
7 4 6 2 9 1 0 

761 9450442772378887173 1 7
6 7 3 9 0 4 5 

749 17690913305515774044 2 7
5 7 6 9 0 2 3 
7 5 6 9 0 2 3 

743 13336825362474208276 2 7
5 7 6 2 9 1 0 
7 5 6 2 9 1 0 

1852 4177130576748454021 4 7
8 9 4 5 3 10 2 
8 9 4 5 10 3 2 
9 8 4 5 3 10 2 
9 8 4 5 10 3 2 

755 17159358529374694084 2 7
6 7 4 5 1 9 0 
7 6 4 5 1 9 0 

3115 1324319414895847602 8 6
3 10 5 11 1 0 
3 10 5 11 0 1 
3 10 11 5 1 0 
3 10 11 5 0 1 
10 3 5 11 0 1 
10 3 5 11 1 0 
10 3 11 5 0 1 
10 3 11 5 1 0 

758 14894540419728166228 1 7
6 7 2 9 1 5 4 

747 13205893756489539324 2 7
5 7 6 3 1 9 0 
7 5 6 3 1 9 0 

2965 11055837438335184002 2 7
2 7 8 9 0 11 4 
7 2 8 9 0 11 4 

3282 7399962910614851020 2 6
1 6 7 10 4 11 
6 1 7 10 4 11 

925 1257966346026747717 1 7
8 7 4 9 0 2 3 

919 6359191150223941577 2 7
2 7 8 4 9 1 0 
7 2 8 4 9 1 0 

911 595636793659656917 2 7
7 8 2 3 9 1 0 
8 7 2 3 9 1 0 

2020 15336379548571243688 1 7
8 9 6 5 7 2 10 

923 6240505942365427595 2 7
3 7 8 4 1 9 0 
7 3 8 4 1 9 0 

2032 803669288979595868 1 7
6 10 7 9 8 4 5 

3298 12148035905133148358 2 6
1 6 7 10 5 11 
6 1 7 10 5 11 

941 1257966346026747717 1 7
7 8 5 2 3 9 0 

3159 9626445967036781118 2 7
4 11 6 0 1 2 10 
11 4 6 0 1 2 10 

3307 4636866082970227224 1 8
6 7 0 1 11 5 3 10 

950 5866059460329691127 2 7
2 7 8 9 1 5 4 
7 2 8 9 1 5 4 

935 16304375767609918208 2 7
2 7 8 5 9 1 0 
7 2 8 5 9 1 0 

3311 12666775386317093224 1 9
6 0 1 7 11 5 3 10 2 

954 922567959627868429 2 7
3 7 8 9 1 5 4 
7 3 8 9 1 5 4 

861 17690913305515774044 2 7
4 8 6 2 3 9 0 
8 4 6 2 3 9 0 

1970 11630869069428476992 2 7
7 10 8 1 9 4 5 
10 7 8 1 9 4 5 

855 3809705692600733092 4 7
2 6 4 8 9 1 0 
2 6 8 4 9 1 0 
6 2 4 8 9 1 0 
6 2 8 4 9 1 0 

1964 10594882081816845066 2 7
8 9 7 5 3 10 2 
9 8 7 5 3 10 2 

3219 17235445063179503656 4 6
7 10 0 1 4 11 
7 10 1 0 4 11 
10 7 1 0 4 11 
10 7 0 1 4 11 

862 14316296289160365329 2 7
4 8 6 2 3 9 1 
8 4 6 2 3 9 1 

885 4049306063467829 2 7
2 6 8 4 5 9 0 
6 2 8 4 5 9 0 

1994 2340423393818528874 2 7
7 8 6 3 10 9 1 
8 7 6 3 10 9 1 

746 7878346581168650013 2 6
5 7 6 3 9 1 
7 5 6 3 9 1 

3103 16387258889983267353 16 7
0 1 4 11 10 3 2 
0 1 4 11 3 10 2 
0 1 11 4 3 10 2 
0 1 11 4 10 3 2 
1 0 4 11 10 3 2 
1 0 4 11 3 10 2 
1 0 11 4 3 10 2 
1 0 11 4 10 3 2 
4 11 0 1 10 3 2 
4 11 0 1 3 10 2 
4 11 1 0 3 10 2 
4 11 1 0 10 3 2 
11 4 1 0 10 3 2 
11 4 1 0 3 10 2 
11 4 0 1 3 10 2 
11 4 0 1 10 3 2 

892 9483676939734653028 1 7
6 8 9 2 3 4 5 

2001 15138575135908916493 1 7
7 4 8 10 6 9 0 

889 2775835214424565932 2 7
3 6 8 4 5 9 0 
6 3 8 4 5 9 0 

871 5781217024963346923 4 7
2 6 5 8 9 1 0 
2 6 8 5 9 1 0 
6 2 5 8 9 1 0 
6 2 8 5 9 1 0 

3235 10773478618558997704 8 6
7 10 0 1 5 11 
7 10 0 1 11 5 
7 10 1 0 5 11 
7 10 1 0 11 5 
10 7 1 0 5 11 
10 7 1 0 11 5 
10 7 0 1 5 11 
10 7 0 1 11 5 

878 5394586756189149794 2 7
5 8 6 2 3 9 1 
8 5 6 2 3 9 1 

1987 12568308766072110319 2 7
7 8 10 6 1 9 0 
8 7 10 6 1 9 0 

981 12639535532325321237 1 7
7 2 6 4 8 9 0 

3247 12093300663188530505 2 8
0 1 7 5 11 3 10 2 
1 0 7 5 11 3 10 2 

890 15341510996264652095 2 7
3 6 8 5 4 9 1 
6 3 8 5 4 9 1 

973 12105473433436420084 4 7
7 8 6 2 3 9 0 
7 8 6 9 0 2 3 
8 7 6 2 3 9 0 
8 7 6 9 0 2 3 

875 12601094406029164176 4 7
3 6 5 8 1 9 0 
3 6 8 5 1 9 0 
6 3 5 8 1 9 0 
6 3 8 5 1 9 0 

988 39195406710073689 1 7
8 9 6 4 7 2 3 

985 9373536775504140627 4 7
7 3 6 4 8 9 0 
7 4 8 3 6 9 0 
7 6 3 8 4 9 0 
7 8 4 6 3 9 0 

967 17454603844173812081 2 7
7 8 2 6 9 1 0 
8 7 2 6 9 1 0 

3339 2697401929923771168 4 6
8 11 3 10 0 1 
8 11 10 3 0 1 
11 8 3 10 0 1 
11 8 10 3 0 1 

982 362591629927465279 1 7
7 2 6 4 8 9 1 

979 6240505942365427595 2 7
6 7 4 8 1 9 0 
7 6 4 8 1 9 0 

971 6240505942365427595 2 7
7 8 3 6 1 9 0 
8 7 3 6 1 9 0 

3189 15888003921000009814 2 7
0 6 2 10 11 5 4 
6 0 2 10 11 5 4 

974 391163385644185155 2 7
7 8 6 9 1 2 3 
8 7 6 9 1 2 3 

1009 7350137850154501283 4 7
6 7 8 4 5 9 0 
6 7 8 9 0 4 5 
7 6 8 4 5 9 0 
7 6 8 9 0 4 5 

870 561839936952577197 4 6
2 6 5 8 9 1 
2 6 8 5 9 1 
6 2 5 8 9 1 
6 2 8 5 9 1 

3227 13862052053911242390 2 7
0 1 7 10 3 4 11 
1 0 7 10 3 4 11 

3369 617661753329989754 4 6
0 8 3 10 11 5 
0 8 10 3 11 5 
8 0 3 10 11 5 
8 0 10 3 11 5 

1012 15031677358062197265 2 7
6 2 7 9 8 4 5 
6 9 8 2 7 5 4 

3354 14763667964014860493 8 6
1 8 3 10 4 11 
1 8 3 10 11 4 
1 8 10 3 4 11 
1 8 10 3 11 4 
8 1 3 10 4 11 
8 1 3 10 11 4 
8 1 10 3 4 11 
8 1 10 3 11 4 

997 39195406710073689 1 7
7 2 6 5 8 9 0 

858 9722979461760547237 8 6
3 6 4 8 9 1 
3 6 8 4 9 1 
4 8 6 3 9 1 
4 8 3 6 9 1 
6 3 4 8 9 1 
6 3 8 4 9 1 
8 4 3 6 9 1 
8 4 6 3 9 1 

3215 11242868281854523797 4 7
7 11 0 1 3 10 2 
7 11 1 0 3 10 2 
11 7 1 0 3 10 2 
11 7 0 1 3 10 2 

1004 12639535532325321237 1 7
8 9 6 5 7 2 3 

995 1912653166523298938 2 7
6 7 5 8 1 9 0 
7 6 5 8 1 9 0 

1010 1118810914417687537 4 7
6 7 8 1 9 4 5 
6 7 8 9 1 5 4 
7 6 8 1 9 4 5 
7 6 8 9 1 5 4 

3359 14312466321039544530 4 8
8 0 1 11 4 10 3 2 
8 0 1 11 4 3 10 2 
8 11 4 0 1 3 10 2 
8 11 4 0 1 10 3 2 

1002 4083307954386914987 2 7
7 3 6 5 8 1 9 
7 5 8 3 6 9 1 

3429 8842444997246960877 1 7
8 6 0 11 5 2 10 

3556 10075109480510940229 2 7
6 8 7 5 11 2 10 
8 6 7 5 11 2 10 

1199 16971438689501117288 8 7
5 7 0 1 3 10 2 
5 7 0 1 10 3 2 
5 7 1 0 3 10 2 
5 7 1 0 10 3 2 
7 5 1 0 3 10 2 
7 5 1 0 10 3 2 
7 5 0 1 3 10 2 
7 5 0 1 10 3 2 

3417 13256462864530929865 1 7
8 6 0 4 11 10 3 

1245 8816850069255169550 4 7
4 7 0 6 10 3 2 
4 7 6 0 10 3 2 
7 4 6 0 10 3 2 
7 4 0 6 10 3 2 

3463 7497119037294493690 1 7
8 7 11 0 1 2 10 

1246 17916749692863371139 4 7
4 7 1 6 10 3 2 
4 7 6 1 10 3 2 
7 4 6 1 10 3 2 
7 4 1 6 10 3 2 

1259 3496174892923321000 4 7
5 7 6 1 0 3 10 
5 7 6 1 0 10 3 
7 5 6 1 0 3 10 
7 5 6 1 0 10 3 

3477 7564414071876138473 2 7
0 8 7 10 2 4 11 
8 0 7 10 2 4 11 

3631 13951647749923552435 4 8
5 11 3 10 2 1 9 0 
5 11 10 3 2 1 9 0 
11 5 3 10 2 1 9 0 
11 5 10 3 2 1 9 0 

1274 17135561696590709748 2 7
1 6 7 4 5 10 3 
6 1 7 4 5 10 3 

2383 16294467964081232607 2 7
8 11 6 2 3 0 1 
11 8 6 2 3 0 1 

1261 2075113722142399976 16 7
0 6 5 7 3 10 2 
0 6 5 7 10 3 2 
0 6 7 5 3 10 2 
0 6 7 5 10 3 2 
5 7 0 6 3 10 2 
5 7 0 6 10 3 2 
5 7 6 0 3 10 2 
5 7 6 0 10 3 2 
6 0 5 7 3 10 2 
6 0 5 7 10 3 2 
6 0 7 5 3 10 2 
6 0 7 5 10 3 2 
7 5 6 0 3 10 2 
7 5 6 0 10 3 2 
7 5 0 6 3 10 2 
7 5 0 6 10 3 2 

1262 12009729586733586925 8 7
5 7 1 6 3 10 2 
5 7 1 6 10 3 2 
5 7 6 1 3 10 2 
5 7 6 1 10 3 2 
7 5 6 1 3 10 2 
7 5 6 1 10 3 2 
7 5 1 6 3 10 2 
7 5 1 6 10 3 2 

3684 18229268731000990704 4 6
6 9 5 11 2 10 
6 9 11 5 2 10 
9 6 5 11 2 10 
9 6 11 5 2 10 

1327 18250479437704793542 4 7
5 8 1 0 3 10 2 
5 8 1 0 10 3 2 
8 5 1 0 3 10 2 
8 5 1 0 10 3 2 

3794 11791054650651484698 1 7
7 6 10 4 11 9 1 

1437 18428671508197789158 2 7
0 8 7 4 10 3 2 
8 0 7 4 10 3 2 

2546 6240505942365427595 2 7
6 7 1 8 11 5 4 
7 6 1 8 11 5 4 

3788 1194049549167483606 4 7
6 9 7 11 3 10 2 
6 9 11 7 3 10 2 
9 6 7 11 3 10 2 
9 6 11 7 3 10 2 

1431 13248603014122320513 1 7
7 8 4 10 2 0 1 

183 10787235750644883003 4 6
2 7 0 1 5 4 
2 7 1 0 5 4 
7 2 1 0 5 4 
7 2 0 1 5 4 

2540 1118810914417687537 4 7
6 8 7 5 11 3 2 
6 8 7 11 5 2 3 
8 6 7 5 11 3 2 
8 6 7 11 5 2 3 

3699 15471994061003360431 2 8
6 10 11 5 4 1 9 0 
10 6 11 5 4 1 9 0 

1342 4177130576748454021 4 7
1 8 5 4 3 10 2 
1 8 5 4 10 3 2 
8 1 5 4 3 10 2 
8 1 5 4 10 3 2 

1203 6155932333666066302 4 6
7 10 0 1 4 5 
7 10 1 0 4 5 
10 7 1 0 4 5 
10 7 0 1 4 5 

3560 2340423393818528874 2 7
6 8 7 3 10 11 5 
8 6 7 3 10 11 5 

3792 10021429914249057787 2 6
6 9 7 10 4 11 
9 6 7 10 4 11 

1435 12738775511620915274 2 7
7 8 4 10 3 1 0 
7 8 4 10 3 0 1 

3795 8966761889686331125 1 8
7 6 10 4 11 9 1 0 

1438 9349597185463633217 2 7
1 8 7 4 10 3 2 
8 1 7 4 10 3 2 

3810 18337025714567797446 2 7
6 7 10 9 1 11 5 
7 6 10 11 5 9 1 

1453 6952751879334833919 4 7
0 8 7 5 3 10 2 
0 8 7 5 10 3 2 
8 0 7 5 3 10 2 
8 0 7 5 10 3 2 

3818 2523456776965979159 2 8
6 7 9 1 11 5 3 10 
7 6 11 5 9 1 3 10 

1461 11007963890627674880 2 7
0 8 7 10 2 4 5 
8 0 7 10 2 4 5 

3804 13279442908400562521 2 8
6 9 7 4 11 10 3 2 
9 6 7 4 11 10 3 2 

1447 1649189116749046319 1 7
7 8 5 2 10 1 0 

3819 11466319284335959905 1 9
7 11 5 6 3 10 9 1 0 

1462 17452611025731632831 2 7
1 8 7 10 2 4 5 
8 1 7 10 2 4 5 

3816 6482705530079391171 2 7
6 9 7 11 5 3 10 
9 6 7 11 5 3 10 

1459 3618674516883147499 2 7
7 10 8 1 0 4 5 
10 7 8 1 0 4 5 

3808 16790745917893077548 2 6
6 9 7 10 11 5 
9 6 7 10 11 5 

1451 9643379402299530109 2 7
8 7 5 1 0 3 10 
8 7 5 1 0 10 3 

3669 1541847609564788104 2 7
6 4 11 2 10 9 0 
6 11 4 2 10 9 0 

3730 12910462043704453361 4 6
7 10 1 9 4 11 
7 10 9 1 4 11 
10 7 9 1 4 11 
10 7 1 9 4 11 

1373 4484080646593301328 2 7
4 8 6 0 10 3 2 
8 4 6 0 10 3 2 

1367 3925862371631316267 2 7
4 8 6 10 2 0 1 
8 4 6 10 2 0 1 

3758 11842435130378852257 2 8
1 9 7 5 11 3 10 2 
9 1 7 5 11 3 10 2 

1401 7076118250534931180 1 7
8 6 0 4 5 10 3 

2510 9623445446682723184 1 7
8 11 7 1 6 3 2 

3746 4247619308876675156 8 6
7 10 1 9 5 11 
7 10 1 9 11 5 
7 10 9 1 5 11 
7 10 9 1 11 5 
10 7 9 1 5 11 
10 7 9 1 11 5 
10 7 1 9 5 11 
10 7 1 9 11 5 

1389 6952751879334833919 4 7
5 8 6 0 3 10 2 
5 8 6 0 10 3 2 
8 5 6 0 3 10 2 
8 5 6 0 10 3 2 

1371 13561801203869556055 4 7
4 8 6 10 3 1 0 
4 8 6 10 3 0 1 
8 4 6 10 3 0 1 
8 4 6 10 3 1 0 

3755 16898414864606805964 1 8
7 3 10 11 5 1 9 0 

1398 3384646830532002064 1 7
8 6 1 4 5 10 2 

2507 8399483108355691593 1 7
7 11 8 3 6 0 1 

1383 14106777537310195675 2 7
5 8 6 2 10 0 1 
8 5 6 2 10 0 1 

3759 13200714626082212089 1 9
7 5 11 1 9 0 3 10 2 

1402 14610324490988777957 1 7
8 6 1 4 5 10 3 

3850 6854583174861315075 4 6
8 11 10 3 9 1 
8 11 3 10 9 1 
11 8 3 10 9 1 
11 8 10 3 9 1 

1493 6285327887964995163 1 7
8 4 7 0 6 10 2 

3854 15767921081404410100 4 7
8 11 9 1 3 10 2 
8 11 9 1 10 3 2 
11 8 9 1 3 10 2 
11 8 9 1 10 3 2 

1497 12977037398129266027 1 7
8 4 7 0 6 10 3 

1485 6952751879334833919 4 7
7 8 0 6 3 10 2 
7 8 0 6 10 3 2 
8 7 0 6 3 10 2 
8 7 0 6 10 3 2 

1387 14167683450073100917 4 7
5 8 6 3 10 1 0 
5 8 6 10 3 1 0 
8 5 6 3 10 1 0 
8 5 6 10 3 1 0 

3851 10195024184835707240 4 7
8 11 3 10 9 1 0 
8 11 10 3 9 1 0 
11 8 3 10 9 1 0 
11 8 10 3 9 1 0 

1494 17974621378251901094 1 7
8 4 7 1 6 10 2 

3836 1089991230041804820 2 9
6 9 7 4 11 5 10 3 2 
9 6 7 4 11 5 10 3 2 

1479 14928021070156645716 2 7
7 8 6 0 1 2 10 
8 7 6 0 1 2 10 

1486 3845140913395222800 4 7
7 8 1 6 3 10 2 
7 8 1 6 10 3 2 
8 7 1 6 3 10 2 
8 7 1 6 10 3 2 

3704 8215151524433904470 2 7
6 9 3 10 11 5 4 
9 6 3 10 11 5 4 

1521 17974621378251901094 1 7
6 10 7 0 8 4 5 

3866 10109425070627434799 2 7
3 10 8 9 1 11 4 
10 3 8 9 1 11 4 

1509 9373536775504140627 4 7
8 5 7 0 6 2 10 
8 6 0 7 5 2 10 
8 7 5 6 0 2 10 
8 0 6 5 7 2 10 

3870 734775278738250563 2 8
8 9 1 11 4 10 3 2 
8 9 1 11 4 3 10 2 

1513 15950740021354894251 8 7
8 5 7 0 6 3 10 
8 5 7 0 6 10 3 
8 6 0 7 5 3 10 
8 6 0 7 5 10 3 
8 7 5 6 0 3 10 
8 7 5 6 0 10 3 
8 0 6 5 7 3 10 
8 0 6 5 7 10 3 

1374 11857378102473817911 2 7
4 8 6 1 10 3 2 
8 4 6 1 10 3 2 

3731 17535637687686376179 2 7
7 10 4 11 1 9 0 
10 7 4 11 1 9 0 

3864 11438958068167067158 4 6
8 9 3 10 11 4 
8 9 10 3 11 4 
9 8 3 10 11 4 
9 8 10 3 11 4 

1507 4337938774463275843 1 7
7 5 8 10 6 1 0 

3867 3761734022499525883 2 8
3 10 8 11 4 9 1 0 
10 3 8 11 4 9 1 0 

1510 12308062104452290435 1 7
8 5 7 1 6 2 10 

4060 16385632393881642404 1 9
8 6 9 7 4 11 10 3 2 

1703 15888003921000009814 2 7
5 7 2 10 1 9 0 
7 5 2 10 1 9 0 

4072 7256304662719010957 1 8
8 6 9 7 11 5 3 10 

1715 5641711908099411784 2 7
7 10 4 5 1 9 0 
10 7 4 5 1 9 0 

1722 102161658249082289 2 7
1 9 7 10 3 4 5 
9 1 7 10 3 4 5 

4067 2962269048116748326 1 9
7 6 10 8 11 5 9 1 0 

1710 16495264043472339936 8 7
5 7 1 9 3 10 2 
5 7 1 9 10 3 2 
5 7 9 1 3 10 2 
5 7 9 1 10 3 2 
7 5 1 9 3 10 2 
7 5 1 9 10 3 2 
7 5 9 1 3 10 2 
7 5 9 1 10 3 2 

1749 2033470585171620859 2 7
4 7 6 9 0 10 2 
7 4 6 9 0 10 2 

4064 16083485025580063834 1 7
6 9 8 10 7 11 5 

1707 17835580681073958040 4 7
5 7 3 10 1 9 0 
5 7 10 3 1 9 0 
7 5 3 10 1 9 0 
7 5 10 3 1 9 0 

1753 5472581607272815609 2 7
4 7 6 9 0 10 3 
7 4 6 9 0 10 3 

1747 7346712564134341478 2 7
4 7 6 10 1 9 0 
7 4 6 10 1 9 0 

1756 18076045711562671565 4 7
4 7 6 9 10 3 2 
4 7 9 6 10 3 2 
7 4 6 9 10 3 2 
7 4 9 6 10 3 2 

1765 928986588651358506 2 7
5 7 6 9 0 2 10 
7 5 6 9 0 2 10 

1769 2001329734534584413 2 7
5 7 6 9 0 3 10 
7 5 6 9 0 3 10 

1772 15458867801950627759 4 7
6 9 5 7 3 10 2 
6 9 7 5 3 10 2 
9 6 5 7 3 10 2 
9 6 7 5 3 10 2 

1763 2207029936878570574 2 7
5 7 6 10 1 9 0 
7 5 6 10 1 9 0 

1784 4131417641469840326 2 7
6 9 7 4 5 10 3 
9 6 7 4 5 10 3 

2893 17695836206287034060 2 7
8 11 6 2 3 9 0 
11 8 6 2 3 9 0 

1778 10851746401478895197 1 7
7 6 10 4 5 1 9 

2887 1744824892206521328 4 7
8 11 2 6 9 1 0 
8 11 6 2 9 1 0 
11 8 2 6 9 1 0 
11 8 6 2 9 1 0 

1821 4177130576748454021 4 7
4 8 9 0 3 10 2 
4 8 9 0 10 3 2 
8 4 9 0 3 10 2 
8 4 9 0 10 3 2 

1770 15420118999858397211 2 7
5 7 6 9 1 3 10 
7 5 6 9 1 3 10 

1822 5197273007788550468 4 7
4 8 9 1 3 10 2 
4 8 9 1 10 3 2 
8 4 9 1 3 10 2 
8 4 9 1 10 3 2 

1819 3874719437538952180 4 7
4 8 3 10 1 9 0 
4 8 10 3 1 9 0 
8 4 3 10 1 9 0 
8 4 10 3 1 9 0 

1941 2181492473569099098 1 7
7 8 4 10 2 9 0 

1933 3143853619146472680 2 7
7 8 9 0 3 10 2 
8 7 9 0 3 10 2 

3042 15009157674517814499 4 7
6 7 8 9 1 11 5 
6 7 8 11 5 9 1 
7 6 8 9 1 11 5 
7 6 8 11 5 9 1 

1945 4370967655612821098 1 7
7 8 4 10 3 9 0 

1927 18013713548552896213 2 7
7 8 2 10 9 1 0 
8 7 2 10 9 1 0 

1939 13067051622467405193 2 7
7 10 8 4 1 9 0 
10 7 8 4 1 9 0 

3048 458955362824955801 1 7
6 9 8 3 7 11 5 

1942 12855371382551041482 1 7
7 8 4 10 2 9 1 

1948 6893945058718344056 2 7
8 9 7 4 10 3 2 
9 8 7 4 10 3 2 

1934 2868876866639134784 2 7
7 8 9 1 3 10 2 
8 7 9 1 3 10 2 

1946 17628000059948138279 1 7
7 8 4 10 3 9 1 

1957 2055924946130597784 1 7
7 8 5 2 10 9 0 

1972 1274634390860770807 2 7
8 9 7 10 2 4 5 
9 8 7 10 2 4 5 

1976 6074595032749627982 2 7
8 9 7 10 3 4 5 
9 8 7 10 3 4 5 

1958 7113020077345713410 1 7
7 8 5 2 10 9 1 

1955 17742294909632269206 2 7
7 10 8 5 1 9 0 
10 7 8 5 1 9 0 

1877 14514096052310525733 2 7
4 8 6 10 2 9 0 
8 4 6 10 2 9 0 

2986 17312126042151327396 2 7
3 7 8 9 1 11 5 
7 3 8 9 1 11 5 

1881 10644303450030666476 2 7
4 8 6 10 3 9 0 
8 4 6 10 3 9 0 

1884 11964911600448815927 2 7
4 8 6 9 10 3 2 
8 4 6 9 10 3 2 

1878 4942972208605040217 2 7
4 8 6 10 2 9 1 
8 4 6 10 2 9 1 

1893 9550252456378839518 2 7
5 8 6 2 10 9 0 
8 5 6 2 10 9 0 

1908 13553013283652555225 1 7
6 8 9 10 2 4 5 

3017 14284906613371774307 1 7
7 11 8 3 6 9 0 

1905 16323029431962078811 2 7
6 10 8 4 5 9 0 
10 6 8 4 5 9 0 

3014 13759775519077787311 1 7
7 11 8 2 6 9 1 

1912 2039901521886678105 1 7
8 6 9 4 5 10 3 

1897 8319031997109975858 2 7
5 8 6 3 10 9 0 
8 5 6 3 10 9 0 

1882 2551933976626813584 2 7
4 8 6 10 3 9 1 
8 4 6 10 3 9 1 

1906 12424327483666612138 2 7
6 10 8 4 5 1 9 
10 6 8 4 5 1 9 

1894 6111776850507783995 2 7
5 8 6 2 10 9 1 
8 5 6 2 10 9 1 

1891 7799929658612966348 4 7
5 8 6 10 1 9 0 
5 8 10 6 1 9 0 
8 5 6 10 1 9 0 
8 5 10 6 1 9 0 

3000 11548341233216068120 4 7
8 9 7 3 11 5 4 
8 9 3 7 11 5 4 
9 8 7 3 11 5 4 
9 8 3 7 11 5 4 

1989 7571575744093162779 2 7
7 8 6 2 10 9 0 
8 7 6 2 10 9 0 

2004 18346332792701472335 1 7
8 4 7 9 6 10 2 

1898 14592911419055538838 2 7
5 8 6 3 10 9 1 
8 5 6 3 10 9 1 

1996 3215588910884284201 2 7
7 8 9 6 3 10 2 
8 7 9 6 3 10 2 

2008 8700995396040215900 1 7
8 4 7 9 6 10 3 

2002 12120481313243179991 1 7
7 4 8 10 6 9 1 

2024 4294963001794880523 1 7
8 9 6 5 7 3 10 

2207 9626445967036781118 2 7
0 1 7 11 4 3 2 
1 0 7 11 4 3 2 

2231 12054778531063478931 4 7
2 7 0 1 11 5 4 
2 7 1 0 11 5 4 
7 2 1 0 11 5 4 
7 2 0 1 11 5 4 

2223 12192777117210778319 4 7
0 1 7 5 11 3 2 
0 1 7 11 5 2 3 
1 0 7 5 11 3 2 
1 0 7 11 5 2 3 

2143 9626445967036781118 2 7
4 11 6 0 1 2 3 
11 4 6 0 1 2 3 

2159 926381451480997358 2 7
5 11 6 0 1 2 3 
11 5 6 0 1 2 3 

2235 9749882673944868258 4 7
3 7 0 1 11 5 4 
3 7 1 0 11 5 4 
7 3 1 0 11 5 4 
7 3 0 1 11 5 4 

2167 8309064354427136865 2 7
2 6 0 1 11 5 4 
6 2 0 1 11 5 4 

2171 3450408508677228257 4 7
3 6 0 1 11 5 4 
3 6 1 0 11 5 4 
6 3 1 0 11 5 4 
6 3 0 1 11 5 4 

2269 13600937938857824937 2 7
0 6 7 11 4 3 2 
6 0 7 11 4 3 2 

2255 13600937938857824937 2 7
7 11 6 0 1 2 3 
11 7 6 0 1 2 3 

2267 10571687022849578327 1 7
7 6 3 11 4 0 1 

2263 10571687022849578327 1 7
6 7 2 0 1 11 4 

2270 8312182314777364329 2 7
1 6 7 11 4 3 2 
6 1 7 11 4 3 2 

2285 5866059460329691127 2 7
0 6 7 11 5 2 3 
6 0 7 11 5 2 3 

2279 1902926450235701544 1 7
6 7 2 0 1 11 5 

2297 17287040802069337722 2 7
0 6 7 3 11 5 4 
6 0 7 3 11 5 4 

3406 8755218514250118754 2 7
8 11 6 1 3 10 2 
11 8 6 1 3 10 2 

2294 6240505942365427595 2 7
1 6 7 2 11 5 4 
6 1 7 2 11 5 4 

3403 10969886051822685826 2 7
8 11 6 3 10 0 1 
11 8 6 3 10 0 1 

2283 9715233818210261061 1 7
6 7 3 0 1 11 5 

2298 1421330833246235467 2 7
1 6 7 3 11 5 4 
6 1 7 3 11 5 4 

2459 17613039374874588419 2 7
3 7 8 0 1 11 4 
7 3 8 0 1 11 4 

1211 14170867935841226558 2 7
0 1 7 10 3 4 5 
1 0 7 10 3 4 5 

3568 7112463457607878284 2 7
6 8 10 7 4 11 5 
8 6 10 7 4 11 5 

2462 806181063518107653 2 7
1 8 7 3 2 11 4 
8 1 7 3 2 11 4 

2485 6693444869534389641 4 7
0 8 7 2 11 5 4 
0 8 2 7 11 5 4 
8 0 7 2 11 5 4 
8 0 2 7 11 5 4 

2486 16053474203727244198 8 7
1 8 7 2 11 5 4 
1 8 2 7 11 5 4 
2 7 1 8 11 5 4 
2 7 8 1 11 5 4 
7 2 1 8 11 5 4 
7 2 8 1 11 5 4 
8 1 7 2 11 5 4 
8 1 2 7 11 5 4 

2397 17367651120325301066 1 7
8 6 0 11 4 2 3 

3506 16946020096821142119 4 7
7 10 1 8 4 11 5 
7 10 8 1 4 11 5 
10 7 8 1 4 11 5 
10 7 1 8 4 11 5 

2391 17613039374874588419 2 7
2 6 8 11 4 0 1 
6 2 8 11 4 0 1 

2398 15466700752827916144 1 7
6 8 1 3 2 11 4 

2421 9208545995527722908 2 7
2 6 8 0 11 5 4 
6 2 8 0 11 5 4 

3530 4294963001794880523 1 7
8 11 7 1 6 3 10 

2413 14894540419728166228 1 7
8 6 0 11 5 2 3 

2425 8725061833380529406 2 7
3 6 8 0 11 5 4 
6 3 8 0 11 5 4 

2395 8011408638427886177 2 7
3 6 8 11 4 0 1 
6 3 8 11 4 0 1 

2428 17159358529374694084 2 7
6 8 2 3 11 5 4 
8 6 2 3 11 5 4 

3537 2740627955103016987 1 7
6 10 7 0 8 4 11 

2422 6240505942365427595 2 7
2 6 8 1 11 5 4 
6 2 8 1 11 5 4 

2407 4932162733071792197 2 7
2 6 8 11 5 0 1 
6 2 8 11 5 0 1 

2414 5664726680729547859 1 7
6 8 1 3 2 5 11 

3523 7818275709507847678 1 7
7 11 8 10 6 0 1 

2426 13205893756489539324 2 7
3 6 8 1 11 5 4 
6 3 8 1 11 5 4 

2411 7822462525017472877 2 7
3 6 8 11 5 0 1 
6 3 8 11 5 0 1 

2521 67994034743043707 1 7
6 0 8 3 7 11 4 

1273 17641343067391272619 2 7
0 6 7 4 5 10 3 
6 0 7 4 5 10 3 

3630 4122638144166611593 16 7
1 9 5 11 10 3 2 
1 9 5 11 3 10 2 
1 9 11 5 10 3 2 
1 9 11 5 3 10 2 
5 11 1 9 3 10 2 
5 11 1 9 10 3 2 
5 11 9 1 3 10 2 
5 11 9 1 10 3 2 
9 1 5 11 10 3 2 
9 1 5 11 3 10 2 
9 1 11 5 10 3 2 
9 1 11 5 3 10 2 
11 5 9 1 3 10 2 
11 5 9 1 10 3 2 
11 5 1 9 10 3 2 
11 5 1 9 3 10 2 

2515 15318149602705555624 4 7
6 7 8 0 1 11 4 
6 7 8 11 4 0 1 
7 6 8 0 1 11 4 
7 6 8 11 4 0 1 

2518 790516843372801578 8 7
6 2 7 1 8 4 11 
6 2 7 1 8 11 4 
6 1 8 2 7 4 11 
6 1 8 2 7 11 4 
6 7 2 8 1 4 11 
6 7 2 8 1 11 4 
6 8 1 7 2 4 11 
6 8 1 7 2 11 4 

1270 11007963890627674880 2 7
1 6 7 4 5 10 2 
6 1 7 4 5 10 2 

3627 8909945767247721804 4 7
3 10 5 11 1 9 0 
3 10 11 5 1 9 0 
10 3 5 11 1 9 0 
10 3 11 5 1 9 0 

2533 16423591976848366215 1 7
6 0 8 2 7 11 5 

3642 8909945767247721804 4 7
3 10 9 1 11 5 4 
3 10 1 9 11 5 4 
10 3 9 1 11 5 4 
10 3 1 9 11 5 4 

2545 5679535915868528875 2 7
6 7 0 8 11 5 4 
7 6 0 8 11 5 4 

191 7561287847758457050 4 7
0 1 7 5 4 2 3 
0 1 7 2 3 5 4 
1 0 7 5 4 2 3 
1 0 7 2 3 5 4 

2548 6240505942365427595 2 7
6 8 2 7 11 5 4 
8 6 2 7 11 5 4 

2537 362591629927465279 1 7
6 0 8 3 7 11 5 

358 12090042794949843262 4 5
5 8 6 2 1 
5 8 2 6 1 
8 5 2 6 1 
8 5 6 2 1 

2715 8309064354427136865 2 7
3 7 11 4 1 9 0 
7 3 11 4 1 9 0 

2727 6716069777052761786 2 7
2 7 5 11 1 9 0 
7 2 5 11 1 9 0 

374 16874672746425353066 2 6
2 6 8 1 5 4 
6 2 8 1 5 4 

2731 6716069777052761786 2 7
3 7 11 5 1 9 0 
7 3 11 5 1 9 0 

2734 3847238632712577093 4 7
1 9 7 5 11 3 2 
1 9 7 11 5 2 3 
9 1 7 5 11 3 2 
9 1 7 11 5 2 3 

389 16493867128980194667 24 4
0 2 7 8 
0 2 8 7 
0 7 2 8 
0 7 8 2 
0 8 7 2 
0 8 2 7 
2 0 7 8 
2 0 8 7 
2 7 0 8 
2 7 8 0 
2 8 7 0 
2 8 0 7 
7 2 0 8 
7 2 8 0 
7 0 2 8 
7 0 8 2 
7 8 0 2 
7 8 2 0 
8 2 7 0 
8 2 0 7 
8 7 2 0 
8 7 0 2 
8 0 7 2 
8 0 2 7 

2746 17630981902112594380 4 7
3 7 1 9 11 5 4 
3 7 9 1 11 5 4 
7 3 1 9 11 5 4 
7 3 9 1 11 5 4 

2742 8965381117055640161 4 7
2 7 1 9 11 5 4 
2 7 9 1 11 5 4 
7 2 1 9 11 5 4 
7 2 9 1 11 5 4 

2653 13808411860606195943 4 7
6 4 11 2 3 9 0 
6 4 11 9 0 2 3 
6 11 4 9 0 2 3 
6 11 4 2 3 9 0 

1405 38864246426601188 1 8
8 6 0 4 5 10 3 2 

3762 7853939898785516248 4 7
7 10 1 9 4 11 5 
7 10 9 1 4 11 5 
10 7 9 1 4 11 5 
10 7 1 9 4 11 5 

2651 12054778531063478931 4 7
3 6 4 11 1 9 0 
3 6 11 4 1 9 0 
6 3 4 11 1 9 0 
6 3 11 4 1 9 0 

2654 1581653509310691497 2 7
4 11 6 9 1 2 3 
11 4 6 9 1 2 3 

2684 9767997133275804305 2 7
6 9 2 3 11 5 4 
9 6 2 3 11 5 4 

3793 1812966750817402775 1 7
7 6 10 4 11 9 0 

2670 15163950198802966968 2 7
5 11 6 9 1 2 3 
11 5 6 9 1 2 3 

1422 12101926199069525000 12 6
1 7 8 3 10 2 
1 7 8 10 3 2 
1 8 7 3 10 2 
1 8 7 10 3 2 
7 1 8 3 10 2 
7 1 8 10 3 2 
7 8 1 3 10 2 
7 8 1 10 3 2 
8 7 1 3 10 2 
8 7 1 10 3 2 
8 1 7 3 10 2 
8 1 7 10 3 2 

3779 8540722933693929837 2 7
7 11 6 10 9 1 0 
11 7 6 10 9 1 0 

2678 6535814325294961672 2 7
2 6 9 1 11 5 4 
6 2 9 1 11 5 4 

2773 1743056080856617974 1 7
6 7 2 9 0 11 4 

2682 6716069777052761786 2 7
3 6 9 1 11 5 4 
6 3 9 1 11 5 4 

2765 2509215945379826710 2 7
7 11 6 9 0 2 3 
11 7 6 9 0 2 3 

2777 5169731978899067612 1 7
6 7 3 9 0 11 4 

423 12216236925529264147 2 6
2 7 8 5 1 0 
7 2 8 5 1 0 

2780 12927084138991791443 2 7
6 9 7 11 4 2 3 
9 6 7 11 4 2 3 

2759 12212841073529372336 2 7
7 11 6 2 9 1 0 
11 7 6 2 9 1 0 

2766 2706190595794313469 2 7
7 11 6 9 1 2 3 
11 7 6 9 1 2 3 

2763 14333422110019241005 2 7
7 11 6 3 9 1 0 
11 7 6 3 9 1 0 

421 12090042794949843262 4 5
2 7 0 8 5 
2 7 8 0 5 
7 2 0 8 5 
7 2 8 0 5 

2778 7863192722047931994 1 7
7 6 3 11 4 9 1 

2774 7058578053118789351 1 7
6 7 2 9 1 11 4 

2789 11624825950317894199 1 7
6 7 2 9 0 11 5 

2801 4963314721246841651 2 7
6 7 9 0 11 5 4 
7 6 9 0 11 5 4 

447 9959707401259748467 1 8
7 8 2 3 1 0 5 4 

2804 4819773105937788130 2 7
6 9 7 2 11 5 4 
9 6 7 2 11 5 4 

2793 371306902018175692 1 7
6 7 3 9 0 11 5 

2808 2956915688248248808 2 7
6 9 7 3 11 5 4 
9 6 7 3 11 5 4 

430 16422845455431186346 2 6
1 8 7 5 2 3 
8 1 7 5 2 3 

2787 5556745336496510125 2 7
6 7 11 5 9 1 0 
7 6 11 5 9 1 0 

2790 15945983111446454238 1 7
6 7 2 9 1 11 5 

445 6097040236179777565 2 7
0 8 7 2 3 5 4 
8 0 7 2 3 5 4 

2802 3865834224483922632 2 7
6 7 9 1 11 5 4 
7 6 9 1 11 5 4 

437 13173563819687789126 4 6
2 7 0 8 5 4 
2 7 8 0 5 4 
7 2 0 8 5 4 
7 2 8 0 5 4 

2794 6391960834313955237 2 7
6 7 3 9 1 11 5 
7 6 3 11 5 9 1 

2969 16044958432549696647 2 7
3 7 8 9 0 11 4 
7 3 8 9 0 11 4 

2955 6543654177053036767 2 7
3 7 8 11 9 1 0 
7 3 8 11 9 1 0 

2996 10928944532379481148 4 7
8 9 7 2 11 5 4 
8 9 2 7 11 5 4 
9 8 7 2 11 5 4 
9 8 2 7 11 5 4 

2988 10575705926709795899 2 7
8 9 7 2 3 11 5 
9 8 7 2 3 11 5 

2901 2477842406632181662 2 7
2 6 8 11 4 9 0 
6 2 8 11 4 9 0 

2908 465882741671192404 1 7
8 6 9 11 4 2 3 

2902 10514694293143452352 2 7
2 6 8 11 4 9 1 
6 2 8 11 4 9 1 

2894 17380746370234687783 2 7
8 11 6 2 3 9 1 
11 8 6 2 3 9 1 

2906 18118488405396596920 2 7
3 6 8 11 4 9 1 
6 3 8 11 4 9 1 

2917 17059935160169472005 2 7
2 6 8 11 5 9 0 
6 2 8 11 5 9 0 

2932 4626976418976242675 2 7
2 6 8 9 11 5 4 
6 2 8 9 11 5 4 

2924 12581185484799799079 1 7
8 6 9 11 5 2 3 

2936 4276700862438510649 2 7
3 6 8 9 11 5 4 
6 3 8 9 11 5 4 

2921 399579874887069980 2 7
3 6 8 11 5 9 0 
6 3 8 11 5 9 0 

2918 7390395037844514992 2 7
2 6 8 11 5 9 1 
6 2 8 11 5 9 1 

2922 17312126042151327396 2 7
3 6 8 11 5 9 1 
6 3 8 11 5 9 1 

3028 14409213707203635745 1 7
6 9 8 2 7 11 4 

3020 6827738221253207129 1 7
8 9 6 11 7 2 3 

3025 10536342719248695717 2 7
6 7 8 11 4 9 0 
7 6 8 11 4 9 0 

3011 8784322061398595306 2 7
6 7 11 8 9 1 0 
7 6 11 8 9 1 0 

3018 458955362824955801 1 7
7 11 8 3 6 9 1 

687 15888003921000009814 2 7
5 7 2 3 1 9 0 
7 5 2 3 1 9 0 

3044 6686692390181876693 1 7
6 9 8 2 7 11 5 

3056 13866730547709431317 2 7
6 7 9 8 11 5 4 
7 6 9 8 11 5 4 

3026 1263627880979245982 2 7
6 7 8 9 1 11 4 
7 6 8 9 1 11 4 

3131 11445218221399809687 4 7
3 10 0 1 11 5 4 
3 10 1 0 11 5 4 
10 3 1 0 11 5 4 
10 3 0 1 11 5 4 

3223 14445806499289900651 2 7
7 1 0 4 11 10 2 
7 0 1 4 11 10 2 

3239 11608356123954037346 2 7
0 1 7 5 11 2 10 
1 0 7 5 11 2 10 

886 11771948830407245911 2 7
2 6 8 5 4 9 1 
6 2 8 5 4 9 1 

3243 9297846671903192024 2 7
0 1 7 3 10 11 5 
1 0 7 3 10 11 5 

3165 16971438689501117288 8 7
0 6 4 11 10 3 2 
0 6 4 11 3 10 2 
0 6 11 4 10 3 2 
0 6 11 4 3 10 2 
6 0 4 11 10 3 2 
6 0 4 11 3 10 2 
6 0 11 4 10 3 2 
6 0 11 4 3 10 2 

894 14403430839773383322 1 8
6 8 2 3 5 4 9 1 

3251 2762132276328237348 4 7
7 10 0 1 4 11 5 
7 10 1 0 4 11 5 
10 7 1 0 4 11 5 
10 7 0 1 4 11 5 

3163 4379645000936855142 8 7
4 11 6 3 10 0 1 
4 11 6 3 10 1 0 
4 11 6 10 3 0 1 
4 11 6 10 3 1 0 
11 4 6 3 10 1 0 
11 4 6 3 10 0 1 
11 4 6 10 3 1 0 
11 4 6 10 3 0 1 

3175 926381451480997358 2 7
5 11 6 0 1 2 10 
11 5 6 0 1 2 10 

3193 17835580681073958040 4 7
0 6 3 10 11 5 4 
0 6 10 3 11 5 4 
6 0 3 10 11 5 4 
6 0 10 3 11 5 4 

3181 16495264043472339936 8 7
0 6 5 11 10 3 2 
0 6 5 11 3 10 2 
0 6 11 5 10 3 2 
0 6 11 5 3 10 2 
6 0 5 11 10 3 2 
6 0 5 11 3 10 2 
6 0 11 5 10 3 2 
6 0 11 5 3 10 2 

3179 14526530804882341613 8 7
5 11 6 3 10 0 1 
5 11 6 3 10 1 0 
5 11 6 10 3 0 1 
5 11 6 10 3 1 0 
11 5 6 3 10 1 0 
11 5 6 3 10 0 1 
11 5 6 10 3 1 0 
11 5 6 10 3 0 1 

3285 6502484311800973120 2 7
0 6 7 4 11 10 2 
6 0 7 4 11 10 2 

932 15476917387195100497 4 5
2 7 8 9 5 
2 7 9 8 5 
7 2 8 9 5 
7 2 9 8 5 

3289 13536764537278967660 2 7
0 6 7 4 11 10 3 
6 0 7 4 11 10 3 

3271 15296490365994369539 2 7
7 11 6 0 1 2 10 
11 7 6 0 1 2 10 

920 12090042794949843262 4 5
8 9 7 3 4 
8 9 3 7 4 
9 8 7 3 4 
9 8 3 7 4 

3277 5135081753968821613 4 7
0 6 7 11 3 10 2 
0 6 11 7 3 10 2 
6 0 7 11 3 10 2 
6 0 11 7 3 10 2 

3286 7885122271405025401 2 7
1 6 7 4 11 10 2 
6 1 7 4 11 10 2 

926 549126466908732824 1 7
7 8 4 2 3 9 1 

3283 7613129820704293718 1 7
7 6 10 4 11 0 1 

921 16874672746425353066 2 6
3 7 8 4 9 0 
7 3 8 4 9 0 

3278 491246732498085224 4 7
7 11 6 1 3 10 2 
7 11 1 6 3 10 2 
11 7 6 1 3 10 2 
11 7 1 6 3 10 2 

918 17346163999987561741 2 6
2 7 8 4 9 1 
7 2 8 4 9 1 

3275 5038884417871818606 2 7
7 11 6 0 1 3 10 
11 7 6 0 1 3 10 

933 1184509719763002632 2 6
2 7 8 5 9 0 
7 2 8 5 9 0 

3290 15238923904173812481 2 7
1 6 7 4 11 10 3 
6 1 7 4 11 10 3 

956 3289332452176191812 2 7
8 9 7 2 3 5 4 
9 8 7 2 3 5 4 

3313 9108492075891069339 2 7
0 6 7 10 4 11 5 
6 0 7 10 4 11 5 

3301 3121150927696847929 2 7
0 6 7 11 5 2 10 
6 0 7 11 5 2 10 

942 10658469809778732328 1 7
7 8 5 2 3 9 1 

3299 15428293609560515486 1 7
6 7 10 0 1 11 5 

948 2858476723564263007 8 6
2 7 8 9 4 5 
2 7 9 8 4 5 
7 2 8 9 4 5 
7 2 9 8 4 5 
8 9 7 2 5 4 
8 9 2 7 5 4 
9 8 7 2 5 4 
9 8 2 7 5 4 

3305 11595619970166637243 2 7
0 6 7 11 5 3 10 
6 0 7 11 5 3 10 

3302 2622456153933812751 2 7
1 6 7 5 11 2 10 
6 1 7 5 11 2 10 

949 3289332452176191812 2 7
2 7 8 9 0 4 5 
7 2 8 9 0 4 5 

3306 15420118999858397211 2 7
1 6 7 11 5 3 10 
6 1 7 11 5 3 10 

957 8507734820954725471 2 8
7 8 2 3 9 0 4 5 
8 7 9 0 2 3 5 4 

3314 2727175665447111155 2 7
1 6 7 10 4 11 5 
6 1 7 10 4 11 5 

986 15339477668348178296 4 7
7 3 6 4 8 9 1 
7 4 8 3 6 9 1 
7 6 3 8 4 9 1 
7 8 4 6 3 9 1 

3343 8055257849592457745 4 7
8 11 0 1 10 3 2 
8 11 0 1 3 10 2 
11 8 0 1 3 10 2 
11 8 0 1 10 3 2 

1000 15996805703364594649 2 6
3 9 5 6 7 8 
9 3 5 6 8 7 

3357 8055257849592457745 4 7
0 8 11 4 10 3 2 
0 8 11 4 3 10 2 
8 0 11 4 10 3 2 
8 0 11 4 3 10 2 

1016 12308062104452290435 1 7
6 9 8 3 7 4 5 

3373 15372777574751413343 4 7
0 8 11 5 10 3 2 
0 8 11 5 3 10 2 
8 0 11 5 10 3 2 
8 0 11 5 3 10 2 

998 16423591976848366215 1 7
7 2 6 5 8 9 1 

3355 13465491159776490132 4 7
3 10 8 0 1 11 4 
3 10 8 11 4 0 1 
10 3 8 0 1 11 4 
10 3 8 11 4 0 1 

3385 10817557718048162159 4 7
0 8 3 10 11 5 4 
0 8 10 3 11 5 4 
8 0 3 10 11 5 4 
8 0 10 3 11 5 4 

3481 4661498971046210327 2 7
0 8 7 10 3 4 11 
8 0 7 10 3 4 11 

3478 1418466433423096305 2 7
1 8 7 10 2 4 11 
8 1 7 10 2 4 11 

3470 16558130314886446419 2 7
1 8 7 11 3 10 2 
8 1 7 11 3 10 2 

3467 17662452275353731166 1 7
8 7 11 0 1 3 10 

3493 5328782939585365044 2 7
0 8 7 2 10 11 5 
8 0 7 2 10 11 5 

3405 13164008691711642087 2 7
8 11 6 0 3 10 2 
11 8 6 0 3 10 2 

3420 13337452898787985466 2 7
6 8 4 11 10 3 2 
8 6 4 11 10 3 2 

3414 1004660998052472784 1 7
6 8 1 10 2 4 11 

3418 11862280359471536891 1 7
8 6 1 4 11 10 3 

3411 8673725714506382217 2 7
6 10 8 4 11 0 1 
10 6 8 4 11 0 1 

3444 2385251624879691032 2 7
6 8 10 2 4 11 5 
8 6 10 2 4 11 5 

3441 3382672450895419708 2 7
6 10 8 0 4 11 5 
10 6 8 0 4 11 5 

3433 11577923510883108796 1 7
8 6 0 11 5 3 10 

3436 5451281307273339318 2 7
6 8 5 11 3 10 2 
8 6 5 11 3 10 2 

3448 13790553965543234899 2 7
6 8 10 3 4 11 5 
8 6 10 3 4 11 5 

3427 18208678063516616582 2 7
6 10 8 11 5 0 1 
10 6 8 11 5 0 1 

3430 15855275436576174320 1 7
6 8 1 2 10 5 11 

3442 920504880256483092 2 7
6 10 8 1 4 11 5 
10 6 8 1 4 11 5 

3434 1958350015209100846 1 7
8 6 1 5 11 3 10 

1175 6155932333666066302 4 6
4 7 0 1 10 2 
4 7 1 0 10 2 
7 4 1 0 10 2 
7 4 0 1 10 2 

3532 9813081301793937922 2 7
6 8 11 7 3 10 2 
8 6 11 7 3 10 2 

1366 6059386684289591168 2 6
4 8 6 1 10 2 
8 4 6 1 10 2 

3723 8215151524433904470 2 7
7 11 3 10 1 9 0 
11 7 3 10 1 9 0 

1390 14048711083198455467 4 7
5 8 6 1 3 10 2 
5 8 6 1 10 3 2 
8 5 6 1 3 10 2 
8 5 6 1 10 3 2 

3747 8637969065782293309 4 7
7 10 5 11 1 9 0 
7 10 11 5 1 9 0 
10 7 5 11 1 9 0 
10 7 11 5 1 9 0 

3673 18237214869558820739 2 7
4 11 6 3 10 9 0 
11 4 6 3 10 9 0 

3698 8637969065782293309 4 7
6 10 1 9 11 5 4 
6 10 9 1 11 5 4 
10 6 9 1 11 5 4 
10 6 1 9 11 5 4 

3781 17386652196388023367 2 7
7 11 6 9 0 2 10 
11 7 6 9 0 2 10 

1443 5812757458389724994 2 6
7 10 8 5 1 0 
10 7 8 5 1 0 

3800 391225747935049798 2 7
6 9 7 4 11 10 3 
9 6 7 4 11 10 3 

