4073 16734024229186688835 1 9
8 6 7 0 9 11 5 3 10 

4088 555258000796165883 1 9
6 8 9 7 10 3 4 11 5 

4081 6196060361474650312 1 9
6 7 10 8 0 9 4 11 5 

4069 6165509638627089284 1 9
8 6 7 0 9 11 5 2 10 

4057 5011912548405989336 1 9
8 7 6 4 11 0 9 10 3 

4054 15966172064553660774 1 9
7 8 6 4 11 10 2 9 1 

4045 12814908791031997926 1 9
8 7 11 6 0 9 3 10 2 

4053 4971011089830303332 1 9
7 8 6 4 11 10 2 0 9 

3955 17091555230617301934 2 9
6 10 8 4 11 5 0 1 9 
10 6 8 4 11 5 0 1 9 

3947 16274698245710066631 1 9
8 11 5 6 3 10 0 1 9 

3962 9725472770566735033 1 9
6 10 3 8 9 1 4 11 5 

3950 12499153430269306518 1 9
8 11 5 6 9 1 3 10 2 

3961 11396020281423550271 1 9
6 10 3 8 0 9 4 11 5 

3943 5810542898579463157 1 9
8 11 5 6 2 10 0 1 9 

3949 1094516826440394 1 9
8 11 5 6 0 9 3 10 2 

3958 18035681488214936931 1 9
6 10 2 8 9 1 4 11 5 

3919 11249103799248110307 2 9
8 11 6 3 10 2 0 1 9 
11 8 6 3 10 2 0 1 9 

3957 6563721515249157866 1 9
6 10 2 8 0 9 4 11 5 

3964 16590982292273199171 1 9
8 6 9 4 11 5 10 3 2 

3931 1876674084835333985 1 9
8 4 11 6 10 3 0 1 9 

3934 2528786438907961793 1 9
8 4 11 6 9 1 10 3 2 

3927 16959969035335416706 1 9
8 4 11 6 10 2 0 1 9 

3933 17650342989747946325 1 9
8 4 11 6 0 9 10 3 2 

4011 14695509948735252912 1 9
7 3 10 8 11 5 0 1 9 

4019 6992621673673256092 2 9
7 10 8 0 1 9 4 11 5 
10 7 8 0 1 9 4 11 5 

4026 13149606041667464105 1 9
8 9 1 7 10 3 4 11 5 

4014 7424753086375466436 1 9
8 9 1 7 11 5 3 10 2 

4007 1638245734311200297 1 9
7 2 10 8 11 5 0 1 9 

4025 348059616697868879 1 9
8 0 9 7 10 3 4 11 5 

4022 17545438145475520984 1 9
7 10 2 8 9 1 4 11 5 

4013 14851877687654912906 1 9
8 0 9 7 11 5 3 10 2 

4028 10108826801690342083 2 9
8 9 7 10 3 2 4 11 5 
9 8 7 10 3 2 4 11 5 

4021 11647716384569363621 1 9
7 10 2 8 0 9 4 11 5 

3995 9579133002506853146 1 9
7 10 3 8 4 11 0 1 9 

3983 2614197061246228909 1 9
8 7 11 0 1 9 3 10 2 

3998 15502185071525025376 1 9
8 9 1 7 4 11 10 3 2 

3899 12322261566470033464 2 9
3 10 8 0 1 9 11 5 4 
10 3 8 0 1 9 11 5 4 

3991 17969679649690181269 1 9
7 10 2 8 4 11 0 1 9 

3997 11050901288123698672 1 9
8 0 9 7 4 11 10 3 2 

3901 7030356611745429070 2 9
8 0 9 3 10 2 11 5 4 
8 0 9 10 3 2 11 5 4 

3902 8338911523318066891 2 9
8 9 1 3 10 2 11 5 4 
8 9 1 10 3 2 11 5 4 

3833 5629740779074079763 1 9
6 0 9 7 10 3 4 11 5 

3821 4498418462478829224 1 9
6 0 9 7 11 5 3 10 2 

3829 2015085055058823648 1 9
6 0 9 7 10 2 4 11 5 

3805 3350781265023406487 1 9
7 4 11 6 0 9 10 3 2 

3707 14265778918979433760 1 9
6 3 10 11 5 4 0 1 9 

3710 196168899522195062 1 9
6 9 1 11 5 4 3 10 2 

3709 11162830332344927643 1 9
6 0 9 11 5 4 3 10 2 

3703 10892186328514271392 1 9
6 2 10 11 5 4 0 1 9 

3771 15857458589977498717 1 9
7 10 3 0 1 9 4 11 5 

3767 17639250170344505527 1 9
7 10 2 0 1 9 4 11 5 

3647 7599637665165092897 2 9
3 10 2 0 1 9 11 5 4 
10 3 2 0 1 9 11 5 4 

3773 2245448087143626460 1 9
0 9 7 10 3 2 4 11 5 

3563 8348593494450250401 1 9
8 7 6 11 5 0 1 3 10 

3578 16367232848907690780 1 9
6 8 1 7 10 3 4 11 5 

3571 520894898624783150 1 9
6 7 10 8 0 1 4 11 5 

3577 13599520737058766827 1 9
6 8 0 7 10 3 4 11 5 

3559 5666636237234461341 1 9
8 6 7 0 1 11 5 2 10 

3574 4051953516591421309 1 9
6 8 1 7 10 2 4 11 5 

3565 8065600440369909074 1 9
8 6 0 7 11 5 3 10 2 

3547 13393670316805796877 1 9
8 7 6 4 11 0 1 10 3 

3580 3752048380381173695 2 9
6 8 7 10 3 2 4 11 5 
8 6 7 10 3 2 4 11 5 

3573 7356633301084843601 1 9
6 8 0 7 10 2 4 11 5 

3535 2267080198064137868 1 9
8 7 11 6 0 1 3 10 2 

3543 18393635650662466095 1 9
7 8 6 4 11 10 2 0 1 

3549 15957141025129483967 1 9
8 6 0 7 4 11 10 3 2 

3451 13569213123891151479 1 9
6 10 3 8 0 1 4 11 5 

3439 4664036442025948849 1 9
8 11 5 6 0 1 3 10 2 

3447 3728955718478274148 1 9
6 10 2 8 0 1 4 11 5 

3454 15945115556398254003 1 9
8 6 1 4 11 5 10 3 2 

3453 7613220481555994551 1 9
8 6 0 4 11 5 10 3 2 

3423 6242224320427247573 1 9
8 4 11 6 0 1 10 3 2 

3515 16561305320947164480 1 9
8 0 1 7 10 3 4 11 5 

3503 7182424252996833811 1 9
8 0 1 7 11 5 3 10 2 

3518 18047601144354540850 2 9
1 8 7 10 3 2 4 11 5 
8 1 7 10 3 2 4 11 5 

3511 5135379177727492534 1 9
7 10 2 8 0 1 4 11 5 

3517 13115956414013678291 1 9
0 8 7 10 3 2 4 11 5 

3487 9453807757099672882 1 9
8 0 1 7 4 11 10 3 2 

3391 14317854531416474936 2 9
8 0 1 3 10 2 11 5 4 
8 0 1 10 3 2 11 5 4 

3319 3478853328501686747 1 9
6 0 1 7 10 2 4 11 5 

3199 12888459815531819503 2 9
6 0 1 11 5 4 10 3 2 
6 0 1 11 5 4 3 10 2 

3066 13307614499398404545 1 9
6 7 3 8 9 1 11 5 4 

3054 3325486881580578873 1 9
8 6 7 9 1 11 5 2 3 

3047 17884446680435226810 1 9
7 6 2 8 11 5 0 1 9 

3065 9585488010770407556 1 9
6 7 3 8 0 9 11 5 4 

3053 5145891569065880998 1 9
8 6 7 0 9 11 5 2 3 

3062 564643311844473814 1 9
6 7 2 8 9 1 11 5 4 

3061 917010178808281858 1 9
6 7 2 8 0 9 11 5 4 

3068 2389920218150680659 1 9
6 8 9 7 2 3 11 5 4 

3023 9415523405455199769 1 9
7 8 11 6 2 3 0 1 9 

3031 13675114866736596349 1 9
7 6 2 8 11 4 0 1 9 

3038 6239047260135020454 1 9
8 6 7 9 1 11 4 2 3 

3037 1555254413732017157 1 9
8 6 7 0 9 11 4 2 3 

2939 14277781289169462875 2 9
3 6 8 11 5 4 0 1 9 
6 3 8 11 5 4 0 1 9 

2935 9997776564802604747 2 9
2 6 8 11 5 4 0 1 9 
6 2 8 11 5 4 0 1 9 

2927 3492676660033538690 1 9
8 11 5 6 2 3 0 1 9 

2942 8328951395042446074 1 9
6 2 3 8 9 1 11 5 4 

2941 3806274481369988871 1 9
6 2 3 8 0 9 11 5 4 

2911 11863764871196920865 1 9
8 11 4 6 2 3 0 1 9 

3003 15550999244216518758 2 9
3 7 8 0 1 9 11 5 4 
7 3 8 0 1 9 11 5 4 

2999 15475272090129261079 2 9
2 7 8 0 1 9 11 5 4 
7 2 8 0 1 9 11 5 4 

2991 15006213032206980957 1 9
7 2 3 8 11 5 0 1 9 

3006 12855415121619655461 1 9
8 9 1 7 2 3 11 5 4 

2975 4483613170323203810 1 9
7 2 3 8 11 4 0 1 9 

3005 12213496894369313978 1 9
8 0 9 7 2 3 11 5 4 

2811 7694275926157680375 1 9
7 6 3 11 5 4 0 1 9 

2807 4760976366808562214 1 9
6 7 2 0 1 9 11 5 4 

2813 5569523669602735378 1 9
6 0 9 7 2 3 11 5 4 

2751 16384838171834847232 1 9
7 2 3 0 1 9 11 5 4 

2543 6290555475742597475 1 9
8 6 7 0 1 11 5 2 3 

2555 1163447417149017554 1 9
6 7 3 8 0 1 11 5 4 

2687 10274031023218664330 1 9
6 2 3 11 5 4 0 1 9 

2558 7685734969218657245 1 9
6 8 1 7 2 3 11 5 4 

2551 7472723078310927787 1 9
6 7 2 8 0 1 11 5 4 

2557 15055548504220271726 1 9
6 8 0 7 2 3 11 5 4 

2527 9333142761961071630 1 9
8 6 7 0 1 11 4 2 3 

2431 9688124645851440769 1 9
6 2 3 8 0 1 11 5 4 

2495 10253310595096758354 1 9
8 0 1 7 2 3 11 5 4 

2303 9770109201243556739 1 9
6 0 1 7 2 3 11 5 4 

2027 16233184195447050740 1 9
7 8 5 6 3 10 0 1 9 

2042 1595368376341648698 1 9
7 8 6 4 5 10 3 9 1 

2035 3226732658268903241 1 9
7 6 10 8 4 5 0 1 9 

2030 3334193339692519845 1 9
8 7 5 6 9 1 3 10 2 

2041 13556216921883878455 1 9
8 7 6 4 5 0 9 10 3 

2023 8939414136252029170 1 9
7 8 5 6 2 10 0 1 9 

2038 13847441037129344804 1 9
7 6 8 10 2 4 5 9 1 

2029 13722145908954497592 1 9
8 7 5 6 0 9 3 10 2 

1999 7636799810456714610 2 9
7 8 6 3 10 2 0 1 9 
8 7 6 3 10 2 0 1 9 

2011 10503352067581449435 1 9
7 8 4 6 10 3 0 1 9 

2044 13470405980580318095 1 9
8 6 9 7 4 5 10 3 2 

2037 9195494011058149730 1 9
7 6 8 10 2 4 5 0 9 

2014 5826664871535090024 1 9
8 7 4 6 9 1 10 3 2 

2007 11100453635385294719 1 9
7 8 4 6 10 2 0 1 9 

1903 3926009362368054002 2 9
5 8 6 3 10 2 0 1 9 
8 5 6 3 10 2 0 1 9 

2013 9429110374937241758 1 9
8 7 4 6 0 9 10 3 2 

1915 10820078296477233919 1 9
8 4 5 6 10 3 0 1 9 

1887 11676977743157928918 2 9
4 8 6 10 3 2 0 1 9 
8 4 6 10 3 2 0 1 9 

1918 3955026280914443740 1 9
8 4 5 6 9 1 10 3 2 

1911 16570455004220509354 1 9
6 10 2 8 4 5 0 1 9 

1979 7382802706644506512 1 9
7 10 3 8 4 5 0 1 9 

1917 18184668024523171086 1 9
8 4 5 6 0 9 10 3 2 

1967 1053853043544936414 1 9
8 7 5 0 1 9 3 10 2 

1975 2762497535927985970 1 9
7 10 2 8 4 5 0 1 9 

1982 3318849930283164927 1 9
8 9 1 7 4 5 10 3 2 

1981 1683135362002803752 1 9
8 0 9 7 4 5 10 3 2 

1855 4798226862715477608 2 9
8 4 5 3 10 2 0 1 9 
8 4 5 10 3 2 0 1 9 

1775 14682262778418492595 2 9
5 7 6 0 1 9 3 10 2 
7 5 6 0 1 9 3 10 2 

1951 15323915558742649726 1 9
7 8 4 10 3 2 0 1 9 

1787 1326161797440361327 1 9
7 4 5 6 10 3 0 1 9 

1783 8777319637561588413 1 9
7 4 5 6 10 2 0 1 9 

1789 15707148156114306065 1 9
7 4 5 6 0 9 10 3 2 

1790 1003964015750190747 1 9
7 4 5 6 9 1 10 3 2 

1759 7937074932337580539 2 9
4 7 6 0 1 9 10 3 2 
7 4 6 0 1 9 10 3 2 

1531 2122533629326762512 1 9
7 8 6 4 5 10 3 0 1 

4084 11511937348360468621 1 9
6 8 9 7 10 2 4 11 5 

1727 2059680172919393275 1 9
7 4 5 0 1 9 10 3 2 

1519 486108705728942518 2 9
8 7 5 6 0 1 3 10 2 
8 7 5 6 0 1 10 3 2 

1534 4110174879015494967 1 9
8 6 1 7 4 5 10 3 2 

1533 13886834984089342991 1 9
8 6 0 7 4 5 10 3 2 

1503 7496906266897505739 1 9
8 7 4 6 0 1 10 3 2 

1407 13767657412223547703 1 9
8 4 5 6 0 1 10 3 2 

1019 9028194303268819006 1 9
7 6 3 8 4 5 0 1 9 

1279 12830814332701249887 1 9
7 4 5 6 0 1 10 3 2 

1007 9062881915417963199 1 9
7 8 5 6 2 3 0 1 9 

1022 17531354239542328000 1 9
7 6 8 2 3 5 4 9 1 

1021 3727862019036776340 1 9
6 8 7 0 9 2 3 5 4 

1015 4655819966624861880 1 9
7 6 2 8 5 4 0 1 9 

991 16197186214769507993 1 9
7 8 4 6 2 3 0 1 9 

511 8481772557248495697 1 9
7 6 8 2 3 5 4 0 1 

895 16152297771425206980 1 9
6 2 3 8 5 4 0 1 9 

959 7417746400876687356 1 9
7 2 3 8 5 4 0 1 9 

767 1276749486380218884 1 9
7 5 4 6 2 3 0 1 9 

4065 16428929220117238413 1 8
6 7 10 8 0 9 11 5 

4035 351259133344403211 1 8
7 11 8 10 6 0 1 9 

4041 4265891917233868554 1 8
8 7 11 6 0 9 3 10 

4049 14585304880651917218 1 8
7 6 10 8 4 11 0 9 

4056 15879531391051519231 1 8
8 6 9 7 4 11 10 3 

4037 15392529680300950352 1 8
8 7 11 6 0 9 2 10 

3939 6810334268430433317 2 8
6 10 8 11 5 0 1 9 
10 6 8 11 5 0 1 9 

3946 7002766808376966929 1 8
8 6 11 5 3 10 9 1 

3954 16284839741661156327 2 8
6 10 8 9 1 4 11 5 
10 6 8 9 1 4 11 5 

3945 14818492351049967815 1 8
8 6 11 5 3 10 0 9 

3942 1205830795736526326 1 8
8 6 11 5 2 10 9 1 

3960 7723420119426011615 1 8
6 8 9 10 3 4 11 5 

3953 9349114527084060753 2 8
6 10 8 0 9 4 11 5 
10 6 8 0 9 4 11 5 

3948 911927168285299723 1 8
8 6 9 11 5 3 10 2 

3941 6569553033403617062 1 8
8 6 11 5 2 10 0 9 

3956 2797479310886986673 1 8
6 8 9 10 2 4 11 5 

3915 9395281021530359350 2 8
8 11 6 3 10 0 1 9 
11 8 6 3 10 0 1 9 

3918 3408014562754548250 2 8
8 11 6 9 1 3 10 2 
11 8 6 9 1 3 10 2 

3923 8414069422060501801 2 8
6 10 8 4 11 0 1 9 
10 6 8 4 11 0 1 9 

3930 9479526543799431963 1 8
8 6 4 11 10 3 9 1 

3911 4707609747698873702 2 8
8 11 6 2 10 0 1 9 
11 8 6 2 10 0 1 9 

3929 4804163451383888253 1 8
8 6 4 11 10 3 0 9 

3917 17052561409423144672 2 8
8 11 6 0 9 3 10 2 
11 8 6 0 9 3 10 2 

3926 2564291471543229907 1 8
8 6 4 11 10 2 9 1 

3932 14537479606856900652 1 8
8 6 9 4 11 10 3 2 

4003 5897584557331625105 2 8
7 10 8 11 5 0 1 9 
10 7 8 11 5 0 1 9 

3925 12365679190186852846 1 8
8 6 4 11 10 2 0 9 

4010 7002766808376966929 1 8
8 7 9 1 3 10 11 5 

4018 10097589190712212423 2 8
7 10 8 9 1 4 11 5 
10 7 8 9 1 4 11 5 

4006 7230502492158221528 1 8
8 7 9 1 2 10 11 5 

4009 13132236376879882861 1 8
8 7 0 9 3 10 11 5 

4024 16816119765131175071 2 8
8 9 7 10 3 4 11 5 
9 8 7 10 3 4 11 5 

4017 1102866653551279211 2 8
7 10 8 0 9 4 11 5 
10 7 8 0 9 4 11 5 

4012 10888550447972247165 2 8
8 9 7 11 5 3 10 2 
9 8 7 11 5 3 10 2 

4005 10756552657690688576 1 8
8 7 0 9 2 10 11 5 

4020 15627759817305306741 2 8
8 9 7 10 2 4 11 5 
9 8 7 10 2 4 11 5 

3979 2559419555336822753 1 8
7 8 11 3 10 0 1 9 

3994 8835990616436092130 1 8
8 7 9 1 10 3 4 11 

3987 2290570788427920575 2 8
7 10 8 4 11 0 1 9 
10 7 8 4 11 0 1 9 

3982 7401250836814444279 1 8
8 7 11 9 1 3 10 2 

3975 2207979660804886025 1 8
7 8 11 2 10 0 1 9 

3990 1827435939704734249 1 8
7 8 10 2 9 1 4 11 

3993 16919890054096538278 1 8
8 7 0 9 10 3 4 11 

3996 3751559402433011933 2 8
8 9 7 4 11 10 3 2 
9 8 7 4 11 10 3 2 

3981 3054005989839726029 1 8
8 7 11 0 9 3 10 2 

3989 13826250472766828704 1 8
7 8 10 2 0 9 4 11 

3898 5716855241277496904 2 8
3 10 8 9 1 11 5 4 
10 3 8 9 1 11 5 4 

3897 14464533145871150392 2 8
3 10 8 0 9 11 5 4 
10 3 8 0 9 11 5 4 

3900 16990781285954523635 4 8
8 9 3 10 2 11 5 4 
8 9 10 3 2 11 5 4 
9 8 3 10 2 11 5 4 
9 8 10 3 2 11 5 4 

3817 15033507830139467626 1 8
6 7 0 9 11 5 3 10 

3825 10726647187783255897 1 8
6 7 10 0 9 4 11 5 

3813 13750709329926939597 1 8
6 7 0 9 11 5 2 10 

1471 10739266744600797103 1 9
8 0 1 7 4 5 10 3 2 

3828 5305886411088164307 2 8
6 9 7 10 2 4 11 5 
9 6 7 10 2 4 11 5 

3801 11270372542921140190 1 8
7 6 4 11 0 9 10 3 

3789 1003324552166202760 2 8
7 11 6 0 9 3 10 2 
11 7 6 0 9 3 10 2 

3691 13677724439441947387 2 8
5 11 6 3 10 0 1 9 
11 5 6 3 10 0 1 9 

3797 1629988056806281320 1 8
7 6 4 11 0 9 10 2 

3687 3580499577428108096 2 8
5 11 6 2 10 0 1 9 
11 5 6 2 10 0 1 9 

3706 16898414864606805964 1 8
6 3 10 9 1 11 5 4 

3702 17676912294752367235 1 8
6 9 1 2 10 11 5 4 

3693 6331031418224427463 2 8
5 11 6 0 9 3 10 2 
11 5 6 0 9 3 10 2 

3705 12079634436031937678 1 8
6 3 10 0 9 11 5 4 

3708 1108045973683694693 2 8
6 9 11 5 4 3 10 2 
9 6 11 5 4 3 10 2 

3701 10802856193588408701 1 8
6 0 9 2 10 11 5 4 

3675 12295983156610559389 2 8
4 11 6 3 10 0 1 9 
11 4 6 3 10 0 1 9 

3677 4593682678257238552 2 8
4 11 6 0 9 3 10 2 
11 4 6 0 9 3 10 2 

3671 6837170916529492450 2 8
4 11 6 2 10 0 1 9 
11 4 6 2 10 0 1 9 

3769 17616699660332475489 1 8
0 9 7 10 3 4 11 5 

3765 2978425715757134109 1 8
0 9 7 10 2 4 11 5 

3643 18208582815044662245 2 8
3 10 0 1 9 11 5 4 
10 3 0 1 9 11 5 4 

3646 13951647749923552435 4 8
1 9 3 10 2 11 5 4 
1 9 10 3 2 11 5 4 
9 1 3 10 2 11 5 4 
9 1 10 3 2 11 5 4 

3645 12018972260799707729 2 8
0 9 3 10 2 11 5 4 
0 9 10 3 2 11 5 4 

3555 2249464995626882836 1 8
7 6 10 8 11 5 0 1 

3561 13498432318190513281 1 8
8 6 0 7 11 5 3 10 

3576 17089799402415162291 2 8
6 8 7 10 3 4 11 5 
8 6 7 10 3 4 11 5 

3569 2845619668252881573 1 8
6 10 7 0 8 4 11 5 

3557 13943310252743353197 1 8
8 6 0 7 11 5 2 10 

3531 16340605059072953982 1 8
8 7 11 6 0 1 3 10 

3539 421566705950829846 1 8
7 6 10 8 4 11 0 1 

3527 7333371290411597256 1 8
8 7 11 6 0 1 2 10 

3545 7596094620560345939 1 8
8 6 0 7 4 11 10 3 

3542 17530371020460876202 1 8
6 8 1 7 10 2 4 11 

3533 8969601284642760242 1 8
8 0 6 11 7 3 10 2 

3541 1970855570163842003 1 8
8 6 0 7 4 11 10 2 

3435 3369925449333879967 1 8
8 6 11 5 3 10 0 1 

3443 9360253487852257618 2 8
6 10 8 0 1 4 11 5 
10 6 8 0 1 4 11 5 

3450 9093907992923675577 1 8
6 8 1 10 3 4 11 5 

3438 5221104628734203622 1 8
8 6 1 5 11 3 10 2 

3449 16873814507517608777 1 8
6 8 0 10 3 4 11 5 

3431 7355496280598838348 1 8
8 6 11 5 2 10 0 1 

3437 7936876824425960769 1 8
8 6 0 11 5 3 10 2 

3446 1363331965198780315 1 8
6 8 1 10 2 4 11 5 

3419 5933023831295119363 1 8
8 6 4 11 10 3 0 1 

3452 17491109697606055810 2 8
6 8 10 3 2 4 11 5 
8 6 10 3 2 4 11 5 

3445 18403879481902436845 1 8
6 8 0 10 2 4 11 5 

3407 15615266083750373758 2 8
8 11 6 0 1 3 10 2 
11 8 6 0 1 3 10 2 

3415 6829298796468909598 1 8
8 6 4 11 10 2 0 1 

3422 17144077499841510638 1 8
8 6 1 4 11 10 3 2 

3421 17658614522657796893 1 8
8 6 0 4 11 10 3 2 

3499 1080116925544895899 1 8
8 7 0 1 3 10 11 5 

3514 5429262940682270967 2 8
1 8 7 10 3 4 11 5 
8 1 7 10 3 4 11 5 

3502 9384454497804560023 2 8
1 8 7 5 11 3 10 2 
8 1 7 5 11 3 10 2 

3507 5665803060561419080 2 8
7 10 8 0 1 4 11 5 
10 7 8 0 1 4 11 5 

3495 17325625355808578482 1 8
8 7 0 1 2 10 11 5 

3510 16939985237110024999 2 8
1 8 7 10 2 4 11 5 
8 1 7 10 2 4 11 5 

3513 14925222865887222066 1 8
0 8 7 10 3 4 11 5 

3501 11374084070522296249 1 8
0 8 7 11 5 3 10 2 

3483 15202626800611388014 1 8
8 7 0 1 10 3 4 11 

3509 6860180365751484540 1 8
0 8 7 10 2 4 11 5 

3471 11264484646840140061 1 8
8 7 11 0 1 3 10 2 

3486 13060872842678777151 2 8
1 8 7 4 11 10 3 2 
8 1 7 4 11 10 3 2 

3479 5145851747864179275 1 8
7 8 10 2 0 1 4 11 

3485 13653444583723895209 1 8
0 8 7 4 11 10 3 2 

3387 9063714813322090449 2 8
3 10 8 0 1 11 5 4 
10 3 8 0 1 11 5 4 

3390 1325256378584452299 4 8
1 8 3 10 2 11 5 4 
1 8 10 3 2 11 5 4 
8 1 3 10 2 11 5 4 
8 1 10 3 2 11 5 4 

3389 10675499439964457428 2 8
0 8 3 10 2 11 5 4 
0 8 10 3 2 11 5 4 

3303 9750575351788036512 1 8
6 7 0 1 11 5 2 10 

3318 2179926660931600341 2 8
1 6 7 10 2 4 11 5 
6 1 7 10 2 4 11 5 

3317 10968869225512047654 1 8
0 6 7 10 2 4 11 5 

3287 1728430682905327903 1 8
7 6 4 11 0 1 10 2 

3195 5505594475768142394 2 8
6 3 10 0 1 11 5 4 
6 10 3 0 1 11 5 4 

3183 8524735038192431715 4 8
5 11 6 0 1 10 3 2 
5 11 6 0 1 3 10 2 
11 5 6 0 1 10 3 2 
11 5 6 0 1 3 10 2 

3198 15722789891331704661 4 8
1 6 11 5 4 10 3 2 
1 6 11 5 4 3 10 2 
6 1 11 5 4 10 3 2 
6 1 11 5 4 3 10 2 

3167 6669077744169915184 4 8
4 11 6 0 1 10 3 2 
4 11 6 0 1 3 10 2 
11 4 6 0 1 10 3 2 
11 4 6 0 1 3 10 2 

3191 16075998976458414676 1 8
6 0 1 2 10 11 5 4 

3197 5810169677183753769 2 8
0 6 11 5 4 10 3 2 
0 6 11 5 4 3 10 2 

3255 5303997766564110363 1 8
0 1 7 10 2 4 11 5 

3135 14228360139816096255 2 8
0 1 3 10 2 11 5 4 
0 1 10 3 2 11 5 4 

3049 15790833402115926734 1 8
6 7 3 8 0 9 11 5 

3046 3400325403513558338 1 8
6 7 2 8 9 1 11 5 

3057 15549685913670241868 2 8
6 7 8 0 9 11 5 4 
7 6 8 0 9 11 5 4 

3045 10050467949637397227 1 8
6 7 2 8 0 9 11 5 

3064 17513399915601351807 1 8
6 9 8 3 7 11 5 4 

3027 15370672769774771774 2 8
6 7 8 11 4 0 1 9 
7 6 8 11 4 0 1 9 

3019 10559747446108810048 1 8
7 11 8 3 6 0 1 9 

3022 1861693671664364985 1 8
8 7 11 6 9 1 2 3 

3015 2193741869787153380 1 8
7 11 8 2 6 0 1 9 

3033 11618594779237340170 1 8
6 7 3 8 0 9 11 4 

3030 13993068099943496977 1 8
6 7 2 8 9 1 11 4 

3021 8820504708715029604 1 8
8 7 11 6 0 9 2 3 

2923 7572178266558459554 2 8
3 6 8 11 5 0 1 9 
6 3 8 11 5 0 1 9 

3029 8151497592830508874 1 8
6 7 2 8 0 9 11 4 

2938 678700185076429882 2 8
3 6 8 9 1 11 5 4 
6 3 8 9 1 11 5 4 

2919 16426163789655792723 2 8
2 6 8 11 5 0 1 9 
6 2 8 11 5 0 1 9 

2926 8488176061658540541 1 8
8 6 11 5 2 3 9 1 

2937 11310473561725411931 2 8
3 6 8 0 9 11 5 4 
6 3 8 0 9 11 5 4 

2934 5339479698466788070 2 8
2 6 8 9 1 11 5 4 
6 2 8 9 1 11 5 4 

2925 5661497503430212142 1 8
8 6 11 5 2 3 0 9 

2933 3929008369969846974 2 8
2 6 8 0 9 11 5 4 
6 2 8 0 9 11 5 4 

2907 14295280071858602156 2 8
3 6 8 11 4 0 1 9 
6 3 8 11 4 0 1 9 

2940 12719495944841276357 1 8
6 8 9 2 3 11 5 4 

2895 16145588862159684359 2 8
8 11 6 2 3 0 1 9 
11 8 6 2 3 0 1 9 

2903 18395627562976645504 2 8
2 6 8 11 4 0 1 9 
6 2 8 11 4 0 1 9 

2910 2724344624688318157 1 8
8 6 11 4 2 3 9 1 

2987 5997589709516095064 2 8
3 7 8 11 5 0 1 9 
7 3 8 11 5 0 1 9 

2909 9403669383072214151 1 8
8 6 11 4 2 3 0 9 

3002 12503578154870263210 2 8
3 7 8 9 1 11 5 4 
7 3 8 9 1 11 5 4 

2983 18264453716565899149 2 8
2 7 8 11 5 0 1 9 
7 2 8 11 5 0 1 9 

3001 1749573770972011018 2 8
3 7 8 0 9 11 5 4 
7 3 8 0 9 11 5 4 

2998 12935204663577062603 2 8
2 7 8 9 1 11 5 4 
7 2 8 9 1 11 5 4 

2990 15714526600686396025 1 8
8 7 9 1 2 3 11 5 

2989 16618983469395479941 1 8
8 7 0 9 2 3 11 5 

2997 17254035448310682460 2 8
2 7 8 0 9 11 5 4 
7 2 8 0 9 11 5 4 

2971 1240274618133779184 2 8
3 7 8 11 4 0 1 9 
7 3 8 11 4 0 1 9 

3004 8977129045140575439 2 8
8 9 7 2 3 11 5 4 
9 8 7 2 3 11 5 4 

2959 20210323751634333 1 8
7 8 11 2 3 0 1 9 

2967 9039601712455401447 2 8
2 7 8 11 4 0 1 9 
7 2 8 11 4 0 1 9 

2974 5484510245298817620 1 8
8 7 9 1 2 3 11 4 

2973 4110746651927668891 1 8
8 7 0 9 2 3 11 4 

2791 14980717732845491566 1 8
7 6 2 11 5 0 1 9 

2809 11510211976251281538 1 8
6 7 3 0 9 11 5 4 

2806 2653983693305689211 1 8
6 7 2 9 1 11 5 4 

2797 14874107956633248520 1 8
6 7 0 9 11 5 2 3 

2805 3135405702347590409 1 8
6 7 2 0 9 11 5 4 

2767 12971544857196686757 2 8
7 11 6 2 3 0 1 9 
11 7 6 2 3 0 1 9 

2775 10663077574755016072 1 8
7 6 2 11 4 0 1 9 

2781 16352495037092062936 1 8
6 7 0 9 11 4 2 3 

2683 2782162573327643237 2 8
3 6 11 5 4 0 1 9 
6 3 11 5 4 0 1 9 

2671 384357272254954210 2 8
5 11 6 2 3 0 1 9 
11 5 6 2 3 0 1 9 

2679 1649476070242307734 2 8
2 6 11 5 4 0 1 9 
6 2 11 5 4 0 1 9 

2655 14341778193236861744 2 8
4 11 6 2 3 0 1 9 
11 4 6 2 3 0 1 9 

2686 16230543188923344060 1 8
6 9 1 2 3 11 5 4 

2685 3768554964157609669 1 8
6 0 9 2 3 11 5 4 

2747 5744973035322113179 2 8
3 7 0 1 9 11 5 4 
7 3 0 1 9 11 5 4 

2743 11878820558940337939 2 8
2 7 0 1 9 11 5 4 
7 2 0 1 9 11 5 4 

2539 12626754705881898395 1 8
7 6 3 8 11 5 0 1 

2749 10999165865205430421 1 8
0 9 7 2 3 11 5 4 

2554 7254683764358011031 1 8
6 1 8 3 7 11 5 4 

2547 9395980159211945188 2 8
6 7 8 0 1 11 5 4 
7 6 8 0 1 11 5 4 

2542 13843389702360956990 1 8
6 8 1 7 3 2 5 11 

2550 15600522865792985393 4 8
6 2 7 1 8 11 5 4 
6 1 8 2 7 11 5 4 
6 7 2 8 1 11 5 4 
6 8 1 7 2 11 5 4 

2535 11760608379127933583 1 8
6 7 2 8 0 1 11 5 

2553 18147448983076921091 1 8
6 0 8 3 7 11 5 4 

2541 10148435365934932729 1 8
8 6 0 7 11 5 2 3 

2556 3211713473971255291 2 8
6 8 7 2 3 11 5 4 
8 6 7 2 3 11 5 4 

2549 4044198663389852840 1 8
6 0 8 2 7 11 5 4 

2523 14675635796136271446 1 8
7 6 3 8 11 4 0 1 

2511 13327277035935342907 1 8
8 7 11 6 0 1 2 3 

2519 14219689597259750228 1 8
6 7 2 8 0 1 11 4 

2526 17520672077918018965 1 8
6 8 1 7 3 2 11 4 

2427 11914288916608503066 2 8
3 6 8 0 1 11 5 4 
6 3 8 0 1 11 5 4 

2525 15351014329145703609 1 8
8 6 0 7 11 4 2 3 

2415 13950240236400747764 1 8
8 6 11 5 2 3 0 1 

2423 5652807517383922429 2 8
2 6 8 0 1 11 5 4 
6 2 8 0 1 11 5 4 

2430 16862007203964670348 1 8
6 8 1 2 3 11 5 4 

2429 14425343193421562518 1 8
6 8 0 2 3 11 5 4 

2399 8896238958788111680 1 8
8 6 11 4 2 3 0 1 

2491 11651932807925685590 2 8
3 7 8 0 1 11 5 4 
7 3 8 0 1 11 5 4 

2494 9074080783646290617 2 8
1 8 7 2 3 11 5 4 
8 1 7 2 3 11 5 4 

2487 5658652385022396589 2 8
2 7 8 0 1 11 5 4 
7 2 8 0 1 11 5 4 

2479 3959245649850474744 1 8
8 7 0 1 2 3 11 5 

2493 13732732758536192908 1 8
0 8 7 2 3 11 5 4 

2463 2747581051175598748 1 8
8 7 0 1 2 3 11 4 

2299 13568609370802776851 1 8
6 7 3 0 1 11 5 4 

2287 4990019580246337811 1 8
6 7 0 1 11 5 2 3 

2302 17413501265348007664 2 8
1 6 7 2 3 11 5 4 
6 1 7 2 3 11 5 4 

2295 6047131156645978697 1 8
6 7 2 0 1 11 5 4 

2271 3047875541337075177 1 8
6 7 0 1 11 4 2 3 

2301 12687415172768738038 1 8
0 6 7 2 3 11 5 4 

2175 16075998976458414676 1 8
6 0 1 2 3 11 5 4 

2239 8296284154476070132 1 8
0 1 7 2 3 11 5 4 

2019 6462970624588744324 1 8
7 5 8 10 6 0 1 9 

2026 8414923863449367662 1 8
8 7 5 6 9 1 3 10 

2025 2759745777888239358 1 8
8 7 5 6 0 9 3 10 

2034 17802631975517995784 1 8
7 6 10 8 4 5 1 9 

2022 17594660909918803187 1 8
7 8 5 6 2 10 9 1 

2040 14662343617538865252 1 8
8 6 9 7 4 5 10 3 

2033 3652977203409976808 1 8
7 6 10 8 4 5 0 9 

2021 16696298325026247287 1 8
7 8 5 6 2 10 0 9 

2028 14171105432715963997 1 8
8 9 6 5 7 3 10 2 

1995 15756858041585707539 2 8
7 8 6 3 10 0 1 9 
8 7 6 3 10 0 1 9 

2036 12164893926422514761 1 8
6 8 9 7 10 2 4 5 

2010 16584831523272606450 1 8
7 8 4 6 10 3 9 1 

1998 2989185193915116792 2 8
7 8 6 9 1 3 10 2 
8 7 6 9 1 3 10 2 

2003 3512146266364279308 1 8
7 4 8 10 6 0 1 9 

1991 1664410624375350992 2 8
7 8 6 2 10 0 1 9 
8 7 6 2 10 0 1 9 

1997 6082680156649414231 2 8
7 8 6 0 9 3 10 2 
8 7 6 0 9 3 10 2 

2009 6301599065509718658 1 8
7 8 4 6 10 3 0 9 

2006 12554885348442261037 1 8
7 8 4 6 10 2 9 1 

1899 4496735843280475818 2 8
5 8 6 3 10 0 1 9 
8 5 6 3 10 0 1 9 

2005 9680745611191395775 1 8
7 8 4 6 10 2 0 9 

2012 12686761112814880082 1 8
8 4 7 9 6 10 3 2 

1895 847120717899519953 2 8
5 8 6 2 10 0 1 9 
8 5 6 2 10 0 1 9 

1907 8423780065239798580 2 8
6 10 8 4 5 0 1 9 
10 6 8 4 5 0 1 9 

1914 6219182237745976404 1 8
8 6 4 5 10 3 9 1 

1902 13649535685406389519 2 8
5 8 6 9 1 3 10 2 
8 5 6 9 1 3 10 2 

1913 12941465630836921492 1 8
8 6 4 5 10 3 0 9 

1910 4280422560875316811 1 8
6 8 10 2 4 5 9 1 

1901 12688140113533202763 2 8
5 8 6 0 9 3 10 2 
8 5 6 0 9 3 10 2 

1883 11099363465453548279 2 8
4 8 6 10 3 0 1 9 
8 4 6 10 3 0 1 9 

1909 15174493528604454322 1 8
6 8 10 2 4 5 0 9 

1916 9407703007652937779 1 8
8 6 9 4 5 10 3 2 

1886 15449463335258768582 2 8
4 8 6 9 1 10 3 2 
8 4 6 9 1 10 3 2 

1879 3799756377930476359 2 8
4 8 6 10 2 0 1 9 
8 4 6 10 2 0 1 9 

1885 16906601611467628709 2 8
4 8 6 0 9 10 3 2 
8 4 6 0 9 10 3 2 

1963 883663561497822125 1 8
7 8 5 3 10 0 1 9 

1971 10118918593713956414 2 8
7 10 8 4 5 0 1 9 
10 7 8 4 5 0 1 9 

1978 7489240863582185297 1 8
7 8 10 3 9 1 4 5 

1966 2204679765231810980 1 8
8 7 5 9 1 3 10 2 

1959 13605123222514442588 1 8
7 8 5 2 10 0 1 9 

1977 9067730574032946332 1 8
8 7 0 9 10 3 4 5 

1974 11326206833064454423 1 8
7 8 10 2 9 1 4 5 

1965 11781989566807481359 1 8
8 7 5 0 9 3 10 2 

1973 1453067672858397092 1 8
7 8 10 2 0 9 4 5 

1980 9561834005369552366 2 8
8 9 7 4 5 10 3 2 
9 8 7 4 5 10 3 2 

1947 5118985450652240272 1 8
7 8 4 10 3 0 1 9 

1935 15198038658932849992 2 8
7 8 3 10 2 0 1 9 
8 7 3 10 2 0 1 9 

1950 7664767303789710537 1 8
8 7 4 9 1 10 3 2 

1943 15884172569262103990 1 8
7 8 4 10 2 0 1 9 

1851 12287959423358156615 2 8
3 10 8 4 5 0 1 9 
10 3 8 4 5 0 1 9 

1839 14768652569773798677 4 8
5 8 3 10 2 0 1 9 
5 8 10 3 2 0 1 9 
8 5 3 10 2 0 1 9 
8 5 10 3 2 0 1 9 

1949 15487957076436430797 1 8
8 7 4 0 9 10 3 2 

1854 15623865660586740209 4 8
8 1 9 4 5 3 10 2 
8 1 9 4 5 10 3 2 
8 9 1 5 4 3 10 2 
8 9 1 5 4 10 3 2 

1823 2655866388893967558 4 8
4 8 3 10 2 0 1 9 
4 8 10 3 2 0 1 9 
8 4 3 10 2 0 1 9 
8 4 10 3 2 0 1 9 

1771 11440920730565066639 2 8
5 7 6 3 10 0 1 9 
7 5 6 3 10 0 1 9 

1853 9376733583763760101 2 8
8 0 9 4 5 3 10 2 
8 0 9 4 5 10 3 2 

1767 10696491534333130523 2 8
5 7 6 2 10 0 1 9 
7 5 6 2 10 0 1 9 

1774 16791653683962165690 2 8
5 7 6 9 1 3 10 2 
7 5 6 9 1 3 10 2 

1779 9216256191753879001 1 8
7 6 10 4 5 0 1 9 

1786 6359438507225739438 1 8
7 6 4 5 9 1 10 3 

1773 10835972846488699757 2 8
5 7 6 0 9 3 10 2 
7 5 6 0 9 3 10 2 

1785 7132032141801121354 1 8
7 6 4 5 0 9 10 3 

1782 18132114891936143138 1 8
7 6 4 5 9 1 10 2 

1755 8542939680944053485 2 8
4 7 6 10 3 0 1 9 
7 4 6 10 3 0 1 9 

1788 5679544525825952230 2 8
6 9 7 4 5 10 3 2 
9 6 7 4 5 10 3 2 

1781 6745972650695895965 1 8
7 6 4 5 0 9 10 2 

1758 5420775165009497790 2 8
4 7 6 9 1 10 3 2 
7 4 6 9 1 10 3 2 

1751 18230346682725999792 2 8
4 7 6 10 2 0 1 9 
7 4 6 10 2 0 1 9 

1757 17697048295063682913 2 8
4 7 6 0 9 10 3 2 
7 4 6 0 9 10 3 2 

4080 7984697463939847369 1 8
6 10 7 9 8 4 11 5 

1723 18374593729112999034 1 8
7 10 3 4 5 0 1 9 

4068 15285862863915233518 1 8
8 6 9 7 11 5 2 10 

1711 6618739962909491579 4 8
5 7 0 1 9 3 10 2 
5 7 0 1 9 10 3 2 
7 5 0 1 9 3 10 2 
7 5 0 1 9 10 3 2 

1726 16483227583884229916 2 8
1 9 7 4 5 10 3 2 
9 1 7 4 5 10 3 2 

4076 9124851870564314466 1 9
8 6 9 7 11 5 3 10 2 

1719 3152588467682196046 2 8
7 4 5 10 2 0 1 9 
7 10 2 4 5 0 1 9 

1515 9750321318632731021 2 8
8 7 5 6 0 1 3 10 
8 7 5 6 0 1 10 3 

4052 8229687932968962407 1 8
8 6 9 7 4 11 10 2 

1695 14664018880094172221 2 8
4 7 0 1 9 10 3 2 
7 4 0 1 9 10 3 2 

4082 110506067594086430 1 9
6 7 10 8 9 1 4 11 5 

1725 10021534100675133379 1 8
0 9 7 4 5 10 3 2 

3887 5258058008463671146 2 9
8 11 5 3 10 2 0 1 9 
8 11 5 10 3 2 0 1 9 

1530 18035262284061547473 1 8
8 6 1 7 4 5 10 3 

1518 11281099511854686384 2 8
8 5 7 1 6 3 10 2 
8 5 7 1 6 10 3 2 

3886 17696055372193480679 4 8
8 9 1 11 5 10 3 2 
8 9 1 11 5 3 10 2 
8 11 5 9 1 3 10 2 
8 11 5 9 1 10 3 2 

1529 7601427582684856423 1 8
8 6 0 7 4 5 10 3 

1517 12947131066700873414 2 8
8 0 6 5 7 3 10 2 
8 0 6 5 7 10 3 2 

3883 6961379292262429768 2 8
3 10 8 11 5 0 1 9 
10 3 8 11 5 0 1 9 

1526 755083878850558793 1 8
8 6 1 7 4 5 10 2 

1532 6404333629695762085 2 8
6 8 7 4 5 10 3 2 
8 6 7 4 5 10 3 2 

1487 1644734905423605550 4 8
7 8 6 0 1 3 10 2 
7 8 6 0 1 10 3 2 
8 7 6 0 1 3 10 2 
8 7 6 0 1 10 3 2 

1499 11529723737806390932 1 8
7 8 4 6 10 3 0 1 

1502 16812186310587063568 1 8
8 4 7 1 6 10 3 2 

1391 15942086110730924365 4 8
5 8 6 0 1 3 10 2 
5 8 6 0 1 10 3 2 
8 5 6 0 1 3 10 2 
8 5 6 0 1 10 3 2 

1501 4370125091793557877 1 8
8 4 7 0 6 10 3 2 

1403 6614956427655532845 1 8
8 6 4 5 10 3 0 1 

1375 3480098048546357357 2 8
4 8 6 0 1 10 3 2 
8 4 6 0 1 10 3 2 

1399 14015876154287822087 1 8
6 8 10 2 4 5 0 1 

3763 12511898940264161770 2 8
7 10 0 1 9 4 11 5 
10 7 0 1 9 4 11 5 

1406 8556584783595889714 1 8
8 6 1 4 5 10 3 2 

3827 5245261773330105730 1 9
7 6 10 4 11 5 0 1 9 

1470 2281498211575648408 2 8
1 8 7 4 5 10 3 2 
8 1 7 4 5 10 3 2 

1263 5468566372542020726 4 8
5 7 6 0 1 3 10 2 
5 7 6 0 1 10 3 2 
7 5 6 0 1 3 10 2 
7 5 6 0 1 10 3 2 

3820 5501612190070533876 2 8
6 9 7 11 5 3 10 2 
9 6 7 11 5 3 10 2 

1463 7876408600911110231 1 8
7 8 10 2 0 1 4 5 

3826 4488194225930112612 1 8
6 7 10 9 1 4 11 5 

1469 15285135007335357191 1 8
0 8 7 4 5 10 3 2 

1275 16827192241498973542 1 8
7 6 4 5 0 1 10 3 

1003 7734344074125076087 1 8
7 3 6 5 8 0 1 9 

1278 11968749008855432586 2 8
1 6 7 4 5 10 3 2 
6 1 7 4 5 10 3 2 

1271 2243540414174181152 1 8
7 6 4 5 0 1 10 2 

1247 14107397452375481311 2 8
4 7 6 0 1 10 3 2 
7 4 6 0 1 10 3 2 

1277 16025013694495861744 1 8
0 6 7 4 5 10 3 2 

3572 4300342480219635547 2 8
6 8 7 10 2 4 11 5 
8 6 7 10 2 4 11 5 

1215 8081171536982523317 1 8
0 1 7 4 5 10 3 2 

1011 13116088325533362698 2 8
6 7 8 4 5 0 1 9 
7 6 8 4 5 0 1 9 

1006 18018811682721970007 1 8
7 8 5 6 2 3 9 1 

3375 1865245852469725037 2 8
8 0 1 11 5 10 3 2 
8 0 1 11 5 3 10 2 

1018 13843389702360956990 1 8
7 6 3 8 5 4 9 1 

999 3590068362484452536 1 8
7 2 6 5 8 0 1 9 

987 3991830326524572017 4 8
7 3 6 4 8 0 1 9 
7 4 8 3 6 0 1 9 
7 6 3 8 4 0 1 9 
7 8 4 6 3 0 1 9 

1005 13994908494602024429 1 8
7 8 5 6 2 3 0 9 

1020 10521878049154111437 1 8
6 8 9 7 2 3 5 4 

975 7340028865225843440 2 8
7 8 6 2 3 0 1 9 
8 7 6 2 3 0 1 9 

891 1095820681853979095 2 8
3 6 8 4 5 0 1 9 
6 3 8 4 5 0 1 9 

990 3822813721871946123 1 8
7 8 4 6 2 3 9 1 

989 9196624515367936348 1 8
8 7 4 6 0 9 2 3 

983 9433124136080501098 1 8
7 2 6 4 8 0 1 9 

879 4968161035938866233 2 8
5 8 6 2 3 0 1 9 
8 5 6 2 3 0 1 9 

887 15551153487515381551 2 8
2 6 8 5 4 0 1 9 
6 2 8 5 4 0 1 9 

893 1133021877411397646 1 8
6 8 2 3 4 5 0 9 

955 9734028779306987928 2 8
3 7 8 4 5 0 1 9 
7 3 8 4 5 0 1 9 

863 11950144070280960123 2 8
4 8 6 2 3 0 1 9 
8 4 6 2 3 0 1 9 

951 10683701421219153983 2 8
2 7 8 5 4 0 1 9 
7 2 8 5 4 0 1 9 

943 74704230994172272 1 8
7 8 5 2 3 0 1 9 

3315 12325844725045467554 1 8
6 7 10 0 1 4 11 5 

958 6423556948786209865 1 8
7 8 2 3 9 1 5 4 

927 8380003119718016652 1 8
7 8 4 2 3 0 1 9 

763 15371032396514137386 1 8
7 6 3 4 5 0 1 9 

751 75403081366487772 2 8
5 7 6 2 3 0 1 9 
7 5 6 2 3 0 1 9 

766 7873268116061967447 1 8
6 7 9 1 5 4 2 3 

765 4666602433075478393 1 8
6 7 0 9 5 4 2 3 

759 3105965421580374652 1 8
7 6 2 5 4 0 1 9 

735 5787779985185646554 2 8
4 7 6 2 3 0 1 9 
7 4 6 2 3 0 1 9 

3060 11448442364417827281 1 8
6 9 8 2 7 11 5 4 

703 5286814201312304722 2 8
7 2 3 5 4 0 1 9 
7 5 4 2 3 0 1 9 

507 11517924463472641588 1 8
7 6 3 8 5 4 0 1 

495 6238007644591422997 1 8
7 8 5 6 2 3 0 1 

503 12891283213401615452 1 8
6 7 2 8 0 1 5 4 

509 17232006294990805136 1 8
6 8 0 7 2 3 5 4 

510 2152997787890948195 1 8
8 6 1 7 5 4 2 3 

255 4717365906521730227 1 8
7 6 5 4 0 1 2 3 

479 3912888706456753612 1 8
7 8 4 6 2 3 0 1 

383 16210928392686394219 1 8
6 8 2 3 5 4 0 1 

4034 16083485025580063834 1 7
7 11 8 10 6 9 1 

4033 10468745106859983051 1 7
7 11 8 10 6 0 9 

4036 10129412467352949426 1 7
8 9 6 11 7 2 10 

3937 7774301610095718785 2 7
6 10 8 11 5 0 9 
10 6 8 11 5 0 9 

3938 17377911886571965992 2 7
6 10 8 11 5 9 1 
10 6 8 11 5 9 1 

3944 15727869424738240024 1 7
8 6 9 11 5 3 10 

3952 5833783556983006012 2 7
6 10 8 9 4 11 5 
10 6 8 9 4 11 5 

3940 6824778271161547856 1 7
8 6 9 11 5 2 10 

3914 1785008291827893730 2 7
8 11 6 3 10 9 1 
11 8 6 3 10 9 1 

3907 2303758298794947761 4 7
8 11 6 10 0 1 9 
8 11 10 6 0 1 9 
11 8 6 10 0 1 9 
11 8 10 6 0 1 9 

3922 3045467481148360456 2 7
6 10 8 4 11 9 1 
10 6 8 4 11 9 1 

3913 1268130164758790098 2 7
8 11 6 3 10 0 9 
11 8 6 3 10 0 9 

3910 17847828983618437159 2 7
8 11 6 2 10 9 1 
11 8 6 2 10 9 1 

3921 11991705794696936477 2 7
6 10 8 4 11 0 9 
10 6 8 4 11 0 9 

3916 5185459870373824519 2 7
8 11 6 9 3 10 2 
11 8 6 9 3 10 2 

3928 6107286094536191403 1 7
8 6 9 4 11 10 3 

3909 12096915700376828121 2 7
8 11 6 2 10 0 9 
11 8 6 2 10 0 9 

3924 15584046360127305508 1 7
8 6 9 4 11 10 2 

4008 1785008291827893730 2 7
8 9 7 3 10 11 5 
9 8 7 3 10 11 5 

4001 1810934181056816698 2 7
7 10 8 0 9 11 5 
10 7 8 0 9 11 5 

4002 17377911886571965992 2 7
7 10 8 9 1 11 5 
10 7 8 9 1 11 5 

4016 11211142628699314889 4 7
7 10 8 9 4 11 5 
7 10 9 8 4 11 5 
10 7 8 9 4 11 5 
10 7 9 8 4 11 5 

3971 13421201800247764161 2 7
7 10 8 11 0 1 9 
10 7 8 11 0 1 9 

3978 15727869424738240024 1 7
8 7 11 9 1 3 10 

4004 10729463783026697594 2 7
8 9 7 2 10 11 5 
9 8 7 2 10 11 5 

3986 6010826306470645346 2 7
7 10 8 9 1 4 11 
10 7 8 9 1 4 11 

3974 8196020535824572161 1 7
8 7 11 9 1 2 10 

3992 18295253852311542308 2 7
8 9 7 10 3 4 11 
9 8 7 10 3 4 11 

3985 13114504968368970051 2 7
7 10 8 0 9 4 11 
10 7 8 0 9 4 11 

3977 8496267030330740788 1 7
8 7 11 0 9 3 10 

3980 14028163084987025626 2 7
8 9 7 11 3 10 2 
9 8 7 11 3 10 2 

3973 17697333904285239637 1 7
8 7 11 0 9 2 10 

1525 17207558303085584040 1 8
6 8 0 7 10 2 4 5 

3882 5918389704787597683 4 7
3 10 8 9 1 11 5 
3 10 8 11 5 9 1 
10 3 8 9 1 11 5 
10 3 8 11 5 9 1 

3988 577132447819547392 2 7
8 9 7 10 2 4 11 
9 8 7 10 2 4 11 

3896 14269299532368417817 4 7
8 9 3 10 11 5 4 
8 9 10 3 11 5 4 
9 8 3 10 11 5 4 
9 8 10 3 11 5 4 

1527 8920160823562423357 1 9
7 6 8 10 2 4 5 0 1 

3884 15767921081404410100 4 7
8 9 11 5 3 10 2 
8 9 11 5 10 3 2 
9 8 11 5 10 3 2 
9 8 11 5 3 10 2 

1511 6238007644591422997 1 8
7 8 5 6 2 10 0 1 

3868 18445302082716166011 4 7
8 9 11 4 3 10 2 
8 9 11 4 10 3 2 
9 8 11 4 10 3 2 
9 8 11 4 3 10 2 

3809 17884764612345680069 1 7
6 7 10 0 9 11 5 

1455 11613700748309241239 2 8
8 7 5 0 1 3 10 2 
8 7 5 0 1 10 3 2 

3812 905387525296206488 2 7
6 9 7 11 5 2 10 
9 6 7 11 5 2 10 

1467 13707996701743352146 1 8
7 8 10 3 0 1 4 5 

3824 1930446148823177208 2 7
6 9 7 10 4 11 5 
9 6 7 10 4 11 5 

3785 3433561697598866495 2 7
7 11 6 0 9 3 10 
11 7 6 0 9 3 10 

3793 2361098993878517907 1 7
7 6 10 4 11 0 9 

3781 3069183456255762294 2 7
7 11 6 0 9 2 10 
11 7 6 0 9 2 10 

1439 390134408836566058 1 8
8 7 4 0 1 10 3 2 

3796 9986456386194346258 2 7
6 9 7 4 11 10 2 
9 6 7 4 11 10 2 

3690 7873029748884661008 2 7
5 11 6 3 10 9 1 
11 5 6 3 10 9 1 

3686 4731614949251910214 2 7
5 11 6 9 1 2 10 
11 5 6 9 1 2 10 

3689 6653038813995019878 2 7
5 11 6 3 10 0 9 
11 5 6 3 10 0 9 

3692 18406220512556377693 4 7
6 9 5 11 3 10 2 
6 9 11 5 3 10 2 
9 6 5 11 3 10 2 
9 6 11 5 3 10 2 

3697 5086140436230732339 2 7
6 10 0 9 11 5 4 
10 6 0 9 11 5 4 

3704 8215151524433904470 2 7
6 9 3 10 11 5 4 
9 6 3 10 11 5 4 

3685 13800104691317192648 2 7
6 5 11 0 9 2 10 
6 11 5 0 9 2 10 

3667 14771383751972512238 4 7
6 10 4 11 0 1 9 
6 10 11 4 0 1 9 
10 6 4 11 0 1 9 
10 6 11 4 0 1 9 

3674 9297846671903192024 2 7
4 11 6 3 10 9 1 
11 4 6 3 10 9 1 

1343 17592278159451880657 2 8
8 0 1 5 4 3 10 2 
8 0 1 5 4 10 3 2 

3700 14385946801267974980 2 7
6 9 2 10 11 5 4 
9 6 2 10 11 5 4 

3673 11743986232947002046 2 7
4 11 6 3 10 0 9 
11 4 6 3 10 0 9 

3670 14382530231008621954 2 7
4 11 6 9 1 2 10 
11 4 6 9 1 2 10 

3669 14843641977309714360 2 7
6 4 11 0 9 2 10 
6 11 4 0 9 2 10 

3676 17409189073049381158 4 7
6 9 4 11 3 10 2 
6 9 11 4 3 10 2 
9 6 4 11 3 10 2 
9 6 11 4 3 10 2 

1405 16621892266777532252 1 8
8 6 0 4 5 10 3 2 

3762 7853939898785516248 4 7
7 10 1 9 4 11 5 
7 10 9 1 4 11 5 
10 7 9 1 4 11 5 
10 7 1 9 4 11 5 

3642 8909945767247721804 4 7
3 10 9 1 11 5 4 
3 10 1 9 11 5 4 
10 3 9 1 11 5 4 
10 3 1 9 11 5 4 

3733 7542769864154496671 1 7
7 0 9 4 11 10 2 

3641 13222871205288845325 2 7
3 10 0 9 11 5 4 
10 3 0 9 11 5 4 

3629 8677581582031110447 4 7
0 9 5 11 10 3 2 
0 9 5 11 3 10 2 
0 9 11 5 10 3 2 
0 9 11 5 3 10 2 

3613 17673556167140057475 4 7
0 9 4 11 10 3 2 
0 9 4 11 3 10 2 
0 9 11 4 10 3 2 
0 9 11 4 3 10 2 

3553 8192492018678563719 1 7
6 0 8 10 7 11 5 

3523 3238551658868815645 1 7
7 11 8 10 6 0 1 

3544 6896042774628661332 2 7
6 8 7 10 3 4 11 
8 6 7 10 3 4 11 

3529 2138659671359862215 1 7
8 0 6 11 7 3 10 

3427 12312128209422762095 2 7
6 10 8 11 5 0 1 
10 6 8 11 5 0 1 

3525 13409862247015744666 1 7
8 0 6 11 7 2 10 

3537 4058158922871576221 1 7
6 10 7 0 8 4 11 

3434 1958350015209100846 1 7
8 6 1 5 11 3 10 

3433 4795764054592041963 1 7
8 6 0 11 5 3 10 

3442 920504880256483092 2 7
6 10 8 1 4 11 5 
10 6 8 1 4 11 5 

3430 15855275436576174320 1 7
6 8 1 2 10 5 11 

3441 11007096217214125502 2 7
6 10 8 0 4 11 5 
10 6 8 0 4 11 5 

3436 5451281307273339318 2 7
6 8 5 11 3 10 2 
8 6 5 11 3 10 2 

3448 13790553965543234899 2 7
6 8 10 3 4 11 5 
8 6 10 3 4 11 5 

3429 1310192014955883266 1 7
8 6 0 11 5 2 10 

3403 6879902676809397702 2 7
8 11 6 3 10 0 1 
11 8 6 3 10 0 1 

3444 2385251624879691032 2 7
6 8 10 2 4 11 5 
8 6 10 2 4 11 5 

3418 11862280359471536891 1 7
8 6 1 4 11 10 3 

3399 7796796162538978742 2 7
8 11 6 2 10 0 1 
11 8 6 2 10 0 1 

3411 13761987456121081499 2 7
6 10 8 4 11 0 1 
10 6 8 4 11 0 1 

3406 8755218514250118754 2 7
8 11 6 1 3 10 2 
11 8 6 1 3 10 2 

3417 14460464523324674670 1 7
8 6 0 4 11 10 3 

3414 1004660998052472784 1 7
6 8 1 10 2 4 11 

3405 1910754223523499971 2 7
8 11 6 0 3 10 2 
11 8 6 0 3 10 2 

3413 5696488118032838616 1 7
8 6 0 4 11 10 2 

3420 13337452898787985466 2 7
6 8 4 11 10 3 2 
8 6 4 11 10 3 2 

3506 16946020096821142119 4 7
7 10 1 8 4 11 5 
7 10 8 1 4 11 5 
10 7 8 1 4 11 5 
10 7 1 8 4 11 5 

3491 5394701483327101197 2 7
7 10 8 0 1 11 5 
10 7 8 0 1 11 5 

3498 14592911419055538838 2 7
1 8 7 3 10 11 5 
8 1 7 3 10 11 5 

3497 11921013919935013130 1 7
0 8 7 3 10 11 5 

3494 8537480618744123484 2 7
1 8 7 2 10 5 11 
8 1 7 2 10 5 11 

3505 3456365548831701295 2 7
7 10 0 8 4 11 5 
10 7 0 8 4 11 5 

3493 18430724432463372167 1 7
0 8 7 2 10 11 5 

3467 17347620323086115427 1 7
8 7 11 0 1 3 10 

3482 18311408489317669150 2 7
1 8 7 10 3 4 11 
8 1 7 10 3 4 11 

3475 15351405462860049699 2 7
7 10 8 0 1 4 11 
10 7 8 0 1 4 11 

3463 16072674540853531950 1 7
8 7 11 0 1 2 10 

3470 16558130314886446419 2 7
1 8 7 11 3 10 2 
8 1 7 11 3 10 2 

1014 1102492971143651219 1 8
6 7 2 8 9 1 5 4 

3371 15459549628660033627 2 7
3 10 8 0 1 11 5 
10 3 8 0 1 11 5 

3481 13344447559215475870 1 7
0 8 7 10 3 4 11 

3478 1418466433423096305 2 7
1 8 7 10 2 4 11 
8 1 7 10 2 4 11 

3386 3874719437538952180 4 7
1 8 3 10 11 5 4 
1 8 10 3 11 5 4 
8 1 3 10 11 5 4 
8 1 10 3 11 5 4 

3469 6355539147139211939 1 7
0 8 7 11 3 10 2 

3477 3887381524972011728 1 7
0 8 7 10 2 4 11 

1017 921949147223779737 1 8
6 7 3 8 0 9 4 5 

3374 5197273007788550468 4 7
1 8 5 11 10 3 2 
1 8 5 11 3 10 2 
8 1 5 11 10 3 2 
8 1 5 11 3 10 2 

3385 12611973569544008610 2 7
0 8 3 10 11 5 4 
0 8 10 3 11 5 4 

957 11744676616062537152 1 8
8 7 0 9 2 3 5 4 

3314 2727175665447111155 2 7
1 6 7 10 4 11 5 
6 1 7 10 4 11 5 

3302 2622456153933812751 2 7
1 6 7 5 11 2 10 
6 1 7 5 11 2 10 

3301 317039777590540310 1 7
0 6 7 11 5 2 10 

3271 11163666802925989964 2 7
7 11 6 0 1 2 10 
11 7 6 0 1 2 10 

3286 7885122271405025401 2 7
1 6 7 4 11 10 2 
6 1 7 4 11 10 2 

3179 13834604910901648219 4 7
5 11 6 3 10 0 1 
5 11 6 10 3 0 1 
11 5 6 3 10 0 1 
11 5 6 10 3 0 1 

3285 6925537098188091258 1 7
0 6 7 4 11 10 2 

3194 17835580681073958040 4 7
1 6 3 10 11 5 4 
1 6 10 3 11 5 4 
6 1 3 10 11 5 4 
6 1 10 3 11 5 4 

3175 12173024965380221933 2 7
5 11 6 0 1 2 10 
11 5 6 0 1 2 10 

3163 8117894678530692539 4 7
4 11 6 3 10 0 1 
4 11 6 10 3 0 1 
11 4 6 3 10 0 1 
11 4 6 10 3 0 1 

3182 11753746231048851257 8 7
1 6 5 11 10 3 2 
1 6 5 11 3 10 2 
1 6 11 5 10 3 2 
1 6 11 5 3 10 2 
6 1 5 11 10 3 2 
6 1 5 11 3 10 2 
6 1 11 5 10 3 2 
6 1 11 5 3 10 2 

3187 16230737055175705155 2 7
6 10 0 1 11 5 4 
10 6 0 1 11 5 4 

3193 7197701283237253429 2 7
0 6 3 10 11 5 4 
0 6 10 3 11 5 4 

3181 4719186101718467459 4 7
0 6 5 11 10 3 2 
0 6 5 11 3 10 2 
0 6 11 5 10 3 2 
0 6 11 5 3 10 2 

3189 6640430579221932062 1 7
0 6 2 10 11 5 4 

3166 5593072891924406991 8 7
1 6 4 11 10 3 2 
1 6 4 11 3 10 2 
1 6 11 4 10 3 2 
1 6 11 4 3 10 2 
6 1 4 11 10 3 2 
6 1 4 11 3 10 2 
6 1 11 4 10 3 2 
6 1 11 4 3 10 2 

3159 8639779200442270805 2 7
4 11 6 0 1 2 10 
11 4 6 0 1 2 10 

894 14403430839773383322 1 8
6 8 2 3 5 4 9 1 

3251 17291951689521213731 2 7
7 10 0 1 4 11 5 
10 7 0 1 4 11 5 

2755 4037084976902643328 6 6
6 7 11 0 1 9 
6 11 7 0 1 9 
7 6 11 0 1 9 
7 11 6 0 1 9 
11 6 7 0 1 9 
11 7 6 0 1 9 

2761 2722963351544247829 2 6
7 11 6 3 0 9 
11 7 6 3 0 9 

2776 4019605236136680318 2 6
6 9 7 3 11 4 
9 6 7 3 11 4 

2769 15240858499352090994 2 6
6 7 0 9 11 4 
7 6 0 9 11 4 

2666 1943110729160799581 4 6
3 6 5 11 9 1 
3 6 11 5 9 1 
6 3 5 11 9 1 
6 3 11 5 9 1 

2757 17647958564037483453 2 6
7 11 6 2 0 9 
11 7 6 2 0 9 

2665 7573902361355914016 4 6
3 6 5 11 0 9 
3 6 11 5 0 9 
6 3 5 11 0 9 
6 3 11 5 0 9 

2652 17904701270138616053 4 6
6 9 4 11 2 3 
6 9 11 4 2 3 
9 6 4 11 2 3 
9 6 11 4 2 3 

2699 5823855460851791443 6 6
3 7 11 0 1 9 
3 11 7 0 1 9 
7 3 11 0 1 9 
7 11 3 0 1 9 
11 3 7 0 1 9 
11 7 3 0 1 9 

481 11543873541458446079 2 5
0 5 6 7 8 
0 5 7 6 8 

2725 13299931076184587773 2 6
2 7 0 9 5 11 
7 2 0 9 5 11 

484 12090042794949843262 4 5
2 5 6 8 7 
2 5 8 6 7 
5 2 6 8 7 
5 2 8 6 7 

2701 6659267602612686292 2 6
7 11 0 9 3 2 
11 7 0 9 3 2 

483 6626307616803757199 2 6
6 7 5 8 0 1 
7 6 5 8 0 1 

2709 14812272423908492955 4 6
2 7 0 9 4 11 
2 7 0 9 11 4 
7 2 0 9 4 11 
7 2 0 9 11 4 

491 15452081571022671632 1 7
7 5 8 3 6 0 1 

2506 15996805703364594649 2 6
3 11 1 7 6 8 
11 3 1 7 8 6 

3754 7873029748884661008 2 7
1 9 7 3 10 11 5 
9 1 7 3 10 11 5 

1397 251033409526404148 1 7
6 8 0 10 2 4 5 

2514 18374469460899010481 4 6
6 7 1 8 4 11 
6 7 1 8 11 4 
7 6 1 8 4 11 
7 6 1 8 11 4 

2424 2228600569029354724 6 6
3 6 8 11 5 4 
3 8 6 11 5 4 
6 3 8 11 5 4 
6 8 3 11 5 4 
8 6 3 11 5 4 
8 3 6 11 5 4 

2412 10393412678404299735 4 6
6 8 5 11 3 2 
6 8 11 5 2 3 
8 6 5 11 3 2 
8 6 11 5 2 3 

3521 13359954005876500699 1 6
0 11 10 8 6 7 

2382 6963252772868931201 2 6
8 11 6 1 3 2 
11 8 6 1 3 2 

3630 4122638144166611593 16 7
1 9 5 11 10 3 2 
1 9 5 11 3 10 2 
1 9 11 5 10 3 2 
1 9 11 5 3 10 2 
5 11 1 9 3 10 2 
5 11 1 9 10 3 2 
5 11 9 1 3 10 2 
5 11 9 1 10 3 2 
9 1 5 11 10 3 2 
9 1 5 11 3 10 2 
9 1 11 5 10 3 2 
9 1 11 5 3 10 2 
11 5 9 1 3 10 2 
11 5 9 1 10 3 2 
11 5 1 9 10 3 2 
11 5 1 9 3 10 2 

1273 12535314029193251476 1 7
0 6 7 4 5 10 3 

2396 11492665961789889718 2 6
6 8 11 4 3 2 
8 6 11 4 3 2 

2458 11075476683215937276 4 6
3 7 1 8 11 4 
3 7 8 1 11 4 
7 3 1 8 11 4 
7 3 8 1 11 4 

2439 10537670571403377174 2 6
2 7 8 11 0 1 
7 2 8 11 0 1 

221 7721218143233435974 2 6
0 6 4 7 2 3 
0 6 7 4 2 3 

2453 8887068604903496367 2 6
0 8 7 2 11 4 
0 8 2 7 11 4 

235 454961516222035228 2 6
5 7 6 3 0 1 
7 5 6 3 0 1 

2457 8670550616102209959 2 6
0 8 7 3 11 4 
0 8 3 7 11 4 

239 16727517187890096694 2 7
5 7 6 0 1 2 3 
7 5 6 0 1 2 3 

2290 15612481330062267070 6 6
1 6 7 11 5 4 
1 7 6 11 5 4 
6 1 7 11 5 4 
6 7 1 11 5 4 
7 6 1 11 5 4 
7 1 6 11 5 4 

3538 12383341838888312582 1 7
6 10 7 1 8 4 11 

1181 14580869622367881174 2 6
0 4 7 10 3 2 
0 7 4 10 3 2 

2282 7878346581168650013 2 6
1 6 7 3 11 5 
6 1 7 3 11 5 

3530 4294963001794880523 1 7
8 11 7 1 6 3 10 

1173 13296443565736709079 2 5
0 4 7 10 2 
0 7 4 10 2 

2278 4944312786283715841 2 6
1 6 7 2 5 11 
6 1 7 2 5 11 

1169 10301314023759473336 6 4
0 4 7 10 
0 4 10 7 
0 7 4 10 
0 7 10 4 
0 10 7 4 
0 10 4 7 

2266 5812757458389724994 2 6
1 6 7 3 11 4 
6 1 7 3 11 4 

2265 14364113021519655158 1 6
0 6 7 3 11 4 

2262 18374469460899010481 4 6
1 6 7 2 4 11 
1 6 7 2 11 4 
6 1 7 2 4 11 
6 1 7 2 11 4 

2155 11314993667258561368 4 6
3 6 5 11 0 1 
3 6 11 5 0 1 
6 3 5 11 0 1 
6 3 11 5 0 1 

2710 9514362198193264447 8 6
2 7 1 9 4 11 
2 7 1 9 11 4 
2 7 9 1 4 11 
2 7 9 1 11 4 
7 2 1 9 4 11 
7 2 1 9 11 4 
7 2 9 1 4 11 
7 2 9 1 11 4 

492 16874672746425353066 2 6
6 8 5 7 2 3 
8 6 5 7 2 3 

2169 7668677293350119264 2 6
0 3 6 11 5 4 
0 6 3 11 5 4 

2680 7989226640046038767 6 6
3 6 9 11 5 4 
3 9 6 11 5 4 
6 3 9 11 5 4 
6 9 3 11 5 4 
9 6 3 11 5 4 
9 3 6 11 5 4 

2139 1973401081888362284 4 6
3 6 4 11 0 1 
3 6 11 4 0 1 
6 3 4 11 0 1 
6 3 11 4 0 1 

2165 13215982384049368855 2 6
0 2 6 11 5 4 
0 6 2 11 5 4 

2141 7424606584063897614 2 6
0 6 4 11 2 3 
0 6 11 4 2 3 

2233 17609254601493587826 2 6
0 3 7 11 5 4 
0 7 3 11 5 4 

2221 14793035364007917783 2 6
0 7 5 11 3 2 
0 7 11 5 2 3 

2229 11603901885321511072 2 6
0 2 7 11 5 4 
0 7 2 11 5 4 

2203 1223954698032246101 2 6
3 7 0 1 11 4 
7 3 0 1 11 4 

2191 1575297931999258167 2 6
7 11 0 1 3 2 
11 7 0 1 3 2 

2199 13759442658366932049 4 6
2 7 0 1 4 11 
2 7 0 1 11 4 
7 2 0 1 4 11 
7 2 0 1 11 4 

2205 13612361626727818638 1 6
0 7 11 4 3 2 

1890 17462460691522219875 4 6
5 8 6 10 1 9 
5 8 10 6 1 9 
8 5 6 10 1 9 
8 5 10 6 1 9 

1889 4384391428137273759 8 6
5 8 6 10 0 9 
5 8 10 6 0 9 
6 10 8 5 0 9 
6 10 5 8 0 9 
8 5 6 10 0 9 
8 5 10 6 0 9 
10 6 5 8 0 9 
10 6 8 5 0 9 

1874 15903165104035990016 4 6
4 8 6 10 9 1 
4 8 10 6 9 1 
8 4 6 10 9 1 
8 4 10 6 9 1 

1892 4535733569566386411 2 6
5 8 6 9 2 10 
8 5 6 9 2 10 

1880 4572650044141556278 2 6
4 8 6 9 10 3 
8 4 6 9 10 3 

1876 10543849743244763310 2 6
4 8 6 9 10 2 
8 4 6 9 10 2 

2985 11337116130587378161 2 7
3 7 8 0 9 11 5 
7 3 8 0 9 11 5 

1953 17394225282093965584 2 6
7 10 8 5 0 9 
10 7 8 5 0 9 

1930 8249765716642842792 2 6
7 8 3 10 9 1 
8 7 3 10 9 1 

1944 3823726628412966374 2 6
8 9 7 4 10 3 
9 8 7 4 10 3 

2473 628775757954593327 2 6
0 8 7 3 11 5 
0 8 3 7 11 5 

1932 13049199348024169193 6 6
7 8 9 3 10 2 
7 9 8 3 10 2 
8 7 9 3 10 2 
8 9 7 3 10 2 
9 7 8 3 10 2 
9 8 7 3 10 2 

3041 9378963971492598024 2 7
6 7 8 0 9 11 5 
7 6 8 0 9 11 5 

1833 506200629101014394 4 6
5 8 3 10 0 9 
5 8 10 3 0 9 
8 5 3 10 0 9 
8 5 10 3 0 9 

724 16272028447959098298 4 5
6 9 7 4 2 
6 9 4 7 2 
9 6 4 7 2 
9 6 7 4 2 

1818 14204132892486191470 4 6
4 8 3 10 9 1 
4 8 10 3 9 1 
8 4 3 10 9 1 
8 4 10 3 9 1 

1817 2520674629543458947 4 6
4 8 3 10 0 9 
4 8 10 3 0 9 
8 4 3 10 0 9 
8 4 10 3 0 9 

1762 12148035905133148358 2 6
5 7 6 10 1 9 
7 5 6 10 1 9 

1764 2324108108806857935 4 6
6 9 7 5 2 10 
6 9 5 7 2 10 
9 6 5 7 2 10 
9 6 7 5 2 10 

1752 4235891253577107947 4 6
4 7 6 9 10 3 
4 7 9 6 10 3 
7 4 6 9 10 3 
7 4 9 6 10 3 

3970 2311648592394580664 2 6
7 10 8 11 9 1 
10 7 8 11 9 1 

1745 17153653430880531305 2 6
4 7 6 10 0 9 
7 4 6 10 0 9 

2247 2483267570049282120 2 6
7 11 6 2 0 1 
11 7 6 2 0 1 

1706 10738006680053503446 8 6
5 7 1 9 3 10 
5 7 1 9 10 3 
5 7 9 1 3 10 
5 7 9 1 10 3 
7 5 1 9 3 10 
7 5 1 9 10 3 
7 5 9 1 3 10 
7 5 9 1 10 3 

2289 10465071836865684728 2 6
0 6 7 11 5 4 
0 7 6 11 5 4 

1748 1009735554033352740 4 6
4 7 6 9 10 2 
4 7 9 6 10 2 
7 4 6 9 10 2 
7 4 9 6 10 2 

1705 17065362084946451886 4 6
5 7 0 9 3 10 
5 7 0 9 10 3 
7 5 0 9 3 10 
7 5 0 9 10 3 

2254 13737960649418383150 4 6
7 11 6 1 3 2 
7 11 1 6 3 2 
11 7 6 1 3 2 
11 7 1 6 3 2 

4070 15645826957734251579 1 9
8 6 7 9 1 11 5 2 10 

1713 1977003611205792678 2 6
7 10 0 9 4 5 
10 7 0 9 4 5 

4040 15955161728320659385 2 7
8 9 6 11 7 3 10 
8 11 7 9 6 3 10 

1683 9601399517434035495 6 6
4 7 10 0 1 9 
4 10 7 0 1 9 
7 4 10 0 1 9 
7 10 4 0 1 9 
10 4 7 0 1 9 
10 7 4 0 1 9 

2792 16814541406987443072 2 6
6 9 7 3 11 5 
9 6 7 3 11 5 

1690 6447365420494700725 4 6
4 7 1 9 10 3 
4 7 9 1 10 3 
7 4 1 9 10 3 
7 4 9 1 10 3 

3908 17155203067147558253 2 6
8 11 6 9 2 10 
11 8 6 9 2 10 

4058 2751832931393147376 1 9
8 7 6 4 11 9 1 10 3 

1701 6659267602612686292 2 6
5 7 0 9 2 10 
7 5 0 9 2 10 

4046 10158924776935883504 1 9
8 7 11 6 9 1 3 10 2 

1689 1160021491276563607 2 6
4 7 0 9 10 3 
7 4 0 9 10 3 

4042 7256304662719010957 1 8
8 7 11 6 9 1 3 10 

1685 1977003611205792678 2 6
4 7 0 9 10 2 
7 4 0 9 10 2 

1482 17315860384008231564 4 6
7 8 1 6 3 10 
7 8 1 6 10 3 
8 7 1 6 3 10 
8 7 1 6 10 3 

3853 3093447409567729613 4 7
8 11 0 9 3 10 2 
8 11 0 9 10 3 2 
11 8 0 9 10 3 2 
11 8 0 9 3 10 2 

1496 10905519841906693576 2 6
6 8 4 7 10 3 
8 6 4 7 10 3 

3743 10925298607045602675 1 9
7 4 11 0 1 9 10 3 2 

1386 15417799784667170197 4 6
5 8 6 1 3 10 
5 8 6 1 10 3 
8 5 6 1 3 10 
8 5 6 1 10 3 

1379 7480140967276495436 4 6
5 8 6 10 0 1 
5 8 10 6 0 1 
8 5 6 10 0 1 
8 5 10 6 0 1 

2470 9722979461760547237 8 6
1 8 7 2 5 11 
1 8 2 7 5 11 
2 7 1 8 5 11 
2 7 8 1 5 11 
7 2 1 8 5 11 
7 2 8 1 5 11 
8 1 7 2 5 11 
8 1 2 7 5 11 

1361 7055625347472282954 8 5
4 8 6 10 0 
4 8 10 6 0 
6 10 8 4 0 
6 10 4 8 0 
8 4 6 10 0 
8 4 10 6 0 
10 6 4 8 0 
10 6 8 4 0 

1929 7269560183245317850 2 6
7 8 3 10 0 9 
8 7 3 10 0 9 

2497 4815909862928423243 2 5
0 11 7 6 8 
0 11 6 7 8 

1923 10730116702138402704 6 6
7 8 10 0 1 9 
7 10 8 0 1 9 
8 7 10 0 1 9 
8 10 7 0 1 9 
10 7 8 0 1 9 
10 8 7 0 1 9 

3032 14827820267833960264 1 7
6 9 8 3 7 11 4 

3739 17684273000839220775 1 8
7 10 3 4 11 0 1 9 

1382 14410549859363100494 2 6
5 8 6 1 2 10 
8 5 6 1 2 10 

3757 8192403438215705060 1 8
0 9 7 5 11 3 10 2 

1400 3545547496121272558 2 6
6 8 10 3 4 5 
8 6 10 3 4 5 

2509 12409338574054514774 1 7
8 0 6 11 7 2 3 

2445 6332144369894046810 1 6
0 8 7 11 2 3 

227 4139065535440317794 6 5
5 6 7 0 1 
5 7 6 0 1 
6 5 7 0 1 
6 7 5 0 1 
7 5 6 0 1 
7 6 5 0 1 

1904 13548534589735896766 2 6
6 10 8 9 4 5 
10 6 8 9 4 5 

3013 17609946580131717501 1 7
7 11 8 2 6 0 9 

1363 10770241279902990487 8 6
4 8 6 10 0 1 
4 8 10 6 0 1 
6 10 4 8 0 1 
6 10 8 4 0 1 
8 4 6 10 0 1 
8 4 10 6 0 1 
10 6 4 8 0 1 
10 6 8 4 0 1 

254 6097040236179777565 2 7
1 6 7 5 4 2 3 
6 1 7 5 4 2 3 

3727 13817076227997042443 2 8
7 11 0 1 9 3 10 2 
11 7 0 1 9 3 10 2 

1370 16033815796773715149 2 6
4 8 6 1 10 3 
8 4 6 1 10 3 

1937 11489633657087239155 2 6
7 10 8 4 0 9 
10 7 8 4 0 9 

3753 5220114397457472853 1 7
0 9 7 3 10 11 5 

1396 2310391231591801309 4 6
6 8 4 5 10 2 
6 8 10 2 4 5 
8 6 4 5 10 2 
8 6 10 2 4 5 

2505 11930400939303335728 1 6
0 11 3 8 6 7 

3726 1358817988214820358 4 7
7 11 1 9 3 10 2 
7 11 9 1 3 10 2 
11 7 9 1 3 10 2 
11 7 1 9 3 10 2 

1369 15917207648636385470 2 6
4 8 6 0 10 3 
8 4 6 0 10 3 

2478 15341510996264652095 2 7
1 8 7 3 2 5 11 
8 1 7 3 2 5 11 

3723 18405306817710944922 2 7
7 11 3 10 0 1 9 
11 7 3 10 0 1 9 

1366 6059386684289591168 2 6
4 8 6 1 10 2 
8 4 6 1 10 2 

2475 6590863169328453308 2 7
3 7 8 0 1 11 5 
7 3 8 0 1 11 5 

2474 7081347217010946621 8 6
1 8 7 3 11 5 
1 8 3 7 11 5 
3 7 1 8 5 11 
3 7 8 1 5 11 
7 3 1 8 5 11 
7 3 8 1 5 11 
8 1 7 3 11 5 
8 1 3 7 11 5 

2454 7836973853849896892 16 6
1 8 7 2 4 11 
1 8 7 2 11 4 
1 8 2 7 4 11 
1 8 2 7 11 4 
2 7 1 8 4 11 
2 7 1 8 11 4 
2 7 8 1 4 11 
2 7 8 1 11 4 
7 2 1 8 4 11 
7 2 1 8 11 4 
7 2 8 1 4 11 
7 2 8 1 11 4 
8 1 7 2 4 11 
8 1 7 2 11 4 
8 1 2 7 4 11 
8 1 2 7 11 4 

2501 16804877875491946959 1 6
0 11 2 8 6 7 

3749 5441048096565653095 1 7
0 9 7 5 11 2 10 

1392 11302004251299100924 6 5
6 8 10 4 5 
6 10 8 4 5 
8 6 10 4 5 
8 10 6 4 5 
10 6 8 4 5 
10 8 6 4 5 

1960 11743603514734986977 2 6
8 9 7 5 3 10 
9 8 7 5 3 10 

2516 18374469460899010481 4 6
6 8 2 7 4 11 
6 8 2 7 11 4 
8 6 2 7 4 11 
8 6 2 7 11 4 

3625 1479856288435106425 4 6
3 10 0 9 5 11 
3 10 0 9 11 5 
10 3 0 9 5 11 
10 3 0 9 11 5 

3791 3192081706824159188 2 9
7 11 6 0 1 9 3 10 2 
11 7 6 0 1 9 3 10 2 

1434 6757686681553528572 2 6
1 8 7 4 10 3 
8 1 7 4 10 3 

3787 13638725022510307720 2 8
7 11 6 3 10 0 1 9 
11 7 6 3 10 0 1 9 

1430 9353875341182988060 2 6
1 8 7 4 10 2 
8 1 7 4 10 2 

3790 8707788083547988994 2 8
7 11 6 9 1 3 10 2 
11 7 6 9 1 3 10 2 

1433 1367199743944024435 1 6
0 8 7 4 10 3 

2420 15612481330062267070 6 6
2 6 8 11 5 4 
2 8 6 11 5 4 
6 2 8 11 5 4 
6 8 2 11 5 4 
8 6 2 11 5 4 
8 2 6 11 5 4 

3695 14157303371554013445 2 9
5 11 6 3 10 2 0 1 9 
11 5 6 3 10 2 0 1 9 

1338 7602961263634699777 4 6
1 8 3 10 5 4 
1 8 10 3 5 4 
8 1 3 10 5 4 
8 1 10 3 5 4 

229 2531159325777129241 2 5
0 6 5 7 2 
0 6 7 5 2 

2447 2320365661993625465 1 7
8 7 11 0 1 2 3 

3694 12413080123778049584 2 8
5 11 6 9 1 3 10 2 
11 5 6 9 1 3 10 2 

1337 12640074655558760757 4 6
0 8 3 10 4 5 
0 8 3 10 5 4 
0 8 10 3 5 4 
0 8 10 3 4 5 

2446 619306086038861002 2 6
1 8 7 11 3 2 
8 1 7 11 3 2 

3615 12054951864153542209 4 8
4 11 3 10 2 0 1 9 
4 11 10 3 2 0 1 9 
11 4 3 10 2 0 1 9 
11 4 10 3 2 0 1 9 

1258 512617627657517270 16 6
1 6 5 7 3 10 
1 6 5 7 10 3 
1 6 7 5 3 10 
1 6 7 5 10 3 
5 7 1 6 3 10 
5 7 1 6 10 3 
5 7 6 1 3 10 
5 7 6 1 10 3 
6 1 5 7 3 10 
6 1 5 7 10 3 
6 1 7 5 3 10 
6 1 7 5 10 3 
7 5 6 1 3 10 
7 5 6 1 10 3 
7 5 1 6 3 10 
7 5 1 6 10 3 

1251 454961516222035228 2 6
5 7 6 10 0 1 
7 5 6 10 0 1 

3611 13344102586728357631 4 7
3 10 4 11 0 1 9 
3 10 11 4 0 1 9 
10 3 4 11 0 1 9 
10 3 11 4 0 1 9 

1254 13173563819687789126 4 6
5 7 1 6 2 10 
5 7 6 1 2 10 
7 5 6 1 2 10 
7 5 1 6 2 10 

1242 9570517606418217656 4 6
4 7 1 6 10 3 
4 7 6 1 10 3 
7 4 6 1 10 3 
7 4 1 6 10 3 

3610 1324319414895847602 8 6
3 10 9 1 4 11 
3 10 9 1 11 4 
3 10 1 9 4 11 
3 10 1 9 11 4 
10 3 9 1 4 11 
10 3 9 1 11 4 
10 3 1 9 4 11 
10 3 1 9 11 4 

1253 11672450620907744080 2 6
0 6 5 7 2 10 
0 6 7 5 2 10 

1237 14685872597075235111 2 6
4 7 0 6 10 2 
7 4 0 6 10 2 

1238 4438353209491532636 4 6
4 7 1 6 10 2 
4 7 6 1 10 2 
7 4 6 1 10 2 
7 4 1 6 10 2 

1241 11615768731490518120 2 6
4 7 0 6 10 3 
7 4 0 6 10 3 

3459 18255718166758995966 2 6
7 10 8 11 0 1 
10 7 8 11 0 1 

2277 14023121286438899324 1 6
0 6 7 2 11 5 

1746 1698543010068961814 2 6
4 7 6 10 9 1 
7 4 6 10 9 1 

3562 8414923863449367662 1 8
8 6 1 7 11 5 3 10 

1205 15268616397809530112 2 6
0 7 4 5 10 2 
0 7 10 2 4 5 

3554 6194368251214808835 1 7
6 1 8 10 7 5 11 

1197 12908937019717074706 4 6
0 5 7 3 10 2 
0 5 7 10 3 2 
0 7 5 3 10 2 
0 7 5 10 3 2 

3566 1869502563727692724 1 9
8 6 1 7 5 11 3 10 2 

1209 2633019206143030239 1 6
0 7 10 3 4 5 

2261 637306398882177225 1 6
0 6 7 2 11 4 

1013 563373863798309214 1 8
6 7 2 8 0 9 4 5 

3370 14204132892486191470 4 6
1 8 3 10 5 11 
1 8 10 3 5 11 
8 1 3 10 5 11 
8 1 10 3 5 11 

3397 12770098465690465297 2 6
8 11 6 0 2 10 
11 8 6 0 2 10 

993 17394225282093965584 2 6
6 7 5 8 0 9 
7 6 5 8 0 9 

3326 409498694080977769 2 9
1 6 7 4 11 5 10 3 2 
6 1 7 4 11 5 10 3 2 

969 14275706843192395142 2 6
7 8 3 6 0 9 
8 7 3 6 0 9 

972 9888572650096077306 2 6
7 8 9 6 2 3 
8 7 9 6 2 3 

977 14275706843192395142 2 6
6 7 4 8 0 9 
7 6 4 8 0 9 

1506 15996805703364594649 2 6
1 5 10 8 6 7 
5 1 10 8 7 6 

3322 17978105935610356923 2 8
1 6 7 10 3 4 11 5 
6 1 7 10 3 4 11 5 

965 9486170564117636426 2 6
7 8 2 6 0 9 
8 7 2 6 0 9 

873 9674654166914841230 4 6
3 6 5 8 0 9 
3 6 8 5 0 9 
6 3 5 8 0 9 
6 3 8 5 0 9 

869 9707927085762280552 4 6
2 6 5 8 0 9 
2 6 8 5 0 9 
6 2 5 8 0 9 
6 2 8 5 0 9 

857 10782741829187866886 8 6
3 6 4 8 0 9 
3 6 8 4 0 9 
4 8 6 3 0 9 
4 8 3 6 0 9 
6 3 4 8 0 9 
6 3 8 4 0 9 
8 4 3 6 0 9 
8 4 6 3 0 9 

1940 10869953638096984335 2 6
8 9 7 4 10 2 
9 8 7 4 10 2 

3751 13797265201217758766 1 8
7 5 11 2 10 0 1 9 

1394 13156156264668835770 2 6
6 10 8 1 4 5 
10 6 8 1 4 5 

2503 10858269518337774584 1 7
7 11 8 2 6 0 1 

853 18358096629545583014 4 6
2 6 4 8 0 9 
2 6 8 4 0 9 
6 2 4 8 0 9 
6 2 8 4 0 9 

1962 1958350015209100846 1 7
8 7 5 1 9 3 10 

1969 10054552266941324704 2 7
7 10 8 0 9 4 5 
10 7 8 0 9 4 5 

3294 17303626986652629636 2 8
1 6 7 4 11 10 3 2 
6 1 7 4 11 10 3 2 

937 9922984230637020836 2 6
3 7 8 5 0 9 
7 3 8 5 0 9 

3155 1973401081888362284 4 6
6 10 4 11 0 1 
6 10 11 4 0 1 
10 6 4 11 0 1 
10 6 11 4 0 1 

1992 7813264537381953753 2 6
7 8 9 6 3 10 
8 7 9 6 3 10 

3279 7688914665153045770 2 8
7 11 6 0 1 3 10 2 
11 7 6 0 1 3 10 2 

922 4944312786283715841 2 6
3 7 8 4 9 1 
7 3 8 4 9 1 

3815 17867870256311893456 1 9
7 11 5 6 2 10 0 1 9 

1458 14919924169575566437 4 6
7 10 1 8 4 5 
7 10 8 1 4 5 
10 7 8 1 4 5 
10 7 1 8 4 5 

349 2270823507035309904 2 6
4 8 6 0 2 3 
8 4 6 0 2 3 

3274 16976282520999355428 4 6
7 11 6 1 3 10 
7 11 1 6 3 10 
11 7 6 1 3 10 
11 7 1 6 3 10 

917 7434939431026565129 2 6
2 7 8 4 0 9 
7 2 8 4 0 9 

1450 15417799784667170197 4 6
1 8 7 5 3 10 
1 8 7 5 10 3 
8 1 7 5 3 10 
8 1 7 5 10 3 

1311 13692583524746218098 4 7
4 8 0 1 3 10 2 
4 8 0 1 10 3 2 
8 4 0 1 3 10 2 
8 4 0 1 10 3 2 

3668 16447086739172220811 4 6
6 9 4 11 2 10 
6 9 11 4 2 10 
9 6 4 11 2 10 
9 6 11 4 2 10 

909 17333866028295373811 2 6
7 8 0 9 2 3 
8 7 0 9 2 3 

2018 6194368251214808835 1 7
7 5 8 10 6 1 9 

739 9307667544895349576 6 6
5 6 7 0 1 9 
5 7 6 0 1 9 
6 5 7 0 1 9 
6 7 5 0 1 9 
7 5 6 0 1 9 
7 6 5 0 1 9 

1848 7602961263634699777 4 6
8 9 3 10 4 5 
8 9 10 3 4 5 
9 8 3 10 4 5 
9 8 10 3 4 5 

2957 15583385795182874780 1 7
8 7 11 0 9 2 3 

2964 10588265395382326775 4 6
8 9 7 2 11 4 
8 9 2 7 11 4 
9 8 7 2 11 4 
9 8 2 7 11 4 

745 15521243837695712995 2 6
5 7 6 3 0 9 
7 5 6 3 0 9 

2469 17522889911912216562 2 6
0 8 7 2 11 5 
0 8 2 7 11 5 

1360 9787307155083580879 24 4
4 6 8 10 
4 6 10 8 
4 8 6 10 
4 8 10 6 
4 10 8 6 
4 10 6 8 
6 4 8 10 
6 4 10 8 
6 8 4 10 
6 8 10 4 
6 10 8 4 
6 10 4 8 
8 6 4 10 
8 6 10 4 
8 4 6 10 
8 4 10 6 
8 10 4 6 
8 10 6 4 
10 6 8 4 
10 6 4 8 
10 8 6 4 
10 8 4 6 
10 4 8 6 
10 4 6 8 

251 11959974818530499660 1 7
7 6 3 5 4 0 1 

1928 6846801058473162957 6 5
7 8 9 3 10 
7 9 8 3 10 
8 7 9 3 10 
8 9 7 3 10 
9 7 8 3 10 
9 8 7 3 10 

2726 1943110729160799581 4 6
2 7 1 9 5 11 
2 7 9 1 5 11 
7 2 1 9 5 11 
7 2 9 1 5 11 

508 7350137850154501283 4 7
6 8 7 5 4 2 3 
6 8 7 2 3 5 4 
8 6 7 5 4 2 3 
8 6 7 2 3 5 4 

2185 769436178407978080 6 4
0 3 7 11 
0 3 11 7 
0 7 3 11 
0 7 11 3 
0 11 7 3 
0 11 3 7 

1362 2861741810154362026 8 5
4 8 6 10 1 
4 8 10 6 1 
6 10 8 4 1 
6 10 4 8 1 
8 4 6 10 1 
8 4 10 6 1 
10 6 4 8 1 
10 6 8 4 1 

253 14973519919840875354 1 7
0 6 7 5 4 2 3 

2471 7975407420659689593 2 7
2 7 8 0 1 11 5 
7 2 8 0 1 11 5 

2133 10724762445878319811 4 5
0 2 6 4 11 
0 2 6 11 4 
0 6 2 4 11 
0 6 2 11 4 

1418 14855508813864581283 12 5
1 7 8 3 10 
1 7 8 10 3 
1 8 7 3 10 
1 8 7 10 3 
7 1 8 3 10 
7 1 8 10 3 
7 8 1 3 10 
7 8 1 10 3 
8 7 1 3 10 
8 7 1 10 3 
8 1 7 3 10 
8 1 7 10 3 

373 1107630247809523071 2 6
2 6 8 0 5 4 
6 2 8 0 5 4 

2730 1943110729160799581 4 6
3 7 1 9 11 5 
3 7 9 1 11 5 
7 3 1 9 11 5 
7 3 9 1 11 5 

2189 4343486873700627537 2 5
0 7 11 3 2 
0 11 7 3 2 

2676 16619861267869245142 6 6
2 6 9 11 5 4 
2 9 6 11 5 4 
6 2 9 11 5 4 
6 9 2 11 5 4 
9 6 2 11 5 4 
9 2 6 11 5 4 

2135 15031232958328138070 4 6
2 6 4 11 0 1 
2 6 11 4 0 1 
6 2 4 11 0 1 
6 2 11 4 0 1 

860 9197999651535379497 2 6
4 8 6 9 2 3 
8 4 6 9 2 3 

3217 15334032163660614388 2 5
0 7 10 4 11 
0 10 7 4 11 

2508 16874672746425353066 2 6
6 8 11 7 3 2 
8 6 11 7 3 2 

3783 7803397100995548159 2 8
7 11 6 2 10 0 1 9 
11 7 6 2 10 0 1 9 

1426 11611267597302225005 4 5
7 10 1 8 4 
7 10 8 1 4 
10 7 8 1 4 
10 7 1 8 4 

2197 8256587753683028773 4 5
0 2 7 4 11 
0 2 7 11 4 
0 7 2 4 11 
0 7 2 11 4 

2251 3175094110304554951 2 6
7 11 6 3 0 1 
11 7 6 3 0 1 

2499 10464622606033449945 2 6
6 7 11 8 0 1 
7 6 11 8 0 1 

3747 15002418158274407726 4 7
7 10 5 11 0 1 9 
7 10 11 5 0 1 9 
10 7 5 11 0 1 9 
10 7 11 5 0 1 9 

1390 14048711083198455467 4 7
5 8 6 1 3 10 2 
5 8 6 1 10 3 2 
8 5 6 1 3 10 2 
8 5 6 1 10 3 2 

1985 17394225282093965584 2 6
7 8 10 6 0 9 
8 7 10 6 0 9 

3774 14330650406808763012 2 9
1 9 7 10 3 2 4 11 5 
9 1 7 10 3 2 4 11 5 

1417 14491358106031054111 4 5
0 7 8 3 10 
0 7 8 10 3 
0 8 7 3 10 
0 8 7 10 3 

3855 3986156958789367454 4 8
8 11 3 10 2 0 1 9 
8 11 10 3 2 0 1 9 
11 8 3 10 2 0 1 9 
11 8 10 3 2 0 1 9 

1498 12977037398129266027 1 7
8 4 7 1 6 10 3 

3678 795920064008735737 2 8
4 11 6 9 1 3 10 2 
11 4 6 9 1 3 10 2 

1321 9831288496672384632 4 5
0 5 8 3 10 
0 5 8 10 3 
0 8 5 3 10 
0 8 5 10 3 

1305 9831288496672384632 4 5
0 4 8 3 10 
0 4 8 10 3 
0 8 4 3 10 
0 8 4 10 3 

2414 5664726680729547859 1 7
6 8 1 3 2 5 11 

2275 3288777339814088288 2 6
6 7 0 1 11 5 
7 6 0 1 11 5 

3550 13402316134751893853 1 9
8 6 1 7 4 11 10 3 2 

1193 998276576694047680 4 5
0 5 7 3 10 
0 5 7 10 3 
0 7 5 3 10 
0 7 5 10 3 

3631 6419017458324271614 4 8
5 11 3 10 2 0 1 9 
5 11 10 3 2 0 1 9 
11 5 3 10 2 0 1 9 
11 5 10 3 2 0 1 9 

1274 17135561696590709748 2 7
1 6 7 4 5 10 3 
6 1 7 4 5 10 3 

2383 879349575139466372 2 7
8 11 6 2 3 0 1 
11 8 6 2 3 0 1 

2779 13750811098262291126 1 8
7 6 3 11 4 0 1 9 

422 380262724330119809 8 5
1 8 7 2 5 
1 8 2 7 5 
2 7 1 8 5 
2 7 8 1 5 
7 2 1 8 5 
7 2 8 1 5 
8 1 7 2 5 
8 1 2 7 5 

1761 17394225282093965584 2 6
5 7 6 10 0 9 
7 5 6 10 0 9 

3036 9170982677577909193 1 8
8 6 9 7 11 4 2 3 

679 5823855460851791443 6 6
2 5 7 0 1 9 
2 7 5 0 1 9 
5 2 7 0 1 9 
5 7 2 0 1 9 
7 2 5 0 1 9 
7 5 2 0 1 9 

2758 16393952571589386586 2 6
7 11 6 2 9 1 
11 7 6 2 9 1 

2217 14415055728871779355 2 5
0 3 7 11 5 
0 7 3 11 5 

3546 3557475190552848326 1 8
8 6 1 7 4 11 10 3 

1189 4343486873700627537 2 5
0 5 7 2 10 
0 7 5 2 10 

2298 1421330833246235467 2 7
1 6 7 3 11 5 4 
6 1 7 3 11 5 4 

3558 4332238523716154704 1 8
6 8 1 7 2 10 5 11 

1201 13296443565736709079 2 5
0 7 10 4 5 
0 10 7 4 5 

2530 4944312786283715841 2 6
6 7 1 8 5 11 
7 6 1 8 5 11 

173 4343486873700627537 2 5
0 5 7 2 3 
0 7 5 2 3 

2391 16277374342905341235 2 7
2 6 8 11 4 0 1 
6 2 8 11 4 0 1 

3869 2229721163726447239 2 8
8 0 9 11 4 3 10 2 
8 0 9 11 4 10 3 2 

1512 17315860384008231564 4 6
6 8 5 7 3 10 
6 8 5 7 10 3 
8 6 5 7 3 10 
8 6 5 7 10 3 

2648 3789797395801390717 12 5
3 6 9 4 11 
3 6 9 11 4 
3 9 6 4 11 
3 9 6 11 4 
6 3 9 4 11 
6 3 9 11 4 
6 9 3 4 11 
6 9 3 11 4 
9 6 3 4 11 
9 6 3 11 4 
9 3 6 4 11 
9 3 6 11 4 

4038 7062446891357879449 1 8
8 7 11 6 9 1 2 10 

1681 5931435798603271106 6 5
4 7 10 0 9 
4 10 7 0 9 
7 4 10 0 9 
7 10 4 0 9 
10 4 7 0 9 
10 7 4 0 9 

2790 15945983111446454238 1 7
6 7 2 9 1 11 5 

3814 2516074428811775015 1 8
6 7 9 1 11 5 2 10 

1457 8118786610351738733 2 6
7 10 0 8 4 5 
10 7 0 8 4 5 

2201 11926302486501233755 2 5
0 3 7 11 4 
0 7 3 11 4 

2259 9623127008843113081 2 6
6 7 0 1 11 4 
7 6 0 1 11 4 

3534 8628811892862903655 1 8
8 11 7 1 6 3 10 2 

1177 12450822227449888776 2 5
0 4 7 10 3 
0 7 4 10 3 

3395 12631884262536388551 4 6
8 11 6 10 0 1 
8 11 10 6 0 1 
11 8 6 10 0 1 
11 8 10 6 0 1 

2286 922567959627868429 2 7
1 6 7 5 11 3 2 
6 1 7 5 11 3 2 

3277 12065197529472017875 2 7
0 6 7 11 3 10 2 
0 6 11 7 3 10 2 

920 12090042794949843262 4 5
8 9 7 3 4 
8 9 3 7 4 
9 8 7 3 4 
9 8 3 7 4 

2151 2896759041711993897 4 6
2 6 5 11 0 1 
2 6 11 5 0 1 
6 2 5 11 0 1 
6 2 11 5 0 1 

876 15575365160699726714 2 6
5 8 6 9 2 3 
8 5 6 9 2 3 

3233 16792596791017900889 4 5
0 7 10 5 11 
0 7 10 11 5 
0 10 7 5 11 
0 10 7 11 5 

2249 13505738758536704993 2 5
0 6 7 11 3 
0 6 11 7 3 

2392 12786866701162581528 6 5
3 6 8 11 4 
3 8 6 11 4 
6 3 8 11 4 
6 8 3 11 4 
8 6 3 11 4 
8 3 6 11 4 

1938 14497987279221823462 2 6
7 10 8 4 9 1 
10 7 8 4 9 1 

3169 814829922828285058 4 5
0 6 10 5 11 
0 6 10 11 5 
0 10 6 5 11 
0 10 6 11 5 

3738 10336794456350953069 2 7
1 9 7 10 3 4 11 
9 1 7 10 3 4 11 

1381 10957082845222007006 2 6
5 8 6 0 2 10 
8 5 6 0 2 10 

2490 12601094406029164176 4 7
1 8 7 3 11 5 4 
1 8 3 7 11 5 4 
8 1 7 3 11 5 4 
8 1 3 7 11 5 4 

1922 6659168973061564559 12 5
7 8 10 9 1 
7 8 10 1 9 
7 10 8 9 1 
7 10 8 1 9 
8 7 10 9 1 
8 7 10 1 9 
8 10 7 9 1 
8 10 7 1 9 
10 7 8 9 1 
10 7 8 1 9 
10 8 7 9 1 
10 8 7 1 9 

3278 491246732498085224 4 7
7 11 6 1 3 10 2 
7 11 1 6 3 10 2 
11 7 6 1 3 10 2 
11 7 1 6 3 10 2 

921 14275706843192395142 2 6
3 7 8 4 0 9 
7 3 8 4 0 9 

380 4351281990573074921 4 6
6 8 5 4 2 3 
6 8 2 3 5 4 
8 6 5 4 2 3 
8 6 2 3 5 4 

1489 13182820590947904547 2 6
4 10 0 7 8 6 
10 4 0 7 6 8 

2187 12893746234500750755 6 5
3 7 11 0 1 
3 11 7 0 1 
7 3 11 0 1 
7 11 3 0 1 
11 3 7 0 1 
11 7 3 0 1 

1924 17221279241260661893 6 5
7 8 9 2 10 
7 9 8 2 10 
8 7 9 2 10 
8 9 7 2 10 
9 7 8 2 10 
9 8 7 2 10 

2952 8783688367253846880 4 5
8 9 3 7 11 
8 9 7 3 11 
9 8 7 3 11 
9 8 3 7 11 

734 15978073705904465510 2 7
4 7 6 9 1 2 3 
7 4 6 9 1 2 3 

2668 8841205535592364760 4 6
6 9 5 11 2 3 
6 9 11 5 2 3 
9 6 5 11 2 3 
9 6 11 5 2 3 

3777 1644592157796074684 2 6
7 11 6 10 0 9 
11 7 6 10 0 9 

3806 2257972437883776161 1 9
7 4 11 6 9 1 10 3 2 

1449 12074049665631174943 2 6
0 8 7 5 3 10 
0 8 7 5 10 3 

2017 9266898177745172104 4 7
7 5 8 10 6 0 9 
7 6 10 8 5 0 9 
7 8 5 6 10 0 9 
7 10 6 5 8 0 9 

3211 9330319395014967158 2 6
7 11 0 1 3 10 
11 7 0 1 3 10 

854 15596753181347747476 4 6
2 6 4 8 9 1 
2 6 8 4 9 1 
6 2 4 8 9 1 
6 2 8 4 9 1 

1936 1478173324962532676 4 5
7 10 8 9 4 
7 10 9 8 4 
10 7 8 9 4 
10 7 9 8 4 

4039 7436325159491915454 1 9
7 8 11 6 2 10 0 1 9 

1682 3308141210650272104 12 5
4 7 10 9 1 
4 7 10 1 9 
4 10 7 9 1 
4 10 7 1 9 
7 4 10 9 1 
7 4 10 1 9 
7 10 4 9 1 
7 10 4 1 9 
10 4 7 9 1 
10 4 7 1 9 
10 7 4 9 1 
10 7 4 1 9 

3295 10358924022189980373 1 9
7 4 11 6 0 1 10 3 2 

938 7878346581168650013 2 6
3 7 8 5 1 9 
7 3 8 5 1 9 

3101 8902774268939796356 4 6
0 4 11 10 3 2 
0 4 11 3 10 2 
0 11 4 3 10 2 
0 11 4 10 3 2 

744 10535858816521210636 4 5
6 9 7 5 3 
6 9 5 7 3 
9 6 5 7 3 
9 6 7 5 3 

2394 17679276914396844753 2 6
3 6 8 1 11 4 
6 3 8 1 11 4 

230 12090042794949843262 4 5
5 7 1 6 2 
5 7 6 1 2 
7 5 6 1 2 
7 5 1 6 2 

1339 15275656400856981371 2 7
3 10 8 0 1 5 4 
10 3 8 0 1 5 4 

238 13173563819687789126 4 6
5 7 1 6 2 3 
5 7 6 1 2 3 
7 5 6 1 2 3 
7 5 1 6 2 3 

994 4944312786283715841 2 6
6 7 5 8 1 9 
7 6 5 8 1 9 

2810 2795353325699905725 1 8
6 7 3 9 1 11 5 4 

453 7871050610221548881 2 5
0 2 7 8 6 
0 2 8 7 6 

1423 16740724824954276980 4 7
7 8 0 1 3 10 2 
7 8 0 1 10 3 2 
8 7 0 1 3 10 2 
8 7 0 1 10 3 2 

3780 6340229740777905566 4 6
6 9 7 11 2 10 
6 9 11 7 2 10 
9 6 7 11 2 10 
9 6 11 7 2 10 

2762 16814541406987443072 2 6
7 11 6 3 9 1 
11 7 6 3 9 1 

405 15250521132496252445 2 5
0 8 7 2 4 
0 8 2 7 4 

3871 12959099267977812366 2 9
8 11 4 3 10 2 0 1 9 
8 11 4 10 3 2 0 1 9 

1514 17556848709657584932 4 7
8 5 7 1 6 3 10 
8 5 7 1 6 10 3 
8 1 6 5 7 3 10 
8 1 6 5 7 10 3 

2253 6927501725911436566 2 6
0 6 7 11 2 3 
0 6 11 7 2 3 

1926 4911953408704792606 2 6
7 8 9 1 2 10 
8 7 9 1 2 10 

3742 2566369119108708042 2 8
1 9 7 4 11 10 3 2 
9 1 7 4 11 10 3 2 

1385 16394582783512566734 4 6
5 8 6 0 3 10 
5 8 6 0 10 3 
8 5 6 0 3 10 
8 5 6 0 10 3 

3008 9203650964733762970 4 5
9 11 6 7 8 
9 11 7 6 8 
11 9 7 6 8 
11 9 6 7 8 

908 17498980938774220750 6 5
7 8 9 2 3 
7 9 8 2 3 
8 7 9 2 3 
8 9 7 2 3 
9 7 8 2 3 
9 8 7 2 3 

3265 7855620039731893712 2 5
0 6 7 11 10 
0 6 11 7 10 

1520 4605810254616994756 2 6
6 8 10 7 4 5 
8 6 10 7 4 5 

2795 11993450932635992563 1 8
7 6 3 11 5 0 1 9 

438 5558598568000744194 8 6
1 8 7 2 5 4 
1 8 2 7 5 4 
2 7 1 8 5 4 
2 7 8 1 5 4 
7 2 1 8 5 4 
7 2 8 1 5 4 
8 1 7 2 5 4 
8 1 2 7 5 4 

1008 16874672746425353066 2 6
6 7 9 8 4 5 
7 6 9 8 4 5 

467 14477014528829436310 2 6
6 7 4 8 0 1 
7 6 4 8 0 1 

1233 3597566332533835856 2 5
4 7 0 6 10 
7 4 0 6 10 

976 12090042794949843262 4 5
4 9 7 6 8 
4 9 6 7 8 
9 4 7 6 8 
9 4 6 7 8 

3750 15141468852727160481 2 7
1 9 7 5 11 2 10 
9 1 7 5 11 2 10 

1393 4210163218130313816 2 6
6 10 8 0 4 5 
10 6 8 0 4 5 

3209 16485532840768388381 2 5
0 7 11 3 10 
0 11 7 3 10 

852 17692198270054453466 4 5
2 6 4 8 9 
2 6 8 4 9 
6 2 4 8 9 
6 2 8 4 9 

1961 8573994065907684937 1 7
8 7 5 0 9 3 10 

2137 3137173914501636546 4 5
0 3 6 4 11 
0 3 6 11 4 
0 6 3 4 11 
0 6 3 11 4 

2381 14046717345772742784 2 6
8 11 6 0 2 3 
11 8 6 0 2 3 

3490 17462460691522219875 4 6
1 8 7 10 5 11 
1 8 10 7 5 11 
8 1 7 10 5 11 
8 1 10 7 5 11 

217 11543873541458446079 2 5
0 6 4 7 3 
0 6 7 4 3 

3683 9948355801316742538 4 7
6 10 5 11 0 1 9 
6 10 11 5 0 1 9 
10 6 5 11 0 1 9 
10 6 11 5 0 1 9 

1326 1059225907803239905 12 6
1 5 8 3 10 2 
1 5 8 10 3 2 
1 8 5 3 10 2 
1 8 5 10 3 2 
5 1 8 3 10 2 
5 1 8 10 3 2 
5 8 1 3 10 2 
5 8 1 10 3 2 
8 5 1 3 10 2 
8 5 1 10 3 2 
8 1 5 3 10 2 
8 1 5 10 3 2 

3548 17635456482426857964 2 8
6 8 7 4 11 10 3 2 
8 6 7 4 11 10 3 2 

1191 1575297931999258167 2 6
5 7 0 1 2 10 
7 5 0 1 2 10 

3409 14270031622738270602 2 6
6 10 8 0 4 11 
10 6 8 0 4 11 

2273 8772822714832202335 2 5
0 6 7 11 5 
0 7 6 11 5 

2442 10535858816521210636 4 5
3 7 1 8 11 
3 7 8 1 11 
7 3 1 8 11 
7 3 8 1 11 

2388 9620469701157494860 12 5
2 6 8 4 11 
2 6 8 11 4 
2 8 6 4 11 
2 8 6 11 4 
6 2 8 4 11 
6 2 8 11 4 
6 8 2 4 11 
6 8 2 11 4 
8 6 2 4 11 
8 6 2 11 4 
8 2 6 4 11 
8 2 6 11 4 

1816 13477517142961789684 12 5
4 8 9 3 10 
4 8 9 10 3 
4 9 8 3 10 
4 9 8 10 3 
8 4 9 3 10 
8 4 9 10 3 
8 9 4 3 10 
8 9 4 10 3 
9 4 8 3 10 
9 4 8 10 3 
9 8 4 3 10 
9 8 4 10 3 

2390 18374469460899010481 4 6
2 6 8 1 4 11 
2 6 8 1 11 4 
6 2 8 1 4 11 
6 2 8 1 11 4 

226 16493867128980194667 24 4
1 5 6 7 
1 5 7 6 
1 6 5 7 
1 6 7 5 
1 7 6 5 
1 7 5 6 
5 1 6 7 
5 1 7 6 
5 6 1 7 
5 6 7 1 
5 7 6 1 
5 7 1 6 
6 5 1 7 
6 5 7 1 
6 1 5 7 
6 1 7 5 
6 7 1 5 
6 7 5 1 
7 5 6 1 
7 5 1 6 
7 6 5 1 
7 6 1 5 
7 1 6 5 
7 1 5 6 

1849 17691257695860358908 2 7
3 10 8 0 9 4 5 
10 3 8 0 9 4 5 

2958 5919362954022825123 1 7
8 7 11 9 1 2 3 

3725 9546538911315011664 2 7
7 11 0 9 3 10 2 
11 7 0 9 3 10 2 

1368 10767281308098463204 6 5
4 6 8 10 3 
4 8 6 10 3 
6 4 8 10 3 
6 8 4 10 3 
8 4 6 10 3 
8 6 4 10 3 

2477 17255637518962346996 1 7
0 8 7 2 3 11 5 

3424 6659168973061564559 12 5
6 8 10 5 11 
6 8 10 11 5 
6 10 8 5 11 
6 10 8 11 5 
8 6 10 5 11 
8 6 10 11 5 
8 10 6 5 11 
8 10 6 11 5 
10 6 8 5 11 
10 6 8 11 5 
10 8 6 5 11 
10 8 6 11 5 

2389 17736407416829244937 2 6
2 6 8 0 11 4 
6 2 8 0 11 4 

1307 17869320419608178189 4 6
4 8 3 10 0 1 
4 8 10 3 0 1 
8 4 3 10 0 1 
8 4 10 3 0 1 

225 12690184987514807589 6 4
0 5 6 7 
0 5 7 6 
0 6 5 7 
0 6 7 5 
0 7 6 5 
0 7 5 6 

2443 6940958615133171478 2 6
3 7 8 11 0 1 
7 3 8 11 0 1 

1195 5775236693765766519 4 6
5 7 0 1 3 10 
5 7 0 1 10 3 
7 5 0 1 3 10 
7 5 0 1 10 3 

3552 1724535002715340816 4 6
6 8 10 7 5 11 
6 8 10 7 11 5 
8 6 10 7 5 11 
8 6 10 7 11 5 

2646 2193097090793837086 4 6
2 6 4 11 9 1 
2 6 11 4 9 1 
6 2 4 11 9 1 
6 2 11 4 9 1 

482 12090042794949843262 4 5
1 5 6 7 8 
1 5 7 6 8 
5 1 6 7 8 
5 1 7 6 8 

2406 4944312786283715841 2 6
2 6 8 1 5 11 
6 2 8 1 5 11 

242 188164556680662115 6 5
1 6 7 5 4 
1 7 6 5 4 
6 1 7 5 4 
6 7 1 5 4 
7 6 1 5 4 
7 1 6 5 4 

737 5045824855673513708 6 5
5 6 7 0 9 
5 7 6 0 9 
6 5 7 0 9 
6 7 5 0 9 
7 5 6 0 9 
7 6 5 0 9 

2955 8803778980435695929 2 7
3 7 8 11 0 1 9 
7 3 8 11 0 1 9 

2393 9120824176709973217 2 6
3 6 8 0 11 4 
6 3 8 0 11 4 

2532 4944312786283715841 2 6
6 8 2 7 5 11 
8 6 2 7 5 11 

175 1575297931999258167 2 6
5 7 0 1 2 3 
7 5 0 1 2 3 

2650 5646035700569632052 4 6
3 6 4 11 9 1 
3 6 11 4 9 1 
6 3 4 11 9 1 
6 3 11 4 9 1 

486 14498150133182066701 4 6
5 2 1 7 8 6 
5 1 2 8 7 6 
5 7 8 2 1 6 
5 8 7 1 2 6 

2520 13008496260309061241 2 6
6 8 3 7 11 4 
8 6 3 7 11 4 

1411 12693413998309666798 6 5
7 8 10 0 1 
7 10 8 0 1 
8 7 10 0 1 
8 10 7 0 1 
10 7 8 0 1 
10 8 7 0 1 

2713 17579495884595203135 2 6
3 7 0 9 11 4 
7 3 0 9 11 4 

356 16493867128980194667 24 4
2 5 6 8 
2 5 8 6 
2 6 5 8 
2 6 8 5 
2 8 6 5 
2 8 5 6 
5 2 6 8 
5 2 8 6 
5 6 2 8 
5 6 8 2 
5 8 6 2 
5 8 2 6 
6 5 2 8 
6 5 8 2 
6 2 5 8 
6 2 8 5 
6 8 2 5 
6 8 5 2 
8 5 6 2 
8 5 2 6 
8 6 5 2 
8 6 2 5 
8 2 6 5 
8 2 5 6 

3822 12299943483483836850 1 9
6 9 1 7 11 5 3 10 2 

1465 3575320683920826003 1 7
0 8 7 10 3 4 5 

1925 6518657682295315881 2 6
7 8 0 9 2 10 
8 7 0 9 2 10 

3741 12248917047593780640 1 8
0 9 7 4 11 10 3 2 

1384 14855508813864581283 12 5
5 6 8 3 10 
5 6 8 10 3 
5 8 6 3 10 
5 8 6 10 3 
6 5 8 3 10 
6 5 8 10 3 
6 8 5 3 10 
6 8 5 10 3 
8 5 6 3 10 
8 5 6 10 3 
8 6 5 3 10 
8 6 5 10 3 

2405 12508665834097667370 2 6
2 6 8 0 11 5 
6 2 8 0 11 5 

1323 11755035972690850698 4 6
5 8 3 10 0 1 
5 8 10 3 0 1 
8 5 3 10 0 1 
8 5 10 3 0 1 

241 16972200642847416547 4 5
0 6 7 4 5 
0 6 7 5 4 
0 7 6 5 4 
0 7 6 4 5 

2459 4251114753673676609 2 7
3 7 8 0 1 11 4 
7 3 8 0 1 11 4 

2662 488542594256355252 4 6
2 6 5 11 9 1 
2 6 11 5 9 1 
6 2 5 11 9 1 
6 2 11 5 9 1 

498 16874672746425353066 2 6
6 7 1 8 5 4 
7 6 1 8 5 4 

465 11543873541458446079 2 5
0 4 6 7 8 
0 4 7 6 8 

1266 5045896866956381792 2 6
1 6 7 10 4 5 
6 1 7 10 4 5 

2375 11603565357882501321 4 6
8 11 2 6 0 1 
8 11 6 2 0 1 
11 8 2 6 0 1 
11 8 6 2 0 1 

725 5047777811332371032 2 6
4 7 6 2 0 9 
7 4 6 2 0 9 

1834 14204132892486191470 4 6
5 8 3 10 1 9 
5 8 10 3 1 9 
8 5 3 10 1 9 
8 5 10 3 1 9 

723 17027457905857193130 6 6
4 6 7 0 1 9 
4 7 6 0 1 9 
6 4 7 0 1 9 
6 7 4 0 1 9 
7 4 6 0 1 9 
7 6 4 0 1 9 

2241 1350031940036414567 6 4
0 6 7 11 
0 6 11 7 
0 7 6 11 
0 7 11 6 
0 11 7 6 
0 11 6 7 

2799 11621956686676412600 1 9
7 11 5 6 2 3 0 1 9 

442 13737960649418383150 4 6
1 8 7 3 5 4 
1 8 3 7 5 4 
8 1 7 3 5 4 
8 1 3 7 5 4 

2660 9427258437046237397 12 5
2 6 9 5 11 
2 6 9 11 5 
2 9 6 5 11 
2 9 6 11 5 
6 2 9 5 11 
6 2 9 11 5 
6 9 2 5 11 
6 9 2 11 5 
9 6 2 5 11 
9 6 2 11 5 
9 2 6 5 11 
9 2 6 11 5 

2770 14713185860047838111 2 6
6 7 9 1 11 4 
7 6 9 1 11 4 

413 14790684677807774425 1 6
0 8 7 4 2 3 

1522 6285327887964995163 1 7
6 10 7 1 8 4 5 

3323 16649097506232003720 1 9
6 0 1 7 10 3 4 11 5 

966 228510844930607347 2 6
7 8 2 6 9 1 
8 7 2 6 9 1 

2782 13917298490996599984 1 8
6 7 9 1 11 4 2 3 

425 11543873541458446079 2 5
0 8 7 3 5 
0 8 3 7 5 

1820 1059225907803239905 12 6
4 8 9 3 10 2 
4 8 9 10 3 2 
4 9 8 3 10 2 
4 9 8 10 3 2 
8 4 9 3 10 2 
8 4 9 10 3 2 
8 9 4 3 10 2 
8 9 4 10 3 2 
9 4 8 3 10 2 
9 4 8 10 3 2 
9 8 4 3 10 2 
9 8 4 10 3 2 

738 2439390951950820807 6 5
5 6 7 1 9 
5 7 6 1 9 
6 5 7 1 9 
6 7 5 1 9 
7 5 6 1 9 
7 6 5 1 9 

2956 10422544046266212547 2 6
8 9 7 11 2 3 
9 8 7 11 2 3 

2645 5186555923809770321 4 6
2 6 4 11 0 9 
2 6 11 4 0 9 
6 2 4 11 0 9 
6 2 11 4 0 9 

2714 17850062248467779349 4 6
3 7 1 9 11 4 
3 7 9 1 11 4 
7 3 1 9 11 4 
7 3 9 1 11 4 

357 8162371686978995169 4 5
2 6 5 8 0 
2 6 8 5 0 
6 2 5 8 0 
6 2 8 5 0 

1466 6771547091732463584 2 7
1 8 7 10 3 4 5 
8 1 7 10 3 4 5 

741 8464663365043895283 2 6
5 7 6 2 0 9 
7 5 6 2 0 9 

1850 5075813732830331876 4 7
3 10 8 9 1 5 4 
3 10 8 1 9 4 5 
10 3 8 9 1 5 4 
10 3 8 1 9 4 5 

3799 5460400331814503757 1 9
7 4 11 6 10 2 0 1 9 

1442 10535858816521210636 4 5
1 8 7 10 5 
1 8 10 7 5 
8 1 7 10 5 
8 1 10 7 5 

901 18408541951567230304 6 5
2 7 8 0 9 
2 8 7 0 9 
7 2 8 0 9 
7 8 2 0 9 
8 2 7 0 9 
8 7 2 0 9 

1896 5497877889502896027 2 6
5 8 6 9 3 10 
8 5 6 9 3 10 

2437 6926730479377257359 2 5
0 8 7 2 11 
0 8 2 7 11 

219 14477014528829436310 2 6
4 7 6 3 0 1 
7 4 6 3 0 1 

3832 903827951116140339 2 8
6 9 7 10 3 4 11 5 
9 6 7 10 3 4 11 5 

1475 14477014528829436310 2 6
7 8 10 6 0 1 
8 7 10 6 0 1 

366 14410549859363100494 2 6
5 8 6 1 2 3 
8 5 6 1 2 3 

3291 10049355117489031339 1 8
7 6 4 11 0 1 10 3 

934 6590687090933055534 2 6
2 7 8 5 9 1 
7 2 8 5 9 1 

2750 9640450233850773748 2 8
1 9 7 2 3 11 5 4 
9 1 7 2 3 11 5 4 

393 12690184987514807589 6 4
0 3 7 8 
0 3 8 7 
0 7 3 8 
0 7 8 3 
0 8 7 3 
0 8 3 7 

3766 2114239682629827265 2 8
1 9 7 10 2 4 11 5 
9 1 7 10 2 4 11 5 

1409 12690184987514807589 6 4
0 7 8 10 
0 7 10 8 
0 8 7 10 
0 8 10 7 
0 10 8 7 
0 10 7 8 

2518 790516843372801578 8 7
6 2 7 1 8 4 11 
6 2 7 1 8 11 4 
6 1 8 2 7 4 11 
6 1 8 2 7 11 4 
6 7 2 8 1 4 11 
6 7 2 8 1 11 4 
6 8 1 7 2 4 11 
6 8 1 7 2 11 4 

233 11543873541458446079 2 5
0 6 5 7 3 
0 6 7 5 3 

3699 11235861785349520098 2 8
6 10 11 5 4 0 1 9 
10 6 11 5 4 0 1 9 

1342 4177130576748454021 4 7
1 8 5 4 3 10 2 
1 8 5 4 10 3 2 
8 1 5 4 3 10 2 
8 1 5 4 10 3 2 

490 15996805703364594649 2 6
1 5 3 8 6 7 
5 1 3 8 7 6 

1954 14891877167317564509 2 6
7 10 8 5 1 9 
10 7 8 5 1 9 

3770 3674095672349124165 2 8
1 9 7 10 3 4 11 5 
9 1 7 10 3 4 11 5 

1413 17624821644545928318 2 5
0 7 8 2 10 
0 8 7 2 10 

165 769436178407978080 6 4
0 2 5 7 
0 2 7 5 
0 5 2 7 
0 5 7 2 
0 7 5 2 
0 7 2 5 

2522 4337938774463275843 1 7
6 3 7 1 8 11 4 

2441 16579419613343970596 2 5
0 8 7 3 11 
0 8 3 7 11 

223 8638131481790005318 2 7
4 7 6 0 1 2 3 
7 4 6 0 1 2 3 

2157 679890520191902695 2 6
0 6 5 11 2 3 
0 6 11 5 2 3 

341 5045222843956143075 4 5
2 6 4 8 0 
2 6 8 4 0 
6 2 4 8 0 
6 2 8 4 0 

2698 5573958986186089707 12 5
3 7 11 9 1 
3 7 11 1 9 
3 11 7 9 1 
3 11 7 1 9 
7 3 11 9 1 
7 3 11 1 9 
7 11 3 9 1 
7 11 3 1 9 
11 3 7 9 1 
11 3 7 1 9 
11 7 3 9 1 
11 7 3 1 9 

3803 1586201804730533337 1 9
7 4 11 6 10 3 0 1 9 

1446 16422845455431186346 2 6
1 8 7 5 2 10 
8 1 7 5 2 10 

364 188164556680662115 6 5
5 6 8 2 3 
5 8 6 2 3 
6 5 8 2 3 
6 8 5 2 3 
8 5 6 2 3 
8 6 5 2 3 

3830 536766752203727675 1 9
6 9 1 7 10 2 4 11 5 

1473 11543873541458446079 2 5
0 10 7 8 6 
0 10 8 7 6 

905 1396561130600315565 6 5
3 7 8 0 9 
3 8 7 0 9 
7 3 8 0 9 
7 8 3 0 9 
8 3 7 0 9 
8 7 3 0 9 

1488 1733026199422813109 4 5
4 10 8 6 7 
4 10 6 8 7 
10 4 8 6 7 
10 4 6 8 7 

379 5687688830646596586 2 7
3 6 8 5 4 0 1 
6 3 8 5 4 0 1 

1968 17761795275642010612 4 6
7 10 8 9 4 5 
7 10 9 8 4 5 
10 7 8 9 4 5 
10 7 9 8 4 5 

859 934778563835547120 8 7
3 6 4 8 0 1 9 
3 6 8 4 0 1 9 
4 8 3 6 0 1 9 
4 8 6 3 0 1 9 
6 3 4 8 0 1 9 
6 3 8 4 0 1 9 
8 4 3 6 0 1 9 
8 4 6 3 0 1 9 

2536 4944312786283715841 2 6
6 8 3 7 11 5 
8 6 3 7 11 5 

2702 5198975452520095128 4 6
7 11 1 9 3 2 
7 11 9 1 3 2 
11 7 9 1 3 2 
11 7 1 9 3 2 

345 7051507555019286624 8 5
3 6 4 8 0 
3 6 8 4 0 
4 8 6 3 0 
4 8 3 6 0 
6 3 4 8 0 
6 3 8 4 0 
8 4 3 6 0 
8 4 6 3 0 

3672 2909073980618687574 4 6
6 9 4 11 3 10 
6 9 11 4 3 10 
9 6 4 11 3 10 
9 6 11 4 3 10 

3811 39392490692585705 1 8
7 6 10 11 5 0 1 9 

1454 13877433152504584173 4 7
1 8 7 5 3 10 2 
1 8 7 5 10 3 2 
8 1 7 5 3 10 2 
8 1 7 5 10 3 2 

1249 11543873541458446079 2 5
0 6 5 7 10 
0 6 7 5 10 

3035 9949756018298208933 1 9
7 6 3 8 11 4 0 1 9 

678 5573958986186089707 12 5
2 5 7 1 9 
2 5 7 9 1 
2 7 5 1 9 
2 7 5 9 1 
5 2 7 1 9 
5 2 7 9 1 
5 7 2 1 9 
5 7 2 9 1 
7 2 5 1 9 
7 2 5 9 1 
7 5 2 1 9 
7 5 2 9 1 

3735 8891383801377371387 1 8
7 4 11 10 2 0 1 9 

1378 10535858816521210636 4 5
5 8 6 10 1 
5 8 10 6 1 
8 5 6 10 1 
8 5 10 6 1 

2149 10582672197760083576 4 5
0 2 6 5 11 
0 2 6 11 5 
0 6 2 5 11 
0 6 2 11 5 

903 2390666287944730386 6 6
2 7 8 0 1 9 
2 8 7 0 1 9 
7 2 8 0 1 9 
7 8 2 0 1 9 
8 2 7 0 1 9 
8 7 2 0 1 9 

2719 12292955926005175871 1 8
7 11 4 3 2 0 1 9 

362 10535858816521210636 4 5
5 8 6 3 1 
5 8 3 6 1 
8 5 3 6 1 
8 5 6 3 1 

3834 18329569566471847987 1 9
6 9 1 7 10 3 4 11 5 

1477 3968756705374980579 2 6
7 8 0 6 2 10 
8 7 0 6 2 10 

3293 7456828418472592506 1 8
0 6 7 4 11 10 3 2 

936 9002550714980698801 8 5
3 7 8 9 5 
3 7 9 8 5 
7 3 8 9 5 
7 3 9 8 5 
8 9 7 3 5 
8 9 3 7 5 
9 8 7 3 5 
9 8 3 7 5 

2752 17685878531683325480 24 4
6 7 9 11 
6 7 11 9 
6 9 7 11 
6 9 11 7 
6 11 9 7 
6 11 7 9 
7 6 9 11 
7 6 11 9 
7 9 6 11 
7 9 11 6 
7 11 9 6 
7 11 6 9 
9 7 6 11 
9 7 11 6 
9 6 7 11 
9 6 11 7 
9 11 6 7 
9 11 7 6 
11 7 9 6 
11 7 6 9 
11 9 7 6 
11 9 6 7 
11 6 9 7 
11 6 7 9 

395 12693413998309666798 6 5
3 7 8 0 1 
3 8 7 0 1 
7 3 8 0 1 
7 8 3 0 1 
8 3 7 0 1 
8 7 3 0 1 

1365 16654990692115330606 2 6
4 8 6 0 10 2 
8 4 6 0 10 2 

3722 11071503321896162754 4 6
7 11 1 9 3 10 
7 11 9 1 3 10 
11 7 9 1 3 10 
11 7 1 9 3 10 

3865 6593251381523242758 2 7
3 10 8 0 9 11 4 
10 3 8 0 9 11 4 

1508 16874672746425353066 2 6
6 8 5 7 2 10 
8 6 5 7 2 10 

2783 6511183672290481996 1 9
7 11 4 6 2 3 0 1 9 

426 10535858816521210636 4 5
1 8 7 3 5 
1 8 3 7 5 
8 1 7 3 5 
8 1 3 7 5 

2644 9508408847464364197 12 5
2 6 9 4 11 
2 6 9 11 4 
2 9 6 4 11 
2 9 6 11 4 
6 2 9 4 11 
6 2 9 11 4 
6 9 2 4 11 
6 9 2 11 4 
9 6 2 4 11 
9 6 2 11 4 
9 2 6 4 11 
9 2 6 11 4 

721 1396561130600315565 6 5
4 6 7 0 9 
4 7 6 0 9 
6 4 7 0 9 
6 7 4 0 9 
7 4 6 0 9 
7 6 4 0 9 

2729 13299931076184587773 2 6
3 7 0 9 11 5 
7 3 0 9 11 5 

372 188164556680662115 6 5
2 6 8 5 4 
2 8 6 5 4 
6 2 8 5 4 
6 8 2 5 4 
8 6 2 5 4 
8 2 6 5 4 

1481 2470704560320319575 4 6
7 8 0 6 3 10 
7 8 0 6 10 3 
8 7 0 6 3 10 
8 7 0 6 10 3 

1921 5045824855673513708 6 5
7 8 10 0 9 
7 10 8 0 9 
8 7 10 0 9 
8 10 7 0 9 
10 7 8 0 9 
10 8 7 0 9 

3737 1823646691544399559 1 7
0 9 7 10 3 4 11 

1380 188164556680662115 6 5
5 6 8 2 10 
5 8 6 2 10 
6 5 8 2 10 
6 8 5 2 10 
8 5 6 2 10 
8 6 5 2 10 

2489 17968346128133336967 2 7
0 8 7 3 11 5 4 
0 8 3 7 11 5 4 

2408 2439390951950820807 6 5
3 6 8 11 5 
3 8 6 11 5 
6 3 8 11 5 
6 8 3 11 5 
8 6 3 11 5 
8 3 6 11 5 

3734 5015435511617820564 2 7
7 1 9 4 11 10 2 
7 9 1 4 11 10 2 

1377 7051507555019286624 8 5
5 8 6 10 0 
5 8 10 6 0 
6 10 8 5 0 
6 10 5 8 0 
8 5 6 10 0 
8 5 10 6 0 
10 6 5 8 0 
10 6 8 5 0 

2486 16053474203727244198 8 7
1 8 7 2 11 5 4 
1 8 2 7 11 5 4 
2 7 1 8 11 5 4 
2 7 8 1 11 5 4 
7 2 1 8 11 5 4 
7 2 8 1 11 5 4 
8 1 7 2 11 5 4 
8 1 2 7 11 5 4 

2513 6709383864366755442 2 6
6 7 0 8 11 4 
7 6 0 8 11 4 

3761 8009154458416776101 2 7
7 10 0 9 4 11 5 
10 7 0 9 4 11 5 

1404 5057913160402673617 2 7
6 8 4 5 10 3 2 
8 6 4 5 10 3 2 

1250 9002550714980698801 8 5
1 6 5 7 10 
1 6 7 5 10 
5 7 6 1 10 
5 7 1 6 10 
6 1 5 7 10 
6 1 7 5 10 
7 5 6 1 10 
7 5 1 6 10 

234 9002550714980698801 8 5
1 6 5 7 3 
1 6 7 5 3 
5 7 1 6 3 
5 7 6 1 3 
6 1 5 7 3 
6 1 7 5 3 
7 5 6 1 3 
7 5 1 6 3 

748 1772347820215664684 4 6
6 9 5 7 2 3 
6 9 7 5 2 3 
9 6 5 7 2 3 
9 6 7 5 2 3 

2966 8150769280760827893 2 7
2 7 8 9 1 11 4 
7 2 8 9 1 11 4 

3800 391225747935049798 2 7
6 9 7 4 11 10 3 
9 6 7 4 11 10 3 

1443 13364660189012328007 2 6
7 10 8 5 0 1 
10 7 8 5 0 1 

2552 1912653166523298938 2 7
6 8 3 7 11 5 4 
8 6 3 7 11 5 4 

3259 13433995692022153989 1 8
0 1 7 10 3 4 11 5 

902 15669041373866470253 6 5
2 7 8 9 1 
2 8 7 9 1 
7 2 8 9 1 
7 8 2 9 1 
8 2 7 9 1 
8 7 2 9 1 

3688 11071503321896162754 4 6
6 9 5 11 3 10 
6 9 11 5 3 10 
9 6 5 11 3 10 
9 6 11 5 3 10 

3289 8278786643895666651 1 7
0 6 7 4 11 10 3 

932 15476917387195100497 4 5
2 7 8 9 5 
2 7 9 8 5 
7 2 8 9 5 
7 2 9 8 5 

391 3862842272408897832 6 5
2 7 8 0 1 
2 8 7 0 1 
7 2 8 0 1 
7 8 2 0 1 
8 2 7 0 1 
8 7 2 0 1 

1500 1540880735499046130 2 7
6 8 4 7 10 3 2 
8 6 4 7 10 3 2 

2814 11400338112680571831 1 9
6 9 1 7 2 3 11 5 4 

457 11543873541458446079 2 5
0 3 7 8 6 
0 3 8 7 6 

1427 7434458474488945970 2 6
7 10 8 4 0 1 
10 7 8 4 0 1 

3784 10019025926097211747 8 6
6 9 7 11 3 10 
6 9 11 7 3 10 
7 11 9 6 3 10 
7 11 6 9 3 10 
9 6 7 11 3 10 
9 6 11 7 3 10 
11 7 6 9 3 10 
11 7 9 6 3 10 

3034 3420155307155794313 1 8
7 6 3 8 11 4 9 1 

677 1560453407280416788 6 5
2 5 7 0 9 
2 7 5 0 9 
5 2 7 0 9 
5 7 2 0 9 
7 2 5 0 9 
7 5 2 0 9 

3560 2340423393818528874 2 7
6 8 7 3 10 11 5 
8 6 7 3 10 11 5 

1203 9653842049109310192 2 6
7 10 0 1 4 5 
10 7 0 1 4 5 

1744 9156061698186632969 4 5
4 7 6 9 10 
4 7 9 6 10 
7 4 6 9 10 
7 4 9 6 10 

2258 9620469701157494860 12 5
1 6 7 4 11 
1 6 7 11 4 
1 7 6 4 11 
1 7 6 11 4 
6 1 7 4 11 
6 1 7 11 4 
6 7 1 4 11 
6 7 1 11 4 
7 6 1 4 11 
7 6 1 11 4 
7 1 6 4 11 
7 1 6 11 4 

3357 500572433038563032 2 7
0 8 11 4 10 3 2 
0 8 11 4 3 10 2 

1000 15996805703364594649 2 6
3 9 5 6 7 8 
9 3 5 6 8 7 

459 14477014528829436310 2 6
7 8 3 6 0 1 
8 7 3 6 0 1 

2677 7890618074888103914 2 7
2 6 0 9 11 5 4 
6 2 0 9 11 5 4 

728 12090042794949843262 4 5
6 9 7 4 3 
6 9 4 7 3 
9 6 4 7 3 
9 6 7 4 3 

1837 13723499186516883168 4 7
5 8 0 9 3 10 2 
5 8 0 9 10 3 2 
8 5 0 9 3 10 2 
8 5 0 9 10 3 2 

2245 17884193887398040391 2 5
0 6 7 11 2 
0 6 11 7 2 

3532 9813081301793937922 2 7
6 8 11 7 3 10 2 
8 6 11 7 3 10 2 

1175 9653842049109310192 2 6
4 7 0 1 10 2 
7 4 0 1 10 2 

3393 15889268022453044526 4 5
8 11 10 6 0 
8 11 6 10 0 
11 8 6 10 0 
11 8 10 6 0 

2257 9226632015691885018 2 5
0 6 7 11 4 
0 7 6 11 4 

2250 10535858816521210636 4 5
7 11 6 1 3 
7 11 1 6 3 
11 7 6 1 3 
11 7 1 6 3 

1702 5198975452520095128 4 6
5 7 1 9 2 10 
5 7 9 1 2 10 
7 5 1 9 2 10 
7 5 9 1 2 10 

3920 15683936958837804610 2 6
6 10 8 9 4 11 
10 6 8 9 4 11 

427 13364660189012328007 2 6
3 7 8 5 0 1 
7 3 8 5 0 1 

2784 15698021659183445994 6 5
6 7 9 11 5 
6 9 7 11 5 
7 6 9 11 5 
7 9 6 11 5 
9 6 7 11 5 
9 7 6 11 5 

2243 4289553485368900080 6 5
6 7 11 0 1 
6 11 7 0 1 
7 6 11 0 1 
7 11 6 0 1 
11 6 7 0 1 
11 7 6 0 1 

2274 2439390951950820807 6 5
1 6 7 5 11 
1 7 6 5 11 
6 1 7 5 11 
6 7 1 5 11 
7 6 1 5 11 
7 1 6 5 11 

732 8762293650627267097 4 6
6 9 4 7 2 3 
6 9 7 4 2 3 
9 6 4 7 2 3 
9 6 7 4 2 3 

2950 3655107371435665535 2 6
2 7 8 11 9 1 
7 2 8 11 9 1 

209 12690184987514807589 6 4
0 4 6 7 
0 4 7 6 
0 6 4 7 
0 6 7 4 
0 7 6 4 
0 7 4 6 

1179 11487573773597621399 2 6
4 7 0 1 10 3 
7 4 0 1 10 3 

3536 11938767803980022513 2 6
6 8 10 7 4 11 
8 6 10 7 4 11 

2373 1592535796462415868 4 5
8 11 6 2 0 
8 11 2 6 0 
11 8 6 2 0 
11 8 2 6 0 

2380 188164556680662115 6 5
6 8 11 3 2 
6 11 8 3 2 
8 6 11 3 2 
8 11 6 3 2 
11 6 8 3 2 
11 8 6 3 2 

3489 17912192554515293721 2 6
0 8 7 10 11 5 
0 8 10 7 11 5 

3408 13578686894628410724 6 5
6 8 10 4 11 
6 10 8 4 11 
8 6 10 4 11 
8 10 6 4 11 
10 6 8 4 11 
10 8 6 4 11 

754 10393412678404299735 4 6
6 7 1 9 4 5 
6 7 9 1 5 4 
7 6 1 9 4 5 
7 6 9 1 5 4 

2972 4961478233975965909 2 7
8 9 7 2 3 11 4 
9 8 7 2 3 11 4 

213 1617996018150630071 2 5
0 6 4 7 2 
0 6 7 4 2 

3679 16423299877610395666 2 9
4 11 6 3 10 2 0 1 9 
11 4 6 3 10 2 0 1 9 

1322 13477517142961789684 12 5
1 5 8 3 10 
1 5 8 10 3 
1 8 5 3 10 
1 8 5 10 3 
5 1 8 3 10 
5 1 8 10 3 
5 8 1 3 10 
5 8 1 10 3 
8 5 1 3 10 
8 5 1 10 3 
8 1 5 3 10 
8 1 5 10 3 

2377 16647467745887852938 4 5
8 11 6 3 0 
8 11 3 6 0 
11 8 6 3 0 
11 8 3 6 0 

2378 9002550714980698801 8 5
3 6 8 11 1 
3 6 11 8 1 
6 3 8 11 1 
6 3 11 8 1 
8 11 6 3 1 
8 11 3 6 1 
11 8 6 3 1 
11 8 3 6 1 

1956 17244286474721858519 2 6
8 9 7 5 2 10 
9 8 7 5 2 10 

1415 10013964927214353102 2 6
7 8 0 1 2 10 
8 7 0 1 2 10 

167 12893746234500750755 6 5
2 5 7 0 1 
2 7 5 0 1 
5 2 7 0 1 
5 7 2 0 1 
7 2 5 0 1 
7 5 2 0 1 

2524 14928021070156645716 2 7
6 8 7 11 4 3 2 
8 6 7 11 4 3 2 

3231 12209304314906863038 1 8
0 1 7 4 11 10 3 2 

874 7081347217010946621 8 6
3 6 5 8 1 9 
3 6 8 5 1 9 
5 8 6 3 9 1 
5 8 3 6 9 1 
6 3 5 8 1 9 
6 3 8 5 1 9 
8 5 3 6 9 1 
8 5 6 3 9 1 

2213 14415055728871779355 2 5
0 2 7 5 11 
0 7 2 5 11 

397 17624821644545928318 2 5
0 7 8 2 3 
0 8 7 2 3 

2754 15698021659183445994 6 5
6 7 11 9 1 
6 11 7 9 1 
7 6 11 9 1 
7 11 6 9 1 
11 6 7 9 1 
11 7 6 9 1 

2798 10335833835982728440 1 8
6 7 9 1 11 5 2 3 

441 12528883690483008369 4 6
0 8 7 3 4 5 
0 8 7 3 5 4 
0 8 3 7 5 4 
0 8 3 7 4 5 

2404 2439390951950820807 6 5
2 6 8 5 11 
2 8 6 5 11 
6 2 8 5 11 
6 8 2 5 11 
8 6 2 5 11 
8 2 6 5 11 

3779 11809108199307245684 2 7
7 11 6 10 0 1 9 
11 7 6 10 0 1 9 

1422 12101926199069525000 12 6
1 7 8 3 10 2 
1 7 8 10 3 2 
1 8 7 3 10 2 
1 8 7 10 3 2 
7 1 8 3 10 2 
7 1 8 10 3 2 
7 8 1 3 10 2 
7 8 1 10 3 2 
8 7 1 3 10 2 
8 7 1 10 3 2 
8 1 7 3 10 2 
8 1 7 10 3 2 

2531 4355433488916626423 2 7
6 7 8 0 1 11 5 
7 6 8 0 1 11 5 

2504 12090042794949843262 4 5
3 11 8 6 7 
3 11 6 8 7 
11 3 8 6 7 
11 3 6 8 7 

1395 2880352698933266120 2 7
6 10 8 4 5 0 1 
10 6 8 4 5 0 1 

2697 1560453407280416788 6 5
3 7 11 0 9 
3 11 7 0 9 
7 3 11 0 9 
7 11 3 0 9 
11 3 7 0 9 
11 7 3 0 9 

3786 6482705530079391171 2 7
7 11 6 9 1 3 10 
11 7 6 9 1 3 10 

1429 16701415774721041571 1 6
0 8 7 4 10 2 

347 12374949587060388971 8 6
3 6 4 8 0 1 
3 6 8 4 0 1 
4 8 3 6 0 1 
4 8 6 3 0 1 
6 3 4 8 0 1 
6 3 8 4 0 1 
8 4 3 6 0 1 
8 4 6 3 0 1 

2215 10546081594700989006 2 6
2 7 0 1 5 11 
7 2 0 1 5 11 

399 10013964927214353102 2 6
7 8 0 1 2 3 
8 7 0 1 2 3 

2756 4791389968827053377 4 5
6 9 7 11 2 
6 9 11 7 2 
9 6 7 11 2 
9 6 11 7 2 

4043 11891113042905920436 1 9
7 8 11 6 3 10 0 1 9 

1686 4005143044215219554 4 6
4 7 1 9 10 2 
4 7 9 1 10 2 
7 4 1 9 10 2 
7 4 9 1 10 2 

3904 11324865545738181346 4 5
8 11 10 6 9 
8 11 6 10 9 
11 8 10 6 9 
11 8 6 10 9 

411 14477014528829436310 2 6
3 7 8 4 0 1 
7 3 8 4 0 1 

2768 13928948063997989457 6 5
6 7 9 11 4 
6 9 7 11 4 
7 6 9 11 4 
7 9 6 11 4 
9 6 7 11 4 
9 7 6 11 4 

2812 8157248059952396518 2 8
6 9 7 2 3 11 5 4 
9 6 7 2 3 11 5 4 

455 11021912218295375720 2 6
7 8 2 6 0 1 
8 7 2 6 0 1 

2753 14931243989594774229 6 5
6 7 11 0 9 
6 11 7 0 9 
7 6 11 0 9 
7 11 6 0 9 
11 6 7 0 9 
11 7 6 0 9 

2735 10984244893829409835 2 8
7 5 11 3 2 0 1 9 
7 11 5 2 3 0 1 9 

378 619306086038861002 2 6
3 6 8 1 5 4 
6 3 8 1 5 4 

2219 10546081594700989006 2 6
3 7 0 1 11 5 
7 3 0 1 11 5 

2760 17901225261713134062 8 5
6 9 7 11 3 
6 9 11 7 3 
7 11 9 6 3 
7 11 6 9 3 
9 6 7 11 3 
9 6 11 7 3 
11 7 6 9 3 
11 7 9 6 3 

720 16493867128980194667 24 4
4 6 7 9 
4 6 9 7 
4 7 6 9 
4 7 9 6 
4 9 7 6 
4 9 6 7 
6 4 7 9 
6 4 9 7 
6 7 4 9 
6 7 9 4 
6 9 7 4 
6 9 4 7 
7 6 4 9 
7 6 9 4 
7 4 6 9 
7 4 9 6 
7 9 4 6 
7 9 6 4 
9 6 7 4 
9 6 4 7 
9 7 6 4 
9 7 4 6 
9 4 7 6 
9 4 6 7 

2884 2810084273075988598 4 5
8 11 2 6 9 
8 11 6 2 9 
11 8 6 2 9 
11 8 2 6 9 

1265 8947388276747122160 1 6
0 6 7 10 4 5 

2888 8783688367253846880 4 5
8 11 3 6 9 
8 11 6 3 9 
11 8 6 3 9 
11 8 3 6 9 

3290 15238923904173812481 2 7
1 6 7 4 11 10 3 
6 1 7 4 11 10 3 

933 6412516484024007930 2 6
2 7 8 5 0 9 
7 2 8 5 0 9 

740 17692198270054453466 4 5
6 9 7 5 2 
6 9 5 7 2 
9 6 5 7 2 
9 6 7 5 2 

3097 11889501733311394618 4 5
0 3 10 4 11 
0 3 10 11 4 
0 10 3 4 11 
0 10 3 11 4 

1988 13651271337057990798 2 6
7 8 9 6 2 10 
8 7 9 6 2 10 

1490 6347953279825038236 2 6
4 10 1 7 8 6 
10 4 1 7 6 8 

381 834364682458898646 1 7
6 8 0 2 3 5 4 

2004 18346332792701472335 1 7
8 4 7 9 6 10 2 

3153 3137173914501636546 4 5
0 6 10 4 11 
0 6 10 11 4 
0 10 6 4 11 
0 10 6 11 4 

935 3073111190857814141 2 7
2 7 8 5 0 1 9 
7 2 8 5 0 1 9 

1714 4005143044215219554 4 6
7 10 1 9 4 5 
7 10 9 1 4 5 
10 7 9 1 4 5 
10 7 1 9 4 5 

980 2226890699318929390 1 6
9 2 4 6 8 7 

3337 5410015725344701864 4 5
0 8 11 10 3 
0 8 11 3 10 
0 11 8 10 3 
0 11 8 3 10 

752 188164556680662115 6 5
6 7 9 4 5 
6 9 7 4 5 
7 6 9 4 5 
7 9 6 4 5 
9 6 7 4 5 
9 7 6 4 5 

2970 11110687282302157578 2 7
3 7 8 9 1 11 4 
7 3 8 9 1 11 4 

211 12693413998309666798 6 5
4 6 7 0 1 
4 7 6 0 1 
6 4 7 0 1 
6 7 4 0 1 
7 4 6 0 1 
7 6 4 0 1 

3457 9360881996058294658 2 5
0 8 7 10 11 
0 8 10 7 11 

1239 4701371895611928053 2 7
4 7 6 0 1 10 2 
7 4 6 0 1 10 2 

3400 6846801058473162957 6 5
6 8 11 3 10 
6 11 8 3 10 
8 6 11 3 10 
8 11 6 3 10 
11 6 8 3 10 
11 8 6 3 10 

2291 8242963984698860805 2 7
6 7 0 1 11 5 4 
7 6 0 1 11 5 4 

2538 4083307954386914987 2 7
6 3 7 1 8 5 11 
6 1 8 3 7 11 5 

181 4343486873700627537 2 5
0 2 7 5 4 
0 7 2 5 4 

722 2439390951950820807 6 5
4 6 7 9 1 
4 7 6 9 1 
6 4 7 9 1 
6 7 4 9 1 
7 4 6 9 1 
7 6 4 9 1 

3968 11324865545738181346 4 5
8 9 7 10 11 
8 9 10 7 11 
9 8 7 10 11 
9 8 10 7 11 

1750 11464422283234774632 2 7
4 7 6 9 1 10 2 
7 4 6 9 1 10 2 

2281 14543262513404642017 1 6
0 6 7 3 11 5 

2153 814829922828285058 4 5
0 3 6 5 11 
0 3 6 11 5 
0 6 3 5 11 
0 6 3 11 5 

1419 8929037112818814604 4 6
7 8 3 10 0 1 
7 8 10 3 0 1 
8 7 3 10 0 1 
8 7 10 3 0 1 

3776 2547680960875843654 8 5
6 9 7 11 10 
6 9 11 7 10 
7 11 9 6 10 
7 11 6 9 10 
9 6 7 11 10 
9 6 11 7 10 
11 7 9 6 10 
11 7 6 9 10 

2667 830526641775821052 4 7
3 6 5 11 0 1 9 
3 6 11 5 0 1 9 
6 3 5 11 0 1 9 
6 3 11 5 0 1 9 

1873 15791563896486883833 4 6
4 8 6 10 0 9 
4 8 10 6 0 9 
8 4 6 10 0 9 
8 4 10 6 0 9 

764 4049306063467829 2 7
6 9 7 5 4 2 3 
9 6 7 5 4 2 3 

2982 13691130614771072635 2 7
2 7 8 9 1 11 5 
7 2 8 9 1 11 5 

250 6963252772868931201 2 6
1 6 7 3 5 4 
6 1 7 3 5 4 

3614 14941169493171065503 8 7
1 9 4 11 10 3 2 
1 9 4 11 3 10 2 
1 9 11 4 10 3 2 
1 9 11 4 3 10 2 
9 1 4 11 10 3 2 
9 1 4 11 3 10 2 
9 1 11 4 10 3 2 
9 1 11 4 3 10 2 

1257 4494622231112195535 4 6
0 6 5 7 3 10 
0 6 5 7 10 3 
0 6 7 5 3 10 
0 6 7 5 10 3 

2409 3275691151397038986 2 6
3 6 8 0 11 5 
6 3 8 0 11 5 

245 9202398912219323900 1 6
0 6 7 2 5 4 

2379 6301292001039699846 4 6
8 11 3 6 0 1 
8 11 6 3 0 1 
11 8 3 6 0 1 
11 8 6 3 0 1 

3627 14436751439443914612 4 7
3 10 5 11 0 1 9 
3 10 11 5 0 1 9 
10 3 5 11 0 1 9 
10 3 11 5 0 1 9 

1270 11007963890627674880 2 7
1 6 7 4 5 10 2 
6 1 7 4 5 10 2 

3113 11224260211322176956 4 5
0 3 10 5 11 
0 3 10 11 5 
0 10 3 5 11 
0 10 3 11 5 

756 4557347338322774328 2 6
6 9 7 2 5 4 
9 6 7 2 5 4 

215 17750734048233954431 2 6
4 7 6 2 0 1 
7 4 6 2 0 1 

729 14275706843192395142 2 6
4 7 6 3 0 9 
7 4 6 3 0 9 

1838 5197273007788550468 4 7
5 8 1 9 3 10 2 
5 8 1 9 10 3 2 
8 5 1 9 3 10 2 
8 5 1 9 10 3 2 

237 11672450620907744080 2 6
0 6 5 7 2 3 
0 6 7 5 2 3 

2455 16502292946370714686 2 7
2 7 8 0 1 11 4 
7 2 8 0 1 11 4 

1872 11449827981220001990 4 5
4 8 6 10 9 
4 8 10 6 9 
8 4 6 10 9 
8 4 10 6 9 

2981 3605206059915406805 2 7
2 7 8 0 9 11 5 
7 2 8 0 9 11 5 

249 7760928669707156428 2 6
0 6 7 3 5 4 
0 6 7 3 4 5 

2410 7878346581168650013 2 6
3 6 8 1 5 11 
6 3 8 1 5 11 

246 16874672746425353066 2 6
1 6 7 2 5 4 
6 1 7 2 5 4 

2948 12896417529145012452 4 5
8 9 2 7 11 
8 9 7 2 11 
9 8 7 2 11 
9 8 2 7 11 

730 4944312786283715841 2 6
4 7 6 3 9 1 
7 4 6 3 9 1 

243 14340643282472678699 2 6
6 7 0 1 5 4 
7 6 0 1 5 4 

2461 2253275278186589358 1 7
0 8 7 2 3 11 4 

2664 5573958986186089707 12 5
3 6 9 5 11 
3 6 9 11 5 
3 9 6 5 11 
3 9 6 11 5 
6 3 9 5 11 
6 3 9 11 5 
6 9 3 5 11 
6 9 3 11 5 
9 6 3 5 11 
9 6 3 11 5 
9 3 6 5 11 
9 3 6 11 5 

2803 9564075709780529558 2 8
6 7 0 1 9 11 5 4 
7 6 0 1 9 11 5 4 

446 2775835214424565932 2 7
1 8 7 2 3 5 4 
8 1 7 2 3 5 4 

500 16874672746425353066 2 6
6 8 2 7 5 4 
8 6 2 7 5 4 

361 7051507555019286624 8 5
3 6 5 8 0 
3 6 8 5 0 
5 8 6 3 0 
5 8 3 6 0 
6 3 5 8 0 
6 3 8 5 0 
8 5 3 6 0 
8 5 6 3 0 

2718 926381451480997358 2 7
1 9 7 11 4 3 2 
9 1 7 11 4 3 2 

231 9497067616110488423 2 6
5 7 6 2 0 1 
7 5 6 2 0 1 

3305 8261028810077203036 1 7
0 6 7 11 5 3 10 

948 2858476723564263007 8 6
2 7 8 9 4 5 
2 7 9 8 4 5 
7 2 8 9 4 5 
7 2 9 8 4 5 
8 9 7 2 5 4 
8 9 2 7 5 4 
9 8 7 2 5 4 
9 8 2 7 5 4 

2764 16858205727365564729 4 6
6 9 7 11 2 3 
6 9 11 7 2 3 
9 6 7 11 2 3 
9 6 11 7 2 3 

407 3677485337127707189 2 6
2 7 8 4 0 1 
7 2 8 4 0 1 

1516 6952751879334833919 4 7
6 8 5 7 3 10 2 
6 8 5 7 10 3 2 
8 6 5 7 3 10 2 
8 6 5 7 10 3 2 

978 4944312786283715841 2 6
6 7 4 8 9 1 
7 6 4 8 9 1 

2794 6391960834313955237 2 7
6 7 3 9 1 11 5 
7 6 3 11 5 9 1 

437 8872023987321267024 2 6
0 8 7 2 5 4 
0 8 2 7 5 4 

1776 13445269986405914186 2 6
6 9 7 10 4 5 
9 6 7 10 4 5 

2885 8253085291656084345 4 6
8 11 6 2 0 9 
8 11 2 6 0 9 
11 8 6 2 0 9 
11 8 2 6 0 9 

1235 7434458474488945970 2 6
4 7 6 10 0 1 
7 4 6 10 0 1 

3051 9303694669440876500 1 9
7 6 3 8 11 5 0 1 9 

694 5198975452520095128 4 6
2 7 1 9 5 4 
2 7 9 1 5 4 
7 2 1 9 5 4 
7 2 9 1 5 4 

3309 5427941657943475151 1 8
0 6 7 11 5 3 10 2 

952 13173563819687789126 4 6
8 9 7 3 4 5 
8 9 3 7 4 5 
9 8 7 3 4 5 
9 8 3 7 4 5 

970 4944312786283715841 2 6
7 8 3 6 9 1 
8 7 3 6 9 1 

2647 6637894958989228472 4 7
2 6 4 11 0 1 9 
2 6 11 4 0 1 9 
6 2 4 11 0 1 9 
6 2 11 4 0 1 9 

1768 16976282520999355428 4 6
6 9 7 5 3 10 
6 9 5 7 3 10 
9 6 5 7 3 10 
9 6 7 5 3 10 

3043 14720273914718791486 2 8
6 7 8 11 5 0 1 9 
7 6 8 11 5 0 1 9 

686 5198975452520095128 4 6
5 7 1 9 2 3 
5 7 9 1 2 3 
7 5 1 9 2 3 
7 5 9 1 2 3 

2904 9597894088149422717 2 6
3 6 8 9 11 4 
6 3 8 9 11 4 

1505 15027904452164044729 4 6
0 5 10 8 6 7 
0 6 8 10 5 7 
0 8 6 5 10 7 
0 10 5 6 8 7 

3321 12863143722846093660 1 8
0 6 7 10 3 4 11 5 

964 852318033818440602 4 5
2 9 7 8 6 
2 9 8 7 6 
9 2 7 8 6 
9 2 8 7 6 

3325 13079716001403904352 1 9
0 6 7 4 11 5 10 3 2 

968 12090042794949843262 4 5
3 9 7 8 6 
3 9 8 7 6 
9 3 7 8 6 
9 3 8 7 6 

1993 17198632278944370929 2 7
7 8 6 3 10 0 9 
8 7 6 3 10 0 9 

3782 17052997269451811473 2 7
7 11 6 9 1 2 10 
11 7 6 9 1 2 10 

1425 3597566332533835856 2 5
7 10 0 8 4 
10 7 0 8 4 

2534 15339477668348178296 4 7
6 2 7 1 8 5 11 
6 1 8 2 7 5 11 
6 7 2 8 1 5 11 
6 8 1 7 2 5 11 

343 15092041671985535198 4 6
2 6 4 8 0 1 
2 6 8 4 0 1 
6 2 4 8 0 1 
6 2 8 4 0 1 

1483 8946018649743787344 4 7
7 8 6 3 10 0 1 
7 8 6 10 3 0 1 
8 7 6 3 10 0 1 
8 7 6 10 3 0 1 

2529 8420283637258792133 2 6
6 7 0 8 11 5 
7 6 0 8 11 5 

3263 6894778917778646453 1 9
0 1 7 10 3 2 4 11 5 

906 2439390951950820807 6 5
3 7 8 9 1 
3 8 7 9 1 
7 3 8 9 1 
7 8 3 9 1 
8 3 7 9 1 
8 7 3 9 1 

365 10957082845222007006 2 6
5 8 6 0 2 3 
8 5 6 0 2 3 

2000 10379782620005802382 1 6
4 10 9 7 8 6 

3275 2302154396460819967 2 7
7 11 6 0 1 3 10 
11 7 6 0 1 3 10 

918 17346163999987561741 2 6
2 7 8 4 9 1 
7 2 8 4 9 1 

1486 3845140913395222800 4 7
7 8 1 6 3 10 2 
7 8 1 6 10 3 2 
8 7 1 6 3 10 2 
8 7 1 6 10 3 2 

907 17027457905857193130 6 6
3 7 8 0 1 9 
3 8 7 0 1 9 
7 3 8 0 1 9 
7 8 3 0 1 9 
8 3 7 0 1 9 
8 7 3 0 1 9 

3798 335398428953249054 1 8
7 6 4 11 9 1 10 2 

1441 11543873541458446079 2 5
0 8 7 10 5 
0 8 10 7 5 

359 18109111358104935844 4 6
2 6 5 8 0 1 
2 6 8 5 0 1 
6 2 5 8 0 1 
6 2 8 5 0 1 

469 5355124874254822267 1 6
0 2 4 6 8 7 

726 4883031282816119501 2 6
4 7 6 2 9 1 
7 4 6 2 9 1 

1835 13695375700629006715 4 7
5 8 3 10 0 1 9 
5 8 10 3 0 1 9 
8 5 3 10 0 1 9 
8 5 10 3 0 1 9 

1986 1724535002715340816 4 6
7 8 10 6 9 1 
7 8 10 6 1 9 
8 7 10 6 9 1 
8 7 10 6 1 9 

877 6294077162314213161 2 7
5 8 6 2 3 0 9 
8 5 6 2 3 0 9 

3802 5922664512101490726 1 8
7 6 4 11 9 1 10 3 

1445 11674171924955567358 1 6
0 8 7 5 2 10 

3261 8533687234063341918 1 8
0 7 10 3 2 4 11 5 

904 16493867128980194667 24 4
3 7 8 9 
3 7 9 8 
3 8 7 9 
3 8 9 7 
3 9 8 7 
3 9 7 8 
7 3 8 9 
7 3 9 8 
7 8 3 9 
7 8 9 3 
7 9 8 3 
7 9 3 8 
8 7 3 9 
8 7 9 3 
8 3 7 9 
8 3 9 7 
8 9 3 7 
8 9 7 3 
9 7 8 3 
9 7 3 8 
9 8 7 3 
9 8 3 7 
9 3 8 7 
9 3 7 8 

363 7480140967276495436 4 6
5 8 3 6 0 1 
5 8 6 3 0 1 
8 5 3 6 0 1 
8 5 6 3 0 1 

461 3968756705374980579 2 6
7 8 0 6 2 3 
8 7 0 6 2 3 

473 15027904452164044729 4 6
0 3 4 6 8 7 
0 4 3 8 6 7 
0 6 8 3 4 7 
0 8 6 4 3 7 

2407 999867180461924583 2 7
2 6 8 11 5 0 1 
6 2 8 11 5 0 1 

2649 15045972361845198288 4 6
3 6 4 11 0 9 
3 6 11 4 0 9 
6 3 4 11 0 9 
6 3 11 4 0 9 

2788 10288459994779607367 2 6
6 9 7 2 11 5 
9 6 7 2 11 5 

431 14655067928489481217 1 7
7 8 5 2 3 0 1 

485 14522887905325512222 1 6
0 2 5 6 8 7 

2703 1167913057054664435 2 7
7 11 3 2 0 1 9 
11 7 3 2 0 1 9 

2661 13741612085821254187 4 6
2 6 5 11 0 9 
2 6 11 5 0 9 
6 2 5 11 0 9 
6 2 11 5 0 9 

497 17908290576944559937 4 6
6 7 0 8 4 5 
6 7 0 8 5 4 
7 6 0 8 5 4 
7 6 0 8 4 5 

358 12090042794949843262 4 5
5 8 6 2 1 
5 8 2 6 1 
8 5 2 6 1 
8 5 6 2 1 

2715 1344014682450239597 2 7
3 7 11 4 0 1 9 
7 3 11 4 0 1 9 

489 15027904452164044729 4 6
0 3 5 6 8 7 
0 5 3 8 6 7 
0 6 8 3 5 7 
0 8 6 5 3 7 

1234 11611267597302225005 4 5
4 7 6 1 10 
4 7 1 6 10 
7 4 6 1 10 
7 4 1 6 10 

3050 6745040734215694077 2 8
6 7 3 8 9 1 11 5 
7 6 3 8 11 5 9 1 

693 6659267602612686292 2 6
2 7 0 9 5 4 
7 2 0 9 5 4 

2376 16493867128980194667 24 4
3 6 8 11 
3 6 11 8 
3 8 6 11 
3 8 11 6 
3 11 8 6 
3 11 6 8 
6 3 8 11 
6 3 11 8 
6 8 3 11 
6 8 11 3 
6 11 8 3 
6 11 3 8 
8 6 3 11 
8 6 11 3 
8 3 6 11 
8 3 11 6 
8 11 3 6 
8 11 6 3 
11 6 8 3 
11 6 3 8 
11 8 6 3 
11 8 3 6 
11 3 8 6 
11 3 6 8 

1267 4402979826624851397 1 7
7 6 10 4 5 0 1 

753 13430678345827134680 2 6
6 7 0 9 4 5 
7 6 0 9 4 5 

2785 10900359076248618750 2 6
6 7 0 9 11 5 
7 6 0 9 11 5 

429 11674171924955567358 1 6
0 8 7 5 2 3 

2786 1105458245727616729 4 6
6 7 9 1 11 5 
6 7 11 5 9 1 
7 6 9 1 11 5 
7 6 11 5 9 1 

443 3724282866785677902 2 7
3 7 8 0 1 5 4 
7 3 8 0 1 5 4 

2800 2095523973611833077 6 6
6 7 9 11 5 4 
6 9 7 11 5 4 
7 6 9 11 5 4 
7 9 6 11 5 4 
9 6 7 11 5 4 
9 7 6 11 5 4 

4048 9828959290138864752 1 7
6 10 7 9 8 4 11 

1691 12419320430172423855 2 7
4 7 10 3 0 1 9 
7 4 10 3 0 1 9 

2949 6303226058814284671 2 6
2 7 8 11 0 9 
7 2 8 11 0 9 

731 11952437734236357340 2 7
4 7 6 3 0 1 9 
7 4 6 3 0 1 9 

2953 15423704598229264799 2 6
3 7 8 11 0 9 
7 3 8 11 0 9 

2954 4189672240686263048 2 6
3 7 8 11 9 1 
7 3 8 11 9 1 

2968 16492263583432614486 4 6
8 9 7 3 11 4 
8 9 3 7 11 4 
9 8 7 3 11 4 
9 8 3 7 11 4 

750 1586531027176967849 2 7
5 7 6 9 1 2 3 
7 5 6 9 1 2 3 

2980 8183634062310030619 4 6
8 9 7 2 11 5 
8 9 2 7 11 5 
9 8 7 2 11 5 
9 8 2 7 11 5 

3119 15997015343997261753 4 7
0 1 5 11 10 3 2 
0 1 5 11 3 10 2 
0 1 11 5 3 10 2 
0 1 11 5 10 3 2 

762 5664726680729547859 1 7
7 6 3 5 4 9 1 

2984 7390183592197780955 4 6
8 9 7 3 11 5 
8 9 3 7 11 5 
9 8 7 3 11 5 
9 8 3 7 11 5 

1875 16893906765283439002 4 7
4 8 6 10 0 1 9 
4 8 10 6 0 1 9 
8 4 6 10 0 1 9 
8 4 10 6 0 1 9 

2900 1879738923667890696 2 6
2 6 8 9 11 4 
6 2 8 9 11 4 

2892 13417470096074840818 2 6
8 11 6 9 2 3 
11 8 6 9 2 3 

2886 8405809221805544289 4 6
8 11 6 2 9 1 
8 11 2 6 9 1 
11 8 6 2 9 1 
11 8 2 6 9 1 

1777 6277626959791426081 1 7
7 6 10 4 5 0 9 

2890 7390183592197780955 4 6
8 11 6 3 9 1 
8 11 3 6 9 1 
11 8 6 3 9 1 
11 8 3 6 9 1 

2889 1323213970996551488 4 6
8 11 6 3 0 9 
8 11 3 6 0 9 
11 8 6 3 0 9 
11 8 3 6 0 9 

1780 12019024143908610980 2 7
6 9 7 4 5 10 2 
9 6 7 4 5 10 2 

2920 4189672240686263048 2 6
3 6 8 9 11 5 
6 3 8 9 11 5 

3059 15083512253406910296 2 9
6 7 8 0 1 9 11 5 4 
7 6 8 0 1 9 11 5 4 

702 7823118907726837223 4 7
1 9 7 5 4 2 3 
1 9 7 2 3 5 4 
9 1 7 5 4 2 3 
9 1 7 2 3 5 4 

3012 14104100474960560357 1 6
9 11 2 8 6 7 

2916 9696688702957519811 2 6
2 6 8 9 11 5 
6 2 8 9 11 5 

3024 11722185363346288552 2 6
6 7 9 8 11 4 
7 6 9 8 11 4 

3009 2278778869234977727 2 6
6 7 11 8 0 9 
7 6 11 8 0 9 

1900 16698977429787975935 2 7
5 8 6 9 3 10 2 
8 5 6 9 3 10 2 

3016 1808742221199005368 2 6
9 11 3 8 6 7 
11 9 3 8 7 6 

3010 801914503078840576 2 6
6 7 11 8 9 1 
7 6 11 8 9 1 

3040 801914503078840576 2 6
6 7 9 8 11 5 
7 6 9 8 11 5 

1931 14045532369075929096 2 7
7 8 3 10 0 1 9 
8 7 3 10 0 1 9 

742 3895734981893710113 2 6
5 7 6 2 9 1 
7 5 6 2 9 1 

3099 14393496338698660574 4 6
3 10 0 1 4 11 
3 10 0 1 11 4 
10 3 0 1 4 11 
10 3 0 1 11 4 

1990 7953281151199303983 2 7
7 8 6 9 1 2 10 
8 7 6 9 1 2 10 

3129 18325971817164826935 2 6
0 3 10 11 5 4 
0 10 3 11 5 4 

911 298545813701435963 2 7
7 8 2 3 0 1 9 
8 7 2 3 0 1 9 

2020 15336379548571243688 1 7
8 9 6 5 7 2 10 

760 14410549859363100494 2 6
6 9 7 3 4 5 
9 6 7 3 4 5 

3117 3484196744181717629 4 6
0 5 11 10 3 2 
0 5 11 3 10 2 
0 11 5 3 10 2 
0 11 5 10 3 2 

2008 8700995396040215900 1 7
8 4 7 9 6 10 3 

3221 8613902287852552992 1 6
0 7 4 11 10 2 

856 380262724330119809 8 5
3 6 4 8 9 
3 6 8 4 9 
4 8 6 3 9 
4 8 3 6 9 
6 3 4 8 9 
6 3 8 4 9 
8 4 6 3 9 
8 4 3 6 9 

3213 13984617887298362504 2 6
0 7 11 3 10 2 
0 11 7 3 10 2 

995 11433216178274440368 2 7
6 7 5 8 0 1 9 
7 6 5 8 0 1 9 

3358 6585287174063132190 8 7
1 8 4 11 10 3 2 
1 8 4 11 3 10 2 
1 8 11 4 10 3 2 
1 8 11 4 3 10 2 
8 1 4 11 10 3 2 
8 1 4 11 3 10 2 
8 1 11 4 10 3 2 
8 1 11 4 3 10 2 

1001 8624381646876330631 1 7
7 3 6 5 8 0 9 

868 16272028447959098298 4 5
2 6 5 8 9 
2 6 8 5 9 
6 2 5 8 9 
6 2 8 5 9 

3225 1118680781919392299 1 6
0 7 10 3 4 11 

3237 1090431133644345987 1 6
0 7 5 11 2 10 

884 4557347338322774328 2 6
2 6 8 9 4 5 
6 2 8 9 4 5 

3241 10104242787041412208 1 6
0 7 3 10 11 5 

3157 7424606584063897614 2 6
0 6 4 11 2 10 
0 6 11 4 2 10 

939 1775400962070883525 2 7
3 7 8 5 0 1 9 
7 3 8 5 0 1 9 

3161 7533394970848661096 4 6
0 6 4 11 10 3 
0 6 4 11 3 10 
0 6 11 4 10 3 
0 6 11 4 3 10 

3185 7668677293350119264 2 6
0 6 10 11 5 4 
0 10 6 11 5 4 

967 3557774696657200828 2 7
7 8 2 6 0 1 9 
8 7 2 6 0 1 9 

3162 17070227595028994597 8 6
1 6 4 11 10 3 
1 6 4 11 3 10 
1 6 11 4 10 3 
1 6 11 4 3 10 
6 1 4 11 10 3 
6 1 4 11 3 10 
6 1 11 4 10 3 
6 1 11 4 3 10 

3173 679890520191902695 2 6
0 6 5 11 2 10 
0 6 11 5 2 10 

3177 5017489103935083989 4 6
0 6 5 11 10 3 
0 6 5 11 3 10 
0 6 11 5 10 3 
0 6 11 5 3 10 

3171 11314993667258561368 4 6
6 10 5 11 0 1 
6 10 11 5 0 1 
10 6 5 11 0 1 
10 6 11 5 0 1 

3310 1142689085989058397 2 8
1 6 7 5 11 3 10 2 
6 1 7 5 11 3 10 2 

953 9085169478295934918 2 7
3 7 8 0 9 4 5 
7 3 8 0 9 4 5 

924 1184509719763002632 2 6
8 9 7 4 2 3 
9 8 7 4 2 3 

3281 12446674685675319669 1 6
0 6 7 10 4 11 

3269 2059295131552927482 2 6
0 6 7 11 2 10 
0 6 11 7 2 10 

3178 10738006680053503446 8 6
1 6 5 11 10 3 
1 6 5 11 3 10 
1 6 11 5 10 3 
1 6 11 5 3 10 
6 1 5 11 10 3 
6 1 5 11 3 10 
6 1 11 5 10 3 
6 1 11 5 3 10 

2173 6640430579221932062 1 7
0 6 2 3 11 5 4 

916 15476917387195100497 4 5
8 9 7 2 4 
8 9 2 7 4 
9 8 7 2 4 
9 8 2 7 4 

3273 8150454069578893411 2 6
0 6 7 11 3 10 
0 6 11 7 3 10 

940 18431326151362808386 2 6
8 9 7 5 2 3 
9 8 7 5 2 3 

3297 2743297841360577599 1 6
0 6 7 10 11 5 

910 9922455802016797330 2 6
7 8 9 1 2 3 
8 7 9 1 2 3 

3267 8522949674249809049 2 6
7 11 6 10 0 1 
11 7 6 10 0 1 

984 14498150133182066701 4 6
9 4 3 8 6 7 
9 6 8 3 4 7 
9 8 6 4 3 7 
9 3 4 6 8 7 

3341 3089392146252993875 4 6
0 8 11 10 3 2 
0 8 11 3 10 2 
0 11 8 3 10 2 
0 11 8 10 3 2 

996 2226890699318929390 1 6
2 9 5 6 7 8 

3353 15925646476411947411 2 6
0 8 3 10 11 4 
0 8 10 3 11 4 

3461 5350782661068258943 1 6
0 8 7 11 2 10 

1243 4091293405466427321 2 7
4 7 6 0 1 10 3 
7 4 6 0 1 10 3 

3465 13816178529676500142 1 6
0 8 7 11 3 10 

3473 11127145980617715949 2 6
7 10 0 8 4 11 
10 7 0 8 4 11 

1255 16727517187890096694 2 7
5 7 6 0 1 2 10 
7 5 6 0 1 2 10 

3466 5497877889502896027 2 6
1 8 7 11 3 10 
8 1 7 11 3 10 

3474 15962512258990686489 4 6
7 10 1 8 4 11 
7 10 8 1 4 11 
10 7 8 1 4 11 
10 7 1 8 4 11 

3412 14905024806543904698 2 6
6 8 4 11 10 2 
8 6 4 11 10 2 

3410 6258584229875103690 2 6
6 10 8 1 4 11 
10 6 8 1 4 11 

3404 15029895796504613852 6 6
6 8 11 3 10 2 
6 11 8 3 10 2 
8 6 11 3 10 2 
8 11 6 3 10 2 
11 6 8 3 10 2 
11 8 6 3 10 2 

3416 13260926602175801486 2 6
6 8 10 3 4 11 
8 6 10 3 4 11 

3401 15907303320177013432 2 6
8 11 6 0 3 10 
11 8 6 0 3 10 

3540 1976146654383297665 2 7
6 8 7 4 11 10 2 
8 6 7 4 11 10 2 

1183 10060162490871272746 2 7
4 7 0 1 10 3 2 
7 4 0 1 10 3 2 

3402 11743603514734986977 2 6
8 11 6 1 3 10 
11 8 6 1 3 10 

2293 16801119458392048384 1 7
0 6 7 2 11 5 4 

3428 17185529895735680513 2 6
6 8 5 11 2 10 
8 6 5 11 2 10 

3425 8612441681148845953 2 6
6 10 8 0 11 5 
10 6 8 0 11 5 

3564 476072854126721149 2 8
6 8 7 5 11 3 10 2 
8 6 7 5 11 3 10 2 

1207 4166888753133996357 2 7
7 0 1 4 5 10 2 
7 0 1 10 2 4 5 

3432 8249765716642842792 2 6
6 8 3 10 11 5 
8 6 3 10 11 5 

3440 8339302439342178089 6 6
6 8 10 4 11 5 
6 10 8 4 11 5 
8 6 10 4 11 5 
8 10 6 4 11 5 
10 6 8 4 11 5 
10 8 6 4 11 5 

3426 14891877167317564509 2 6
6 10 8 1 5 11 
10 6 8 1 5 11 

1171 469818311034619132 6 5
4 7 10 0 1 
4 10 7 0 1 
7 4 10 0 1 
7 10 4 0 1 
10 4 7 0 1 
10 7 4 0 1 

3528 7813264537381953753 2 6
6 8 11 7 3 10 
8 6 11 7 3 10 

3609 3268453369530658805 4 6
3 10 0 9 4 11 
3 10 0 9 11 4 
10 3 0 9 4 11 
10 3 0 9 11 4 

1372 10894231040213568072 6 6
4 6 8 10 3 2 
4 8 6 10 3 2 
6 4 8 10 3 2 
6 8 4 10 3 2 
8 4 6 10 3 2 
8 6 4 10 3 2 

3729 5441503254393367987 2 6
7 10 0 9 4 11 
10 7 0 9 4 11 

1269 9030832691715832302 1 7
0 6 7 4 5 10 2 

3626 10326800295336872000 16 6
3 10 5 11 1 9 
3 10 5 11 9 1 
3 10 9 1 5 11 
3 10 9 1 11 5 
3 10 1 9 5 11 
3 10 1 9 11 5 
3 10 11 5 1 9 
3 10 11 5 9 1 
10 3 5 11 1 9 
10 3 5 11 9 1 
10 3 9 1 5 11 
10 3 9 1 11 5 
10 3 1 9 5 11 
10 3 1 9 11 5 
10 3 11 5 1 9 
10 3 11 5 9 1 

2517 4923922916562277051 1 7
6 0 8 2 7 11 4 

1364 11302004251299100924 6 5
4 6 8 10 2 
4 8 6 10 2 
6 4 8 10 2 
6 8 4 10 2 
8 4 6 10 2 
8 6 4 10 2 

3721 11443981521789049436 2 6
7 11 0 9 3 10 
11 7 0 9 3 10 

1388 6310734505842386247 12 6
5 6 8 3 10 2 
5 6 8 10 3 2 
5 8 6 3 10 2 
5 8 6 10 3 2 
6 5 8 3 10 2 
6 5 8 10 3 2 
6 8 5 3 10 2 
6 8 5 10 3 2 
8 5 6 3 10 2 
8 5 6 10 3 2 
8 6 5 3 10 2 
8 6 5 10 3 2 

3745 11855034365517420299 4 6
7 10 0 9 5 11 
7 10 0 9 11 5 
10 7 0 9 5 11 
10 7 0 9 11 5 

3885 4428658917451918004 2 8
8 0 9 11 5 3 10 2 
8 0 9 11 5 10 3 2 

1528 3231158488587885473 2 7
6 8 7 10 3 4 5 
8 6 7 10 3 4 5 

3665 2338228564128867241 4 6
6 10 4 11 0 9 
6 10 11 4 0 9 
10 6 4 11 0 9 
10 6 11 4 0 9 

3804 13279442908400562521 2 8
6 9 7 4 11 10 3 2 
9 6 7 4 11 10 3 2 

1447 14655067928489481217 1 7
7 8 5 2 10 0 1 

1309 6783272958524846957 4 6
0 4 8 3 10 2 
0 4 8 10 3 2 
0 8 4 3 10 2 
0 8 4 10 3 2 

3666 10773478618558997704 8 6
6 10 4 11 1 9 
6 10 4 11 9 1 
6 10 11 4 9 1 
6 10 11 4 1 9 
10 6 4 11 1 9 
10 6 4 11 9 1 
10 6 11 4 1 9 
10 6 11 4 9 1 

3681 388529973853814229 4 6
6 10 5 11 0 9 
6 10 11 5 0 9 
10 6 5 11 0 9 
10 6 11 5 0 9 

1325 6783272958524846957 4 6
0 5 8 3 10 2 
0 5 8 10 3 2 
0 8 5 3 10 2 
0 8 5 10 3 2 

3682 4247619308876675156 8 6
6 10 5 11 1 9 
6 10 5 11 9 1 
6 10 11 5 9 1 
6 10 11 5 1 9 
10 6 5 11 1 9 
10 6 5 11 9 1 
10 6 11 5 1 9 
10 6 11 5 9 1 

1421 15611711551783635142 4 6
0 7 8 3 10 2 
0 7 8 10 3 2 
0 8 7 3 10 2 
0 8 7 10 3 2 

3778 16790745917893077548 2 6
7 11 6 10 9 1 
11 7 6 10 9 1 

2669 6730444216169908640 2 7
6 5 11 0 9 2 3 
6 11 5 0 9 2 3 

2741 8846622555746215572 2 7
2 7 0 9 11 5 4 
7 2 0 9 11 5 4 

1492 4605810254616994756 2 6
6 8 4 7 10 2 
8 6 4 7 10 2 

3849 2045628448196685383 4 6
8 11 10 3 0 9 
8 11 3 10 0 9 
11 8 3 10 0 9 
11 8 10 3 0 9 

1523 11740517623523730511 1 8
7 6 10 8 4 5 0 1 

3880 6854583174861315075 4 6
8 9 3 10 11 5 
8 9 10 3 11 5 
9 8 3 10 11 5 
9 8 10 3 11 5 

2771 301846937349199898 2 7
6 7 11 4 0 1 9 
7 6 11 4 0 1 9 

1495 3737739744379690942 1 8
7 8 4 6 10 2 0 1 

3852 860657937076641159 12 6
8 9 11 3 10 2 
8 9 11 10 3 2 
8 11 9 10 3 2 
8 11 9 3 10 2 
9 8 11 10 3 2 
9 8 11 3 10 2 
9 11 8 10 3 2 
9 11 8 3 10 2 
11 8 9 3 10 2 
11 8 9 10 3 2 
11 9 8 3 10 2 
11 9 8 10 3 2 

3972 4974587339885055020 2 6
8 9 7 11 2 10 
9 8 7 11 2 10 

1754 7956082507564930806 2 7
4 7 6 9 1 10 3 
7 4 6 9 1 10 3 

3969 6368978462252327498 2 6
7 10 8 11 0 9 
10 7 8 11 0 9 

3984 11104980034516325512 4 6
7 10 8 9 4 11 
7 10 9 8 4 11 
10 7 8 9 4 11 
10 7 9 8 4 11 

1766 8424328293832482996 2 7
5 7 6 9 1 2 10 
7 5 6 9 1 2 10 

3976 10351014819506457538 2 6
8 9 7 11 3 10 
9 8 7 11 3 10 

4000 5418172643513739231 4 6
8 9 7 10 11 5 
8 9 10 7 11 5 
9 8 7 10 11 5 
9 8 10 7 11 5 

2891 11544637404290512984 4 7
8 11 3 6 0 1 9 
8 11 6 3 0 1 9 
11 8 3 6 0 1 9 
11 8 6 3 0 1 9 

3912 10351014819506457538 2 6
8 11 6 9 3 10 
11 8 6 9 3 10 

4051 11847981131157021418 1 9
7 6 10 8 4 11 0 1 9 

1694 13351492887929875022 4 7
4 7 1 9 10 3 2 
4 7 9 1 10 3 2 
7 4 1 9 10 3 2 
7 4 9 1 10 3 2 

3906 5418172643513739231 4 6
8 11 10 6 9 1 
8 11 6 10 9 1 
11 8 6 10 9 1 
11 8 10 6 9 1 

3936 2311648592394580664 2 6
6 10 8 9 11 5 
10 6 8 9 11 5 

1718 10428418198769775265 4 7
7 1 9 4 5 10 2 
7 1 9 10 2 4 5 
7 9 1 4 5 10 2 
7 9 1 10 2 4 5 

4032 6395218669490643350 2 6
9 11 10 8 6 7 
11 9 10 8 7 6 

3905 14207732977771144002 4 6
8 11 10 6 0 9 
8 11 6 10 0 9 
11 8 6 10 0 9 
11 8 10 6 0 9 

4044 16420918939159399105 1 8
8 9 6 11 7 3 10 2 

1687 482670856450742012 2 7
4 7 10 2 0 1 9 
7 4 10 2 0 1 9 

247 16395430743197134574 1 7
6 7 2 0 1 5 4 

2663 6706641304703436278 4 7
2 6 5 11 0 1 9 
2 6 11 5 0 1 9 
6 2 5 11 0 1 9 
6 2 11 5 0 1 9 

2772 9593978156151878657 2 6
6 9 7 2 11 4 
9 6 7 2 11 4 

415 11767090300584073190 1 7
7 8 4 2 3 0 1 

3881 9461284436317767795 2 7
3 10 8 0 9 11 5 
10 3 8 0 9 11 5 

1524 9080532571001942515 4 7
6 8 7 4 5 10 2 
6 8 7 10 2 4 5 
8 6 7 4 5 10 2 
8 6 7 10 2 4 5 

2796 1852438374557916297 2 7
6 9 7 11 5 2 3 
9 6 7 11 5 2 3 

439 18018263506582501026 2 7
2 7 8 0 1 5 4 
7 2 8 0 1 5 4 

351 11086225731464509190 2 7
4 8 6 2 3 0 1 
8 4 6 2 3 0 1 

382 9450442772378887173 1 7
8 6 1 5 4 2 3 

3848 4272346194586776052 12 5
8 9 11 10 3 
8 9 11 3 10 
8 11 9 10 3 
8 11 9 3 10 
9 8 11 10 3 
9 8 11 3 10 
9 11 8 10 3 
9 11 8 3 10 
11 8 9 10 3 
11 8 9 3 10 
11 9 8 10 3 
11 9 8 3 10 

1491 199317062873015402 2 7
7 4 8 10 6 0 1 
7 10 6 4 8 0 1 

375 6980621393455834889 2 7
2 6 8 5 4 0 1 
6 2 8 5 4 0 1 

367 17918375830766163260 2 7
5 8 6 2 3 0 1 
8 5 6 2 3 0 1 

477 10701694354034496964 1 7
8 0 6 4 7 2 3 

471 13828268624604926505 1 7
7 2 6 4 8 0 1 

463 17000961151301642394 2 7
7 8 6 0 1 2 3 
8 7 6 0 1 2 3 

2681 5209252481806209891 2 7
3 6 0 9 11 5 4 
6 3 0 9 11 5 4 

475 6244564682940852534 4 7
7 3 6 4 8 0 1 
7 4 8 3 6 0 1 
7 6 3 8 4 0 1 
7 8 4 6 3 0 1 

501 15029091813892941379 1 7
6 0 8 2 7 5 4 

493 14062384913848590884 1 7
8 0 6 5 7 2 3 

2711 13855453756163872952 4 7
2 7 4 11 0 1 9 
2 7 11 4 0 1 9 
7 2 4 11 0 1 9 
7 2 11 4 0 1 9 

505 6926341511919563360 2 7
6 0 8 3 7 5 4 
6 0 8 3 7 4 5 

487 9739393971009768252 1 7
7 2 6 5 8 0 1 

494 12308062104452290435 1 7
8 5 7 1 6 2 3 

506 9623445446682723184 1 7
6 1 8 3 7 5 4 

502 9373536775504140627 4 7
6 2 7 1 8 5 4 
6 1 8 2 7 5 4 
6 7 2 8 1 5 4 
6 8 1 7 2 5 4 

499 17031005125496806271 2 7
6 7 8 0 1 5 4 
7 6 8 0 1 5 4 

2717 1965708869539787897 1 7
0 9 7 11 4 3 2 

3058 6144460112648211021 2 8
6 7 8 9 1 11 5 4 
7 6 8 9 1 11 5 4 

701 4490678633758085461 2 7
0 9 7 5 4 2 3 
0 9 7 2 3 5 4 

3052 14027948375289718765 1 8
8 6 9 7 11 5 2 3 

695 1167913057054664435 2 7
2 7 5 4 0 1 9 
7 2 5 4 0 1 9 

2905 1730707025671093171 2 7
3 6 8 11 4 0 9 
6 3 8 11 4 0 9 

733 12890340720970339118 2 7
4 7 6 0 9 2 3 
7 4 6 0 9 2 3 

2951 12680672957764774061 2 7
2 7 8 11 0 1 9 
7 2 8 11 0 1 9 

757 8019297332185969055 1 7
6 7 2 0 9 5 4 

727 11976039980689785201 2 7
4 7 6 2 0 1 9 
7 4 6 2 0 1 9 

3115 2389786057478850290 4 6
3 10 0 1 5 11 
3 10 0 1 11 5 
10 3 0 1 5 11 
10 3 0 1 11 5 

758 14894540419728166228 1 7
6 7 2 9 1 5 4 

749 5238833113512720279 2 7
5 7 6 0 9 2 3 
7 5 6 0 9 2 3 

761 1655375725713664468 1 7
6 7 3 0 9 4 5 

755 16523959360492298296 2 7
6 7 4 5 0 1 9 
7 6 4 5 0 1 9 

743 4165259174661198713 2 7
5 7 6 2 0 1 9 
7 5 6 2 0 1 9 

1852 4177130576748454021 4 7
8 9 4 5 3 10 2 
8 9 4 5 10 3 2 
9 8 4 5 3 10 2 
9 8 4 5 10 3 2 

3282 7399962910614851020 2 6
1 6 7 10 4 11 
6 1 7 10 4 11 

925 8742055159906338943 1 7
8 7 4 0 9 2 3 

747 14720989711845979289 2 7
5 7 6 3 0 1 9 
7 5 6 3 0 1 9 

2965 3643743404060703908 2 7
2 7 8 0 9 11 4 
7 2 8 0 9 11 4 

3283 3618486869753004899 1 7
7 6 10 4 11 0 1 

926 549126466908732824 1 7
7 8 4 2 3 9 1 

919 5357932212857613359 2 7
2 7 8 4 0 1 9 
7 2 8 4 0 1 9 

923 11952437734236357340 2 7
3 7 8 4 0 1 9 
7 3 8 4 0 1 9 

2032 803669288979595868 1 7
6 10 7 9 8 4 5 

3313 6780213246118313652 1 7
0 6 7 10 4 11 5 

956 3289332452176191812 2 7
8 9 7 2 3 5 4 
9 8 7 2 3 5 4 

3298 12148035905133148358 2 6
1 6 7 10 5 11 
6 1 7 10 5 11 

941 11086158564921913786 1 7
7 8 5 2 3 0 9 

3307 5410504720637788803 1 8
7 6 11 5 0 1 3 10 

950 5866059460329691127 2 7
2 7 8 9 1 5 4 
7 2 8 9 1 5 4 

3306 15420118999858397211 2 7
1 6 7 11 5 3 10 
6 1 7 11 5 3 10 

949 9349473831728899185 2 7
2 7 8 0 9 4 5 
7 2 8 0 9 4 5 

3299 15322658582655077796 1 7
7 6 10 11 5 0 1 

942 10658469809778732328 1 7
7 8 5 2 3 9 1 

3311 15081765309929030756 1 9
7 11 5 6 0 1 3 10 2 

954 922567959627868429 2 7
3 7 8 9 1 5 4 
7 3 8 9 1 5 4 

861 14181139424275505014 2 7
4 8 6 2 3 0 9 
8 4 6 2 3 0 9 

1970 11630869069428476992 2 7
7 10 8 1 9 4 5 
10 7 8 1 9 4 5 

855 11743915680273102462 4 7
2 6 4 8 0 1 9 
2 6 8 4 0 1 9 
6 2 4 8 0 1 9 
6 2 8 4 0 1 9 

1964 10594882081816845066 2 7
8 9 7 5 3 10 2 
9 8 7 5 3 10 2 

3219 436339096861048221 2 6
7 10 0 1 4 11 
10 7 0 1 4 11 

862 14316296289160365329 2 7
4 8 6 2 3 9 1 
8 4 6 2 3 9 1 

3249 3682922690122342690 2 6
0 7 10 4 11 5 
0 10 7 4 11 5 

892 9483676939734653028 1 7
6 8 9 2 3 4 5 

2001 11071481926120245999 1 7
7 4 8 10 6 0 9 

885 12389593293112735892 2 7
2 6 8 4 5 0 9 
6 2 8 4 5 0 9 

1994 2340423393818528874 2 7
7 8 6 3 10 9 1 
8 7 6 3 10 9 1 

746 7878346581168650013 2 6
5 7 6 3 9 1 
7 5 6 3 9 1 

3103 10445541499365647928 4 7
0 1 4 11 10 3 2 
0 1 4 11 3 10 2 
0 1 11 4 3 10 2 
0 1 11 4 10 3 2 

889 941675174646616126 2 7
3 6 8 4 5 0 9 
6 3 8 4 5 0 9 

3243 16738947573183441888 1 7
0 1 7 3 10 11 5 

886 11771948830407245911 2 7
2 6 8 5 4 9 1 
6 2 8 5 4 9 1 

3235 12292179820392395220 4 6
7 10 0 1 5 11 
7 10 0 1 11 5 
10 7 0 1 5 11 
10 7 0 1 11 5 

878 5394586756189149794 2 7
5 8 6 2 3 9 1 
8 5 6 2 3 9 1 

1987 9475337955659382846 2 7
7 8 10 6 0 1 9 
8 7 10 6 0 1 9 

871 9518517407875563833 4 7
2 6 5 8 0 1 9 
2 6 8 5 0 1 9 
6 2 5 8 0 1 9 
6 2 8 5 0 1 9 

3247 13132996904615135359 1 8
0 1 7 5 11 3 10 2 

890 15341510996264652095 2 7
3 6 8 5 4 9 1 
6 3 8 5 4 9 1 

988 39195406710073689 1 7
8 9 6 4 7 2 3 

981 4982684036415210299 1 7
7 2 6 4 8 0 9 

875 10947914270038929155 4 7
3 6 5 8 0 1 9 
3 6 8 5 0 1 9 
6 3 5 8 0 1 9 
6 3 8 5 0 1 9 

3339 160164144775127479 4 6
8 11 3 10 0 1 
8 11 10 3 0 1 
11 8 3 10 0 1 
11 8 10 3 0 1 

982 362591629927465279 1 7
7 2 6 4 8 9 1 

973 4576754640582403247 2 7
7 8 6 0 9 2 3 
8 7 6 0 9 2 3 

985 4809161693679231721 4 7
7 3 6 4 8 0 9 
7 4 8 3 6 0 9 
7 6 3 8 4 0 9 
7 8 4 6 3 0 9 

979 11952437734236357340 2 7
6 7 4 8 0 1 9 
7 6 4 8 0 1 9 

974 391163385644185155 2 7
7 8 6 9 1 2 3 
8 7 6 9 1 2 3 

971 11952437734236357340 2 7
7 8 3 6 0 1 9 
8 7 3 6 0 1 9 

3343 3618303313758220545 4 7
8 11 0 1 10 3 2 
8 11 0 1 3 10 2 
11 8 0 1 3 10 2 
11 8 0 1 10 3 2 

986 15339477668348178296 4 7
7 3 6 4 8 9 1 
7 4 8 3 6 9 1 
7 6 3 8 4 9 1 
7 8 4 6 3 9 1 

3369 1519278431279544575 2 6
0 8 3 10 11 5 
0 8 10 3 11 5 

1012 15031677358062197265 2 7
6 2 7 9 8 4 5 
6 9 8 2 7 5 4 

1004 12639535532325321237 1 7
8 9 6 5 7 2 3 

3373 14757935065843668808 2 7
0 8 11 5 10 3 2 
0 8 11 5 3 10 2 

1016 12308062104452290435 1 7
6 9 8 3 7 4 5 

3354 14763667964014860493 8 6
1 8 3 10 4 11 
1 8 3 10 11 4 
1 8 10 3 4 11 
1 8 10 3 11 4 
8 1 3 10 4 11 
8 1 3 10 11 4 
8 1 10 3 4 11 
8 1 10 3 11 4 

997 533895818752881003 1 7
7 2 6 5 8 0 9 

858 9722979461760547237 8 6
3 6 4 8 9 1 
3 6 8 4 9 1 
4 8 6 3 9 1 
4 8 3 6 9 1 
6 3 4 8 9 1 
6 3 8 4 9 1 
8 4 3 6 9 1 
8 4 6 3 9 1 

3215 8249185485604082587 2 7
7 11 0 1 3 10 2 
11 7 0 1 3 10 2 

1009 10904874865376875286 2 7
6 7 8 0 9 4 5 
7 6 8 0 9 4 5 

870 561839936952577197 4 6
2 6 5 8 9 1 
2 6 8 5 9 1 
6 2 5 8 9 1 
6 2 8 5 9 1 

3227 6160032975206372577 1 7
0 1 7 10 3 4 11 

3355 13622422698851830924 2 7
3 10 8 0 1 11 4 
10 3 8 0 1 11 4 

998 16423591976848366215 1 7
7 2 6 5 8 9 1 

3570 1634694250801804665 1 8
6 10 7 1 8 4 11 5 

1213 10373919055297068965 1 7
0 7 4 5 10 3 2 

1010 1118810914417687537 4 7
6 7 8 1 9 4 5 
6 7 8 9 1 5 4 
7 6 8 1 9 4 5 
7 6 8 9 1 5 4 

3359 779765462244795006 2 8
8 0 1 11 4 10 3 2 
8 0 1 11 4 3 10 2 

1002 4083307954386914987 2 7
7 3 6 5 8 1 9 
7 5 8 3 6 9 1 

3568 7112463457607878284 2 7
6 8 10 7 4 11 5 
8 6 10 7 4 11 5 

1211 7472459302855730012 1 7
0 1 7 10 3 4 5 

1245 14355193793195755975 2 7
4 7 0 6 10 3 2 
7 4 0 6 10 3 2 

3556 10075109480510940229 2 7
6 8 7 5 11 2 10 
8 6 7 5 11 2 10 

1199 17038619618615572708 4 7
5 7 0 1 3 10 2 
5 7 0 1 10 3 2 
7 5 0 1 3 10 2 
7 5 0 1 10 3 2 

1246 17916749692863371139 4 7
4 7 1 6 10 3 2 
4 7 6 1 10 3 2 
7 4 6 1 10 3 2 
7 4 1 6 10 3 2 

1261 16830935145332270658 4 7
0 6 5 7 3 10 2 
0 6 5 7 10 3 2 
0 6 7 5 3 10 2 
0 6 7 5 10 3 2 

1262 12009729586733586925 8 7
5 7 1 6 3 10 2 
5 7 1 6 10 3 2 
5 7 6 1 3 10 2 
5 7 6 1 10 3 2 
7 5 6 1 3 10 2 
7 5 6 1 10 3 2 
7 5 1 6 3 10 2 
7 5 1 6 10 3 2 

1259 3800776965158365171 4 7
5 7 6 0 1 3 10 
5 7 6 0 1 10 3 
7 5 6 0 1 3 10 
7 5 6 0 1 10 3 

3698 8637969065782293309 4 7
6 10 1 9 11 5 4 
6 10 9 1 11 5 4 
10 6 9 1 11 5 4 
10 6 1 9 11 5 4 

1341 15400612463275921337 4 7
0 8 4 5 3 10 2 
0 8 4 5 10 3 2 
0 8 5 4 3 10 2 
0 8 5 4 10 3 2 

3684 18229268731000990704 4 6
6 9 5 11 2 10 
6 9 11 5 2 10 
9 6 5 11 2 10 
9 6 11 5 2 10 

1327 15895053209552182279 4 7
5 8 0 1 3 10 2 
5 8 0 1 10 3 2 
8 5 0 1 3 10 2 
8 5 0 1 10 3 2 

3788 1194049549167483606 4 7
6 9 7 11 3 10 2 
6 9 11 7 3 10 2 
9 6 7 11 3 10 2 
9 6 11 7 3 10 2 

1431 6772517929420215464 1 7
7 8 4 10 2 0 1 

183 1575297931999258167 2 6
2 7 0 1 5 4 
7 2 0 1 5 4 

2540 1118810914417687537 4 7
6 8 7 5 11 3 2 
6 8 7 11 5 2 3 
8 6 7 5 11 3 2 
8 6 7 11 5 2 3 

3795 13594183116986684123 1 8
7 6 10 4 11 0 1 9 

1438 9349597185463633217 2 7
1 8 7 4 10 3 2 
8 1 7 4 10 3 2 

3794 11791054650651484698 1 7
7 6 10 4 11 9 1 

1437 14947099524199604942 1 7
0 8 7 4 10 3 2 

189 17198710244826179917 2 6
0 7 5 4 2 3 
0 7 2 3 5 4 

2546 6240505942365427595 2 7
6 7 1 8 11 5 4 
7 6 1 8 11 5 4 

3792 10021429914249057787 2 6
6 9 7 10 4 11 
9 6 7 10 4 11 

1435 14791196872185963886 1 7
7 8 4 10 3 0 1 

3818 2523456776965979159 2 8
6 7 9 1 11 5 3 10 
7 6 11 5 9 1 3 10 

1461 12364943483931903654 1 7
0 8 7 10 2 4 5 

3810 18337025714567797446 2 7
6 7 10 9 1 11 5 
7 6 10 11 5 9 1 

1453 2283075399283906655 2 7
0 8 7 5 3 10 2 
0 8 7 5 10 3 2 

3819 14136920025637589729 1 9
7 11 5 6 3 10 0 1 9 

1462 17452611025731632831 2 7
1 8 7 10 2 4 5 
8 1 7 10 2 4 5 

3808 16790745917893077548 2 6
6 9 7 10 11 5 
9 6 7 10 11 5 

1451 5067303647394719482 2 7
8 7 5 0 1 3 10 
8 7 5 0 1 10 3 

3816 6482705530079391171 2 7
6 9 7 11 5 3 10 
9 6 7 11 5 3 10 

1459 2649813167303065575 2 7
7 10 8 0 1 4 5 
10 7 8 0 1 4 5 

3730 12910462043704453361 4 6
7 10 1 9 4 11 
7 10 9 1 4 11 
10 7 9 1 4 11 
10 7 1 9 4 11 

1373 3848643626221477476 2 7
4 8 6 0 10 3 2 
8 4 6 0 10 3 2 

3731 4303727742535903350 2 7
7 10 4 11 0 1 9 
10 7 4 11 0 1 9 

1374 11857378102473817911 2 7
4 8 6 1 10 3 2 
8 4 6 1 10 3 2 

1367 7806481325747709499 2 7
4 8 6 10 2 0 1 
8 4 6 10 2 0 1 

3755 5288901081013721902 1 8
7 3 10 11 5 0 1 9 

1398 3384646830532002064 1 7
8 6 1 4 5 10 2 

2507 3143195185817641585 1 7
7 11 8 3 6 0 1 

1371 306472975731078041 2 7
4 8 6 10 3 0 1 
8 4 6 10 3 0 1 

3758 11842435130378852257 2 8
1 9 7 5 11 3 10 2 
9 1 7 5 11 3 10 2 

1401 330255935575281664 1 7
8 6 0 4 5 10 3 

2510 9623445446682723184 1 7
8 11 7 1 6 3 2 

3746 4247619308876675156 8 6
7 10 1 9 5 11 
7 10 1 9 11 5 
7 10 9 1 5 11 
7 10 9 1 11 5 
10 7 9 1 5 11 
10 7 9 1 11 5 
10 7 1 9 5 11 
10 7 1 9 11 5 

1389 1247933896737077914 4 7
5 8 6 0 3 10 2 
5 8 6 0 10 3 2 
8 5 6 0 3 10 2 
8 5 6 0 10 3 2 

1383 17918375830766163260 2 7
5 8 6 2 10 0 1 
8 5 6 2 10 0 1 

3759 12265971565392781812 1 9
7 5 11 0 1 9 3 10 2 

1402 14610324490988777957 1 7
8 6 1 4 5 10 3 

3850 6854583174861315075 4 6
8 11 10 3 9 1 
8 11 3 10 9 1 
11 8 3 10 9 1 
11 8 10 3 9 1 

1493 17500650866179344213 1 7
8 4 7 0 6 10 2 

1387 1710755693088198704 4 7
5 8 6 3 10 0 1 
5 8 6 10 3 0 1 
8 5 6 3 10 0 1 
8 5 6 10 3 0 1 

3854 15767921081404410100 4 7
8 11 9 1 3 10 2 
8 11 9 1 10 3 2 
11 8 9 1 3 10 2 
11 8 9 1 10 3 2 

1497 15844615422250635630 1 7
8 4 7 0 6 10 3 

3851 12631727772956788722 4 7
8 11 3 10 0 1 9 
8 11 10 3 0 1 9 
11 8 3 10 0 1 9 
11 8 10 3 0 1 9 

1494 17974621378251901094 1 7
8 4 7 1 6 10 2 

3836 1089991230041804820 2 9
6 9 7 4 11 5 10 3 2 
9 6 7 4 11 5 10 3 2 

1479 17000961151301642394 2 7
7 8 6 0 1 2 10 
8 7 6 0 1 2 10 

1485 11266608045964664095 4 7
7 8 0 6 3 10 2 
7 8 0 6 10 3 2 
8 7 0 6 3 10 2 
8 7 0 6 10 3 2 

3866 10109425070627434799 2 7
3 10 8 9 1 11 4 
10 3 8 9 1 11 4 

1509 14062384913848590884 1 7
8 0 6 5 7 2 10 

1521 8542648463442980038 1 7
6 10 7 0 8 4 5 

3870 734775278738250563 2 8
8 9 1 11 4 10 3 2 
8 9 1 11 4 3 10 2 

1513 10882661822364175348 2 7
8 0 6 5 7 3 10 
8 0 6 5 7 10 3 

3867 5338068294773754017 2 8
3 10 8 11 4 0 1 9 
10 3 8 11 4 0 1 9 

1510 12308062104452290435 1 7
8 5 7 1 6 2 10 

3864 11438958068167067158 4 6
8 9 3 10 11 4 
8 9 10 3 11 4 
9 8 3 10 11 4 
9 8 10 3 11 4 

1507 15452081571022671632 1 7
7 5 8 10 6 0 1 

4050 15033084921083110698 1 8
7 6 10 8 4 11 9 1 

1693 4236043283045919808 2 7
4 7 0 9 10 3 2 
7 4 0 9 10 3 2 

445 17464657539104280655 1 7
0 8 7 2 3 5 4 

2802 3865834224483922632 2 7
6 7 9 1 11 5 4 
7 6 9 1 11 5 4 

1721 16705691272110023060 1 7
0 9 7 10 3 4 5 

4074 121548246567751013 2 9
8 6 7 9 1 11 5 3 10 
8 7 6 11 5 9 1 3 10 

1717 17525935377195448706 2 7
7 0 9 4 5 10 2 
7 0 9 10 2 4 5 

4066 5066773384542273656 2 8
6 7 10 8 9 1 11 5 
7 6 10 8 11 5 9 1 

1709 4752025408095952072 4 7
5 7 0 9 3 10 2 
5 7 0 9 10 3 2 
7 5 0 9 3 10 2 
7 5 0 9 10 3 2 

4060 16385632393881642404 1 9
8 6 9 7 4 11 10 3 2 

1703 1167913057054664435 2 7
5 7 2 10 0 1 9 
7 5 2 10 0 1 9 

4072 7256304662719010957 1 8
8 6 9 7 11 5 3 10 

1715 482670856450742012 2 7
7 10 4 5 0 1 9 
10 7 4 5 0 1 9 

4067 704320446234930560 1 9
7 6 10 8 11 5 0 1 9 

1710 16495264043472339936 8 7
5 7 1 9 3 10 2 
5 7 1 9 10 3 2 
5 7 9 1 3 10 2 
5 7 9 1 10 3 2 
7 5 1 9 3 10 2 
7 5 1 9 10 3 2 
7 5 9 1 3 10 2 
7 5 9 1 10 3 2 

1722 102161658249082289 2 7
1 9 7 10 3 4 5 
9 1 7 10 3 4 5 

4064 16083485025580063834 1 7
6 9 8 10 7 11 5 

1707 5666334284293040929 4 7
5 7 3 10 0 1 9 
5 7 10 3 0 1 9 
7 5 3 10 0 1 9 
7 5 10 3 0 1 9 

1756 18076045711562671565 4 7
4 7 6 9 10 3 2 
4 7 9 6 10 3 2 
7 4 6 9 10 3 2 
7 4 9 6 10 3 2 

1749 8465087769444072004 2 7
4 7 6 0 9 10 2 
7 4 6 0 9 10 2 

1747 14232139355305599990 2 7
4 7 6 10 0 1 9 
7 4 6 10 0 1 9 

1753 5008830534674677300 2 7
4 7 6 0 9 10 3 
7 4 6 0 9 10 3 

1772 15458867801950627759 4 7
6 9 5 7 3 10 2 
6 9 7 5 3 10 2 
9 6 5 7 3 10 2 
9 6 7 5 3 10 2 

1765 6466720779629750334 2 7
5 7 6 0 9 2 10 
7 5 6 0 9 2 10 

1784 4131417641469840326 2 7
6 9 7 4 5 10 3 
9 6 7 4 5 10 3 

2893 5100597396481327883 2 7
8 11 6 2 3 0 9 
11 8 6 2 3 0 9 

1778 10851746401478895197 1 7
7 6 10 4 5 1 9 

2887 5350438387541958079 4 7
8 11 2 6 0 1 9 
8 11 6 2 0 1 9 
11 8 2 6 0 1 9 
11 8 6 2 0 1 9 

1769 15985506615313204140 2 7
5 7 6 0 9 3 10 
7 5 6 0 9 3 10 

1770 15420118999858397211 2 7
5 7 6 9 1 3 10 
7 5 6 9 1 3 10 

1822 5197273007788550468 4 7
4 8 9 1 3 10 2 
4 8 9 1 10 3 2 
8 4 9 1 3 10 2 
8 4 9 1 10 3 2 

1763 5253266765270104018 2 7
5 7 6 10 0 1 9 
7 5 6 10 0 1 9 

1821 12287915321014266495 4 7
4 8 0 9 3 10 2 
4 8 0 9 10 3 2 
8 4 0 9 3 10 2 
8 4 0 9 10 3 2 

1819 13297022239822554746 4 7
4 8 3 10 0 1 9 
4 8 10 3 0 1 9 
8 4 3 10 0 1 9 
8 4 10 3 0 1 9 

1948 6893945058718344056 2 7
8 9 7 4 10 3 2 
9 8 7 4 10 3 2 

1941 4967128985105428323 1 7
7 8 4 10 2 0 9 

1933 8032938893410092669 2 7
7 8 0 9 3 10 2 
8 7 0 9 3 10 2 

685 6659267602612686292 2 6
5 7 0 9 2 3 
7 5 0 9 2 3 

3042 15009157674517814499 4 7
6 7 8 9 1 11 5 
6 7 8 11 5 9 1 
7 6 8 9 1 11 5 
7 6 8 11 5 9 1 

1942 12855371382551041482 1 7
7 8 4 10 2 9 1 

1945 9330337696030830113 1 7
7 8 4 10 3 0 9 

1939 9580543163390509431 2 7
7 10 8 4 0 1 9 
10 7 8 4 0 1 9 

3048 458955362824955801 1 7
6 9 8 3 7 11 5 

1934 2868876866639134784 2 7
7 8 9 1 3 10 2 
8 7 9 1 3 10 2 

1927 533558473729775016 2 7
7 8 2 10 0 1 9 
8 7 2 10 0 1 9 

1946 17628000059948138279 1 7
7 8 4 10 3 9 1 

1972 1274634390860770807 2 7
8 9 7 10 2 4 5 
9 8 7 10 2 4 5 

1957 2748603694274867723 1 7
7 8 5 2 10 0 9 

1976 6074595032749627982 2 7
8 9 7 10 3 4 5 
9 8 7 10 3 4 5 

1958 7113020077345713410 1 7
7 8 5 2 10 9 1 

1955 5504061418886505873 2 7
7 10 8 5 0 1 9 
10 7 8 5 0 1 9 

1884 11964911600448815927 2 7
4 8 6 9 10 3 2 
8 4 6 9 10 3 2 

1878 4942972208605040217 2 7
4 8 6 10 2 9 1 
8 4 6 10 2 9 1 

1877 17055056981270214667 2 7
4 8 6 10 2 0 9 
8 4 6 10 2 0 9 

2986 17312126042151327396 2 7
3 7 8 9 1 11 5 
7 3 8 9 1 11 5 

1881 9820466270820000714 2 7
4 8 6 10 3 0 9 
8 4 6 10 3 0 9 

1908 13553013283652555225 1 7
6 8 9 10 2 4 5 

3017 4676296535192085748 1 7
7 11 8 3 6 0 9 

1882 2551933976626813584 2 7
4 8 6 10 3 9 1 
8 4 6 10 3 9 1 

1893 1563799405130299206 2 7
5 8 6 2 10 0 9 
8 5 6 2 10 0 9 

1912 2039901521886678105 1 7
8 6 9 4 5 10 3 

1897 13281031606133041043 2 7
5 8 6 3 10 0 9 
8 5 6 3 10 0 9 

1905 6593290801205289554 2 7
6 10 8 4 5 0 9 
10 6 8 4 5 0 9 

3014 13759775519077787311 1 7
7 11 8 2 6 9 1 

1894 6111776850507783995 2 7
5 8 6 2 10 9 1 
8 5 6 2 10 9 1 

1906 12424327483666612138 2 7
6 10 8 4 5 1 9 
10 6 8 4 5 1 9 

1891 3260579183940454893 4 7
5 8 6 10 0 1 9 
5 8 10 6 0 1 9 
8 5 6 10 0 1 9 
8 5 10 6 0 1 9 

3000 11548341233216068120 4 7
8 9 7 3 11 5 4 
8 9 3 7 11 5 4 
9 8 7 3 11 5 4 
9 8 3 7 11 5 4 

1898 14592911419055538838 2 7
5 8 6 3 10 9 1 
8 5 6 3 10 9 1 

1989 1961945979539068868 2 7
7 8 6 0 9 2 10 
8 7 6 0 9 2 10 

1996 3215588910884284201 2 7
7 8 9 6 3 10 2 
8 7 9 6 3 10 2 

2002 12120481313243179991 1 7
7 4 8 10 6 9 1 

2024 4294963001794880523 1 7
8 9 6 5 7 3 10 

3133 3478761332541665130 2 7
0 3 10 2 11 5 4 
0 10 3 2 11 5 4 

2207 12987654889399627724 1 7
0 1 7 11 4 3 2 

2237 16482091683555323974 1 7
0 7 2 3 11 5 4 

2223 2495622138861855035 2 7
0 1 7 5 11 3 2 
0 1 7 11 5 2 3 

2231 16266444812795451422 2 7
2 7 0 1 11 5 4 
7 2 0 1 11 5 4 

2235 8696612732140926974 2 7
3 7 0 1 11 5 4 
7 3 0 1 11 5 4 

2143 8639779200442270805 2 7
4 11 6 0 1 2 3 
11 4 6 0 1 2 3 

2167 17552793081211169626 2 7
2 6 0 1 11 5 4 
6 2 0 1 11 5 4 

2159 12173024965380221933 2 7
5 11 6 0 1 2 3 
11 5 6 0 1 2 3 

2171 16230737055175705155 2 7
3 6 0 1 11 5 4 
6 3 0 1 11 5 4 

2270 8312182314777364329 2 7
1 6 7 11 4 3 2 
6 1 7 11 4 3 2 

2263 17122617612454975812 1 7
6 7 2 0 1 11 4 

2269 11011932449182172150 1 7
0 6 7 11 4 2 3 

2255 16850750414189409376 2 7
7 11 6 0 1 2 3 
11 7 6 0 1 2 3 

2267 2418381762580422512 1 7
7 6 3 11 4 0 1 

2297 10038613220965021 1 7
0 6 7 3 11 5 4 

2285 3128128653653153056 1 7
0 6 7 11 5 2 3 

2294 6240505942365427595 2 7
1 6 7 2 11 5 4 
6 1 7 2 11 5 4 

2279 3826689340055664006 1 7
6 7 2 0 1 11 5 

2283 7433357472368001461 1 7
7 6 3 11 5 0 1 

2462 806181063518107653 2 7
1 8 7 3 2 11 4 
8 1 7 3 2 11 4 

2485 7391795299154801943 2 7
0 8 7 2 11 5 4 
0 8 2 7 11 5 4 

2397 13966554259367084927 1 7
8 6 0 11 4 2 3 

2398 15466700752827916144 1 7
6 8 1 3 2 11 4 

2395 6809081094683739628 2 7
3 6 8 11 4 0 1 
6 3 8 11 4 0 1 

2413 3838534670724523080 1 7
8 6 0 11 5 2 3 

2421 14609423624933605886 2 7
2 6 8 0 11 5 4 
6 2 8 0 11 5 4 

2428 17159358529374694084 2 7
6 8 2 3 11 5 4 
8 6 2 3 11 5 4 

2422 6240505942365427595 2 7
2 6 8 1 11 5 4 
6 2 8 1 11 5 4 

2425 8334787814763939890 2 7
3 6 8 0 11 5 4 
6 3 8 0 11 5 4 

2426 13205893756489539324 2 7
3 6 8 1 11 5 4 
6 3 8 1 11 5 4 

2411 8286317644355699311 2 7
3 6 8 11 5 0 1 
6 3 8 11 5 0 1 

2521 6512195314659190328 1 7
6 0 8 3 7 11 4 

191 1341421100960496763 2 7
0 1 7 5 4 2 3 
0 1 7 2 3 5 4 

2548 6240505942365427595 2 7
6 8 2 7 11 5 4 
8 6 2 7 11 5 4 

2515 1039892112196624130 2 7
6 7 8 0 1 11 4 
7 6 8 0 1 11 4 

2533 9662172179684863116 1 7
6 0 8 2 7 11 5 

2545 8492608027966070996 2 7
6 7 0 8 11 5 4 
7 6 0 8 11 5 4 

2537 3860337946044072325 1 7
6 0 8 3 7 11 5 

2745 6981081499604863969 2 7
3 7 0 9 11 5 4 
7 3 0 9 11 5 4 

2733 8762858506174223499 2 7
0 9 7 5 11 3 2 
0 9 7 11 5 2 3 

2742 8965381117055640161 4 7
2 7 1 9 11 5 4 
2 7 9 1 11 5 4 
7 2 1 9 11 5 4 
7 2 9 1 11 5 4 

377 16370057408979390097 4 6
3 6 8 0 5 4 
3 6 8 0 4 5 
6 3 8 0 5 4 
6 3 8 0 4 5 

2734 3847238632712577093 4 7
1 9 7 5 11 3 2 
1 9 7 11 5 2 3 
9 1 7 5 11 3 2 
9 1 7 11 5 2 3 

389 18207673811182537893 6 4
0 2 7 8 
0 2 8 7 
0 7 2 8 
0 7 8 2 
0 8 7 2 
0 8 2 7 

2746 17630981902112594380 4 7
3 7 1 9 11 5 4 
3 7 9 1 11 5 4 
7 3 1 9 11 5 4 
7 3 9 1 11 5 4 

2727 10073786915221611779 2 7
2 7 5 11 0 1 9 
7 2 5 11 0 1 9 

374 16874672746425353066 2 6
2 6 8 1 5 4 
6 2 8 1 5 4 

2731 10073786915221611779 2 7
3 7 11 5 0 1 9 
7 3 11 5 0 1 9 

2653 17314193512965692392 2 7
6 4 11 0 9 2 3 
6 11 4 0 9 2 3 

2651 2155621489168568653 4 7
3 6 4 11 0 1 9 
3 6 11 4 0 1 9 
6 3 4 11 0 1 9 
6 3 11 4 0 1 9 

2654 1581653509310691497 2 7
4 11 6 9 1 2 3 
11 4 6 9 1 2 3 

2684 9767997133275804305 2 7
6 9 2 3 11 5 4 
9 6 2 3 11 5 4 

2678 6535814325294961672 2 7
2 6 9 1 11 5 4 
6 2 9 1 11 5 4 

2670 15163950198802966968 2 7
5 11 6 9 1 2 3 
11 5 6 9 1 2 3 

2682 6716069777052761786 2 7
3 6 9 1 11 5 4 
6 3 9 1 11 5 4 

2773 18191016137934628903 1 7
6 7 2 0 9 11 4 

2774 7058578053118789351 1 7
6 7 2 9 1 11 4 

2777 5577045895032190138 1 7
6 7 3 0 9 11 4 

423 12235600077794884355 2 6
2 7 8 5 0 1 
7 2 8 5 0 1 

2780 12927084138991791443 2 7
6 9 7 11 4 2 3 
9 6 7 11 4 2 3 

2765 4760046941424909681 2 7
7 11 6 0 9 2 3 
11 7 6 0 9 2 3 

2759 4023727628634287932 2 7
7 11 6 2 0 1 9 
11 7 6 2 0 1 9 

409 11543873541458446079 2 5
0 8 7 3 4 
0 8 3 7 4 

2766 2706190595794313469 2 7
7 11 6 9 1 2 3 
11 7 6 9 1 2 3 

421 2685051433518016607 2 5
0 8 7 2 5 
0 8 2 7 5 

2778 7863192722047931994 1 7
7 6 3 11 4 9 1 

447 10669790705924523784 1 8
7 8 2 3 0 1 5 4 

2804 4819773105937788130 2 7
6 9 7 2 11 5 4 
9 6 7 2 11 5 4 

2763 16461486872037345335 2 7
7 11 6 3 0 1 9 
11 7 6 3 0 1 9 

2789 7825215753534494999 1 7
6 7 2 0 9 11 5 

2808 2956915688248248808 2 7
6 9 7 3 11 5 4 
9 6 7 3 11 5 4 

2801 1880070134908248273 2 7
6 7 0 9 11 5 4 
7 6 0 9 11 5 4 

2793 2003300783403953191 1 7
6 7 3 0 9 11 5 

430 16422845455431186346 2 6
1 8 7 5 2 3 
8 1 7 5 2 3 

2787 10647630689978495543 2 7
6 7 11 5 0 1 9 
7 6 11 5 0 1 9 

2969 15268828129994799398 2 7
3 7 8 0 9 11 4 
7 3 8 0 9 11 4 

2996 10928944532379481148 4 7
8 9 7 2 11 5 4 
8 9 2 7 11 5 4 
9 8 7 2 11 5 4 
9 8 2 7 11 5 4 

2988 10575705926709795899 2 7
8 9 7 2 3 11 5 
9 8 7 2 3 11 5 

2908 465882741671192404 1 7
8 6 9 11 4 2 3 

2901 8339766943561839043 2 7
2 6 8 11 4 0 9 
6 2 8 11 4 0 9 

2902 10514694293143452352 2 7
2 6 8 11 4 9 1 
6 2 8 11 4 9 1 

2906 18118488405396596920 2 7
3 6 8 11 4 9 1 
6 3 8 11 4 9 1 

2894 17380746370234687783 2 7
8 11 6 2 3 9 1 
11 8 6 2 3 9 1 

2932 4626976418976242675 2 7
2 6 8 9 11 5 4 
6 2 8 9 11 5 4 

2924 12581185484799799079 1 7
8 6 9 11 5 2 3 

2917 14686290960760695020 2 7
2 6 8 11 5 0 9 
6 2 8 11 5 0 9 

2921 8977524526406099177 2 7
3 6 8 11 5 0 9 
6 3 8 11 5 0 9 

2936 4276700862438510649 2 7
3 6 8 9 11 5 4 
6 3 8 9 11 5 4 

2918 7390395037844514992 2 7
2 6 8 11 5 9 1 
6 2 8 11 5 9 1 

3028 14409213707203635745 1 7
6 9 8 2 7 11 4 

2922 17312126042151327396 2 7
3 6 8 11 5 9 1 
6 3 8 11 5 9 1 

3020 6827738221253207129 1 7
8 9 6 11 7 2 3 

3025 4449734679075179856 2 7
6 7 8 0 9 11 4 
7 6 8 0 9 11 4 

3026 1263627880979245982 2 7
6 7 8 9 1 11 4 
7 6 8 9 1 11 4 

3011 16401599329293059436 2 7
6 7 11 8 0 1 9 
7 6 11 8 0 1 9 

3018 458955362824955801 1 7
7 11 8 3 6 9 1 

687 1167913057054664435 2 7
5 7 2 3 0 1 9 
7 5 2 3 0 1 9 

3044 6686692390181876693 1 7
6 9 8 2 7 11 5 

3056 13866730547709431317 2 7
6 7 9 8 11 5 4 
7 6 9 8 11 5 4 

3131 14770141291831303361 2 7
3 10 0 1 11 5 4 
10 3 0 1 11 5 4 

872 10535858816521210636 4 5
3 6 5 8 9 
3 6 8 5 9 
6 3 5 8 9 
6 3 8 5 9 

3229 8258572694994998579 1 7
0 7 4 11 10 3 2 

3223 10141263230758408121 1 7
7 0 1 4 11 10 2 

888 16422845455431186346 2 6
3 6 8 9 4 5 
6 3 8 9 4 5 

3245 15755190382126326230 1 7
0 7 5 11 3 10 2 

3253 5559547093760142448 1 7
0 7 10 2 4 11 5 

900 16843014019913416440 24 4
2 7 8 9 
2 7 9 8 
2 8 7 9 
2 8 9 7 
2 9 8 7 
2 9 7 8 
7 2 8 9 
7 2 9 8 
7 8 2 9 
7 8 9 2 
7 9 8 2 
7 9 2 8 
8 7 2 9 
8 7 9 2 
8 2 7 9 
8 2 9 7 
8 9 2 7 
8 9 7 2 
9 7 8 2 
9 7 2 8 
9 8 7 2 
9 8 2 7 
9 2 8 7 
9 2 7 8 

3257 4893417963768530328 1 7
0 7 10 3 4 11 5 

3239 186850351296417338 1 7
0 1 7 5 11 2 10 

3165 8480830664286648091 4 7
0 6 4 11 10 3 2 
0 6 4 11 3 10 2 
0 6 11 4 10 3 2 
0 6 11 4 3 10 2 

