3882 6622441678394755654 1 7
3 10 11 8 1 9 5 

3896 2706278292750821238 1 7
11 8 10 9 5 4 3 

3881 13540177273406876679 1 7
11 3 10 9 5 0 8 

3884 6446101090765694846 1 7
3 11 10 2 8 9 5 

3865 10367199748843945060 2 7
9 11 10 0 8 4 3 
11 9 10 0 8 4 3 

3928 2756873686870117787 1 7
9 8 10 11 6 4 3 

3868 2864965036078988742 1 7
9 10 8 11 2 4 3 

3854 12471307449672936826 2 7
10 9 8 11 3 1 2 
10 11 3 9 8 1 2 

3853 12441206117077680072 1 7
11 10 3 9 2 0 8 

4016 15601242850917733772 1 7
4 8 11 5 9 10 7 

4004 13596513814194160375 1 7
2 8 11 10 7 5 9 

3988 308801186244053336 1 7
2 9 11 8 4 10 7 

3973 12751922435742241187 1 7
11 2 9 10 7 0 8 

3974 8818454027793855556 1 7
11 8 9 10 7 2 1 

3889 3658032132241939701 1 7
11 4 10 9 5 0 8 

3892 18058456455949182558 1 7
4 10 11 8 2 9 5 

3875 4673614039258474190 2 7
10 11 1 0 8 9 5 
11 10 1 0 8 9 5 

3890 16229810396758202060 1 7
4 10 11 8 1 9 5 

3877 4730184509119784058 2 7
10 11 2 0 8 9 5 
11 10 2 0 8 9 5 

3909 11285713323219378004 1 7
10 2 9 11 6 0 8 

3861 15193612209633502523 2 7
11 9 2 10 4 0 8 
11 10 4 9 2 0 8 

3910 14453139576232527563 1 7
10 8 9 11 6 1 2 

3859 710163544757191894 1 7
11 9 1 10 4 0 8 

3753 2892046287310794707 1 7
3 0 11 5 9 10 7 

3756 6230873728428857025 1 7
2 3 11 9 5 7 10 

3786 9141266283531222350 1 7
1 3 9 7 10 11 6 

3785 9623316174916728713 1 7
0 3 9 6 11 10 7 

3737 2523349445896627613 2 7
9 11 0 4 3 10 7 
11 9 0 4 3 10 7 

3725 6225987563865759042 1 7
2 9 11 0 3 10 7 

3726 858406853017411001 1 7
9 3 11 10 7 2 1 

3689 17356476983632500603 1 7
3 0 10 6 11 9 5 

3641 11873396959789890864 1 7
11 0 10 9 5 4 3 

3644 4175346231309448141 1 7
10 2 11 9 5 4 3 

3642 8728299166686191869 1 7
10 1 11 9 5 4 3 

3629 13004097526876575512 1 7
3 10 11 0 2 9 5 

3673 7039516827131012593 1 7
9 0 10 11 6 4 3 

3676 9714894197390530952 2 7
9 10 2 4 3 11 6 
10 9 2 4 3 11 6 

3674 12535999268450710499 2 7
9 10 1 4 3 11 6 
10 9 1 4 3 11 6 

3659 17517043871752452526 1 7
0 10 9 3 1 11 6 

3661 12771651905175771951 1 7
0 10 9 3 2 11 6 

3662 9179348616731075243 2 7
9 10 3 1 2 11 6 
10 9 3 1 2 11 6 

3613 17038190641068645236 1 7
9 10 0 11 2 4 3 

3824 7906598903220476282 1 7
4 5 9 10 7 6 11 

3809 13156497880654014085 1 7
0 11 6 10 7 9 5 

3812 10967077419879528807 1 7
2 7 10 9 5 6 11 

3761 8406704736095882671 1 7
4 0 11 5 9 10 7 

3764 15930985500640243821 1 7
2 4 11 9 5 7 10 

3762 16342687593346449833 1 7
4 1 11 10 7 5 9 

3749 12596011114529907408 1 7
2 0 11 10 7 5 9 

3793 15670815679413015779 1 7
0 4 9 11 6 7 10 

3794 7083588283815834470 1 7
1 4 9 7 10 11 6 

3796 3073413574245194206 1 7
2 4 9 7 10 11 6 

3779 7260109296012963620 1 7
1 0 9 6 11 10 7 

3781 17305539842601596260 1 7
2 0 9 6 11 10 7 

3782 1069052711740773431 1 7
9 2 1 7 10 11 6 

3733 12154188849646588143 1 7
2 9 11 0 4 10 7 

3697 5175280315553011235 1 7
4 0 10 11 6 5 9 

3700 1919821369101826323 1 7
4 2 10 9 5 6 11 

3685 5198379100135612991 1 7
0 2 10 11 6 5 9 

3686 1208519589234935299 1 7
10 2 1 5 9 11 6 

3635 17825007020966103551 1 7
4 10 11 0 1 9 5 

3638 4383892066623973578 1 7
10 4 11 9 5 2 1 

3637 3098232809639519115 1 7
4 10 11 0 2 9 5 

3669 5159962416838644914 1 7
0 10 9 4 2 11 6 

3670 14417340085672366077 2 7
9 10 4 2 1 11 6 
10 9 4 2 1 11 6 

3667 9990163302555954364 1 7
0 10 9 4 1 11 6 

3655 8453641318674737111 1 7
10 0 9 11 6 1 2 

3497 5797719076858165975 2 7
5 11 3 0 8 7 10 
11 5 3 0 8 7 10 

3529 17096581943711552117 2 7
6 11 3 10 7 0 8 
11 6 3 10 7 0 8 

3530 9131725300421876611 1 7
1 8 3 6 11 7 10 

3469 12832645969855570884 2 7
2 11 3 10 7 0 8 
11 2 3 10 7 0 8 

3467 3668734838903921273 1 7
1 11 3 10 7 0 8 

3470 8425972020816850899 1 7
11 8 3 1 2 7 10 

3433 14237154466755881940 1 7
5 3 10 6 11 0 8 

3434 16186956996460487909 1 7
8 5 10 1 3 6 11 

3385 6849060065793697968 2 7
5 11 10 8 0 4 3 
11 5 10 8 0 4 3 

3386 10025609922814993980 1 7
5 1 11 8 10 3 4 

3388 12746654351033704116 1 7
5 11 2 10 8 4 3 

3371 2125457099579001309 1 7
11 1 5 3 10 8 0 

3374 11118397018845686485 1 7
10 5 8 11 3 1 2 

3417 11082847668925732650 2 7
6 11 10 0 8 4 3 
11 6 10 0 8 4 3 

3420 8288077523721847796 2 7
8 10 2 11 6 4 3 
10 8 2 11 6 4 3 

3418 1366361927170217760 2 7
8 10 1 6 11 4 3 
10 8 1 6 11 4 3 

3406 8937668470081216288 4 7
8 10 3 6 11 1 2 
8 10 3 11 6 1 2 
10 8 3 6 11 1 2 
10 8 3 11 6 1 2 

3403 6631132124004300958 1 7
10 1 3 0 8 6 11 

3405 18334080510671199585 1 7
10 2 3 0 8 11 6 

3553 17175637222896417099 1 7
5 0 8 11 6 10 7 

3505 9118301252263625467 2 7
5 11 4 0 8 7 10 
11 5 4 0 8 7 10 

3508 638712101376842895 1 7
2 11 5 4 8 7 10 

3493 916672653414431468 1 7
11 2 5 7 10 0 8 

3537 7170016849378370059 2 7
6 11 4 10 7 0 8 
11 6 4 10 7 0 8 

3538 15620345115798570827 1 7
1 8 4 6 11 7 10 

3523 5098590482095032994 1 7
1 6 11 10 7 0 8 

3525 5176575204250539669 1 7
2 11 6 10 7 0 8 

3526 16954349033115236385 1 7
8 7 10 6 11 1 2 

3477 7788823306362509508 2 7
2 11 4 10 7 0 8 
11 2 4 10 7 0 8 

3475 7364662438104500420 1 7
1 11 4 10 7 0 8 

3463 7586927818671782442 1 7
11 10 7 1 2 0 8 

3441 44346568113529378 1 7
5 4 10 6 11 0 8 

3381 11111364342296223670 4 7
11 2 5 4 10 8 0 
11 4 10 2 5 0 8 
11 5 2 10 4 0 8 
11 10 4 5 2 8 0 

3429 8594289735449501736 1 7
10 2 5 6 11 0 8 

3430 11778519042636693842 1 7
10 8 5 6 11 1 2 

3379 4872215985407441883 1 7
11 1 5 4 10 8 0 

3382 9476012088020090480 1 7
10 5 8 11 4 1 2 

3413 4607353411741887705 1 7
10 2 4 0 8 11 6 

3411 4861073088560722496 1 7
10 1 4 0 8 6 11 

3414 16105785857638791405 2 7
8 10 4 6 11 1 2 
10 8 4 6 11 1 2 

3399 3091059551576029177 1 7
10 6 11 0 8 1 2 

3308 18022961987094226075 1 7
2 3 5 10 7 11 6 

3257 479848806006850403 2 7
5 11 0 4 3 7 10 
11 5 0 4 3 7 10 

3260 10117673647264515090 1 7
5 2 11 7 10 4 3 

3258 6721667751728770690 1 7
5 1 11 7 10 3 4 

3289 8524689977628012740 2 7
6 11 0 10 7 4 3 
11 6 0 10 7 4 3 

3292 10403922915206829345 2 7
7 10 2 11 6 4 3 
10 7 2 11 6 4 3 

3290 5372794932630073465 2 7
7 10 1 6 11 4 3 
10 7 1 6 11 4 3 

3278 4478786961629236423 2 7
7 10 3 6 11 1 2 
10 7 3 6 11 1 2 

3277 8431669073079733510 1 7
0 2 3 10 7 11 6 

3227 17815792438176589007 1 7
1 11 0 10 7 4 3 

3193 15641144953816783124 1 7
5 0 10 6 11 4 3 

3194 4007798160715359302 2 7
5 10 1 4 3 6 11 
10 5 1 4 3 6 11 

3196 16195115442841574888 2 7
5 10 2 4 3 6 11 
10 5 2 4 3 6 11 

3179 7782581372120295059 1 7
0 10 5 3 1 6 11 

3182 6411327637230765552 2 7
5 10 3 1 2 6 11 
10 5 3 1 2 6 11 

3181 758504643828278082 1 7
0 10 5 3 2 6 11 

3133 13977709653811458546 2 7
5 10 0 11 2 4 3 
5 11 2 10 0 3 4 

3134 13029082363911663119 2 7
5 10 11 1 2 3 4 
10 5 11 1 2 3 4 

3131 7791563067265820571 1 7
5 1 11 0 10 3 4 

3163 9636538379405862732 2 7
0 10 1 6 11 4 3 
10 0 1 6 11 4 3 

3151 13246788574095920946 2 7
0 10 3 6 11 1 2 
10 0 3 6 11 1 2 

3165 8489936477374788736 2 7
0 10 2 11 6 4 3 
10 0 2 11 6 4 3 

3316 4839378929532846559 1 7
2 4 5 10 7 11 6 

3314 10072525238754812654 1 7
1 4 5 10 7 11 6 

3251 7259714523392633866 1 7
1 5 11 0 4 7 10 

3253 1849718561278348589 1 7
2 11 5 4 0 7 10 

3254 15546246679888609202 1 7
5 4 11 7 10 1 2 

3286 10858625638020494460 2 7
7 10 4 6 11 1 2 
10 7 4 6 11 1 2 

3285 7355480435581641060 1 7
0 2 4 10 7 11 6 

3223 8224086338160890631 1 7
11 0 4 1 2 10 7 

3187 16982182501906542935 1 7
0 10 5 4 1 6 11 

3190 8051028937996672254 2 7
5 10 4 1 2 6 11 
10 5 4 1 2 6 11 

3189 15167079520075557548 1 7
0 10 5 4 2 6 11 

3159 12375157647932415036 2 7
0 10 4 6 11 1 2 
10 0 4 6 11 1 2 

3127 12675088429159201458 1 7
10 11 4 5 0 1 2 

3175 6634164787007553097 1 7
10 0 5 6 11 1 2 

3000 18431950072364026185 1 7
11 8 7 5 9 3 4 

3032 18146619962085950404 1 7
9 8 7 6 11 3 4 

3017 7229892565309303106 1 7
9 3 7 6 11 8 0 

2969 15675342742801593413 2 7
9 11 7 0 8 4 3 
11 9 7 0 8 4 3 

2957 15516466194950436883 4 7
11 2 9 3 7 0 8 
11 3 7 2 9 8 0 
11 7 3 9 2 0 8 
11 9 2 7 3 8 0 

2970 3667084692302153670 2 7
9 1 11 8 7 3 4 
9 1 11 8 7 4 3 

2972 13115844234467047054 1 7
9 2 11 8 7 3 4 

2958 9971952420784726169 2 7
7 3 11 8 9 2 1 
7 9 8 11 3 2 1 

2955 3185390858310146742 1 7
11 1 9 3 7 0 8 

2921 16037703096540380532 2 7
3 6 11 9 5 8 0 
3 6 11 5 9 0 8 

2936 10295342481443377284 1 7
8 5 9 6 11 3 4 

2924 17475222782650438103 1 7
3 8 2 6 11 5 9 

2922 1974775288735199051 1 7
3 8 1 6 11 5 9 

2873 2464703142149501531 2 7
11 5 9 4 3 0 8 
11 9 5 4 3 8 0 

2876 13078045970385920100 1 7
11 8 2 4 3 5 9 

2861 14248593203319465559 4 7
3 11 2 5 9 0 8 
3 11 2 9 5 8 0 
11 3 2 5 9 0 8 
11 3 2 9 5 8 0 

2874 1490003799887468809 1 7
11 8 1 4 3 5 9 

2905 15390967409595292182 1 7
9 11 6 0 8 4 3 

2894 2750803987440794118 4 7
8 9 3 6 11 1 2 
8 9 3 11 6 1 2 
9 8 3 6 11 1 2 
9 8 3 11 6 1 2 

2908 12032299000447945993 2 7
8 9 2 11 6 4 3 
9 8 2 11 6 4 3 

2906 6574248164647625224 2 7
8 9 1 6 11 4 3 
9 8 1 6 11 4 3 

2891 7519626792684842249 1 7
9 3 1 0 8 11 6 

2893 14075742412418575614 1 7
9 3 2 0 8 11 6 

2845 1085355412853241057 1 7
11 9 2 4 3 0 8 

2996 10345628751203989541 1 7
4 11 7 2 8 5 9 

3013 7229892565309303106 1 7
7 2 9 6 11 0 8 

3014 9967251230582828386 1 7
7 8 9 6 11 2 1 

2965 8915708068910519125 1 7
11 4 7 2 9 0 8 

2951 13066696419328420181 2 7
7 11 9 1 2 0 8 
11 7 9 1 2 0 8 

2963 9505809632581828268 1 7
11 1 9 4 7 0 8 

2966 8990910784064819480 1 7
7 11 4 9 8 1 2 

2929 7073530095764892585 2 7
4 11 6 5 9 0 8 
4 11 6 9 5 8 0 

2915 18391525017824290868 4 7
6 11 1 9 5 8 0 
6 11 1 5 9 0 8 
11 6 1 5 9 0 8 
11 6 1 9 5 8 0 

2930 15606082695204872450 1 7
4 8 1 6 11 5 9 

2932 8280413337118732710 1 7
4 8 2 11 6 5 9 

2917 13122418566275022227 4 7
6 11 2 9 5 8 0 
6 11 2 5 9 0 8 
11 6 2 5 9 0 8 
11 6 2 9 5 8 0 

2867 2411296694131308217 4 7
4 11 1 5 9 0 8 
4 11 1 9 5 8 0 
11 4 1 5 9 0 8 
11 4 1 9 5 8 0 

2918 17637423186281830072 2 7
6 11 8 5 9 2 1 
11 6 8 5 9 2 1 

2869 13151597761782742813 4 7
4 11 2 5 9 0 8 
4 11 2 9 5 8 0 
11 4 2 5 9 0 8 
11 4 2 9 5 8 0 

2870 3154437666638659049 2 7
4 11 8 5 9 2 1 
11 4 8 5 9 2 1 

2901 15564633354313719246 1 7
9 4 2 0 8 11 6 

2899 10711215524411637425 1 7
9 4 1 0 8 6 11 

2902 9881261915642326470 2 7
8 9 4 6 11 1 2 
9 8 4 6 11 1 2 

2887 8406140652105443771 2 7
6 11 9 0 8 1 2 
11 6 9 0 8 1 2 

2793 15296110516712007902 1 7
3 0 7 6 11 5 9 

2745 10459088681078296967 1 7
11 0 7 5 9 3 4 

2748 105235061906000198 1 7
7 2 11 5 9 3 4 

2746 9525340471261615476 1 7
7 1 11 5 9 3 4 

2733 200417104008769513 1 7
3 7 11 0 2 5 9 

2780 2885734818235235528 2 7
7 9 2 3 4 6 11 
9 7 2 3 4 6 11 

2777 5542323010605091234 1 7
9 0 7 6 11 3 4 

2778 2627534648418199377 2 7
7 9 1 3 4 6 11 
9 7 1 3 4 6 11 

2763 268464949278598080 1 7
0 9 7 1 3 6 11 

2766 18062580437578395526 2 7
7 9 3 2 1 6 11 
9 7 3 2 1 6 11 

2765 4666105261734587254 1 7
0 9 7 2 3 6 11 

2717 8187978690679790686 2 7
9 2 11 0 7 3 4 
9 7 0 11 2 3 4 

2715 9429123923458541472 1 7
9 1 11 0 7 4 3 

2703 4391569819468143207 1 7
7 9 0 11 3 2 1 

2681 10295342481443377284 1 7
0 9 5 6 11 3 4 

2684 18165928713206509456 2 7
5 9 2 6 11 3 4 
9 5 2 6 11 3 4 

2682 3478582590319021586 2 7
5 9 1 6 11 3 4 
9 5 1 6 11 3 4 

2670 10531115789593747790 2 7
5 9 3 6 11 2 1 
9 5 3 6 11 2 1 

2667 1974775288735199051 1 7
3 0 1 6 11 9 5 

2669 17475222782650438103 1 7
3 0 2 6 11 9 5 

2619 1490003799887468809 1 7
11 0 1 4 3 9 5 

2622 2938783892073667711 2 7
5 9 11 4 3 2 1 
9 5 11 4 3 2 1 

2621 13078045970385920100 1 7
11 0 2 4 3 9 5 

2651 6912241036684179784 2 7
0 9 1 6 11 4 3 
9 0 1 6 11 4 3 

2639 8109392721575739290 2 7
0 9 3 11 6 1 2 
9 0 3 11 6 1 2 

2653 17103424029864275506 2 7
0 9 2 11 6 4 3 
9 0 2 11 6 4 3 

2801 10531757909085097671 1 7
4 0 7 11 6 9 5 

2804 15195897866576761328 1 7
4 2 7 9 5 11 6 

2789 2275368979594174169 1 7
0 2 7 6 11 5 9 

2741 10007782556338641674 1 7
4 11 7 2 0 5 9 

2790 14343191671104698866 1 7
7 2 1 9 5 11 6 

2742 3671632099904043960 1 7
7 4 11 5 9 2 1 

2771 786498697699319005 1 7
0 9 7 1 4 6 11 

2774 2241782103874500164 2 7
7 9 4 2 1 6 11 
9 7 4 2 1 6 11 

2773 71784046246443562 1 7
0 9 7 2 4 6 11 

2759 2282276725973419545 1 7
7 0 9 6 11 2 1 

2711 9476012088020090480 1 7
7 0 9 4 11 1 2 

2678 16176648822338758355 2 7
5 9 4 6 11 2 1 
9 5 4 6 11 2 1 

2675 15606082695204872450 1 7
4 0 1 6 11 9 5 

2677 8280413337118732710 1 7
4 0 2 11 6 9 5 

2663 17637423186281830072 2 7
6 11 0 9 5 2 1 
11 6 0 9 5 2 1 

2615 3154437666638659049 2 7
4 11 0 9 5 2 1 
11 4 0 9 5 2 1 

2647 413279158340823558 2 7
0 9 4 6 11 1 2 
9 0 4 6 11 1 2 

2537 5286949636457179565 1 7
5 3 7 11 6 8 0 

2489 151305355743442666 2 7
5 11 7 8 0 4 3 
11 5 7 8 0 4 3 

2492 7653773943957114976 1 7
5 11 2 7 8 4 3 

2490 13815613411035690496 1 7
5 7 8 11 1 4 3 

2475 11576349962521280147 1 7
11 5 1 7 3 8 0 

2477 7178252215821742013 2 7
11 5 2 7 3 8 0 
11 7 3 5 2 8 0 

2521 18398760437294333472 2 7
6 11 7 8 0 4 3 
11 6 7 8 0 4 3 

2524 8456015039790764296 2 7
7 8 2 11 6 4 3 
8 7 2 11 6 4 3 

2522 486853934013069701 2 7
7 8 1 6 11 4 3 
8 7 1 6 11 4 3 

2507 4088580806911721170 1 7
7 1 3 8 0 6 11 

2510 507959370206119339 2 7
7 8 3 6 11 1 2 
8 7 3 6 11 1 2 

2509 14075742412418575614 1 7
7 2 3 8 0 11 6 

2461 535842279781282823 2 7
2 11 7 0 8 4 3 
11 2 7 0 8 4 3 

2462 1347524834182409634 2 7
7 8 11 1 2 4 3 
8 7 11 1 2 4 3 

2459 8638071875221211547 1 7
1 11 7 0 8 4 3 

2426 6912241036684179784 2 7
5 8 1 6 11 4 3 
8 5 1 6 11 4 3 

2447 1550207590332517712 1 7
11 7 3 1 2 8 0 

2428 17103424029864275506 2 7
5 8 2 11 6 4 3 
8 5 2 11 6 4 3 

2425 15390967409595292182 1 7
5 11 6 8 0 4 3 

2414 8109392721575739290 2 7
5 8 3 11 6 1 2 
8 5 3 11 6 1 2 

2411 7519626792684842249 1 7
5 3 1 8 0 11 6 

2413 14075742412418575614 1 7
5 3 2 8 0 11 6 

2363 5227050061881234316 1 7
5 11 1 8 0 4 3 

2366 1429059368123274196 2 7
5 8 11 4 3 1 2 
8 5 11 4 3 1 2 

2365 1085355412853241057 1 7
11 5 2 4 3 8 0 

2351 2079486499049329347 2 7
3 11 5 8 0 1 2 
11 3 5 8 0 1 2 

2383 16538928181546073076 4 7
0 8 3 6 11 1 2 
0 8 3 11 6 1 2 
8 0 3 6 11 1 2 
8 0 3 11 6 1 2 

2397 8374558985101583738 2 7
0 8 2 11 6 4 3 
8 0 2 11 6 4 3 

2395 4832175116758362636 2 7
0 8 1 6 11 4 3 
8 0 1 6 11 4 3 

2335 15559286225340084141 2 7
0 8 11 1 2 4 3 
8 0 11 1 2 4 3 

2545 15019165713234329700 1 7
5 4 7 11 6 8 0 

2534 1180373989701699510 1 7
7 8 5 11 6 1 2 

2483 14308323118117857334 1 7
11 5 1 7 4 8 0 

2533 5286949636457179565 1 7
7 2 5 11 6 8 0 

2485 12397103105954321838 1 7
11 5 2 7 4 8 0 

2471 15971986047744388188 2 7
7 11 5 1 2 8 0 
11 7 5 1 2 8 0 

2518 9394914115499059867 2 7
7 8 4 6 11 1 2 
8 7 4 6 11 1 2 

2486 486028907985058281 1 7
7 5 8 11 4 1 2 

2515 16998198761083871686 1 7
7 1 4 8 0 6 11 

2503 13731979757216799749 1 7
7 6 11 8 0 1 2 

2517 5067865617980970416 1 7
7 2 4 8 0 11 6 

2455 17294898729106123627 1 7
11 7 4 1 2 0 8 

2422 413279158340823558 2 7
5 8 4 6 11 1 2 
8 5 4 6 11 1 2 

2407 8406140652105443771 2 7
6 11 5 8 0 1 2 
11 6 5 8 0 1 2 

2421 15564633354313719246 1 7
5 4 2 8 0 11 6 

2419 10711215524411637425 1 7
5 4 1 8 0 6 11 

2359 13542610374297520207 2 7
4 11 5 8 0 1 2 
11 4 5 8 0 1 2 

2391 14701209992823797627 2 7
0 8 4 6 11 1 2 
8 0 4 6 11 1 2 

2298 13108673256235690087 2 7
5 7 1 4 3 11 6 
7 5 1 4 3 11 6 

2300 15615550223728355058 2 7
5 7 2 4 3 11 6 
7 5 2 4 3 11 6 

2297 2938611533055305583 1 7
5 0 7 11 6 4 3 

2283 17136881638890824940 1 7
0 5 7 1 3 11 6 

2286 9179348616731075243 2 7
5 7 3 1 2 11 6 
7 5 3 1 2 11 6 

2238 9513080971996821230 2 7
5 7 11 1 2 4 3 
7 5 11 1 2 4 3 

2237 13875261417963543855 2 7
5 7 0 11 2 4 3 
5 11 2 7 0 4 3 

2235 4564439202705960196 1 7
5 7 0 11 1 4 3 

2223 12471307449672936826 2 7
7 5 0 11 3 1 2 
7 11 3 5 0 1 2 

2207 9114983191926122032 2 7
0 7 11 1 2 4 3 
7 0 11 1 2 4 3 

2255 8937668470081216288 4 7
0 7 3 6 11 1 2 
0 7 3 11 6 1 2 
7 0 3 6 11 1 2 
7 0 3 11 6 1 2 

2269 15633599737415369806 2 7
0 7 2 11 6 4 3 
7 0 2 11 6 4 3 

2267 4357584618864979438 2 7
0 7 1 6 11 4 3 
7 0 1 6 11 4 3 

2173 12032299000447945993 2 7
0 5 2 11 6 4 3 
5 0 2 11 6 4 3 

2159 2750803987440794118 4 7
0 5 3 6 11 1 2 
0 5 3 11 6 1 2 
5 0 3 6 11 1 2 
5 0 3 11 6 1 2 

2171 6574248164647625224 2 7
0 5 1 6 11 4 3 
5 0 1 6 11 4 3 

2111 17743332602856593697 2 7
0 5 11 4 3 1 2 
5 0 11 4 3 1 2 

2293 9594869120890288856 1 7
0 7 5 4 2 11 6 

2291 16904899728144106267 1 7
0 7 5 4 1 11 6 

2294 1017031133288764509 2 7
5 7 4 1 2 11 6 
7 5 4 1 2 11 6 

2231 9841018837706355167 1 7
7 5 0 11 4 1 2 

2279 14453139576232527563 1 7
7 0 5 11 6 1 2 

2263 1205402388686570885 2 7
0 7 4 6 11 1 2 
7 0 4 6 11 1 2 

2167 9881261915642326470 2 7
0 5 4 6 11 1 2 
5 0 4 6 11 1 2 

1976 3932532192299958866 4 7
5 9 8 7 10 4 3 
5 9 8 10 7 3 4 
9 5 8 7 10 4 3 
9 5 8 10 7 3 4 

1962 2235678923294670758 1 7
3 1 8 7 10 5 9 

2024 1789993265800490882 1 7
3 8 6 9 5 10 7 

1961 4047455603073878742 2 7
5 9 3 7 10 0 8 
9 5 3 7 10 0 8 

1964 1978820263313873012 1 7
2 3 8 9 5 7 10 

1994 6922706450388916183 1 7
1 6 9 3 8 7 10 

2008 15573022198628612457 2 7
6 9 8 3 4 7 10 
9 6 8 3 4 7 10 

1993 13473029670463795837 2 7
6 9 3 0 8 7 10 
9 6 3 0 8 7 10 

1996 15356961504065076293 1 7
2 9 6 8 3 7 10 

1948 2551697935164786077 4 7
2 9 8 7 10 4 3 
2 9 8 10 7 3 4 
9 2 8 7 10 4 3 
9 2 8 10 7 3 4 

1946 7416858018042652673 4 7
1 9 8 7 10 3 4 
1 9 8 7 10 4 3 
1 9 8 10 7 3 4 
1 9 8 10 7 4 3 

1933 12494563176228804874 2 7
2 9 3 7 10 0 8 
9 2 3 7 10 0 8 

1897 7836497467006479836 1 7
6 3 10 5 9 0 8 

1931 12207374811601836143 1 7
1 9 3 10 7 0 8 

1934 13880153794200373164 1 7
9 3 8 2 1 7 10 

1900 686445400554108805 1 7
3 6 10 2 8 5 9 

1912 10582238278996296521 1 7
6 8 10 5 9 4 3 

1898 18277783400876434174 1 7
3 6 10 1 8 5 9 

1849 16848145487141625867 2 7
5 9 10 4 3 0 8 
9 5 10 4 3 0 8 

1850 17421481830044612826 1 7
10 1 8 4 3 5 9 

1837 17000126974545125764 4 7
3 10 2 5 9 0 8 
3 10 2 9 5 0 8 
10 3 2 5 9 0 8 
10 3 2 9 5 0 8 

1852 2642852204107248689 1 7
10 2 8 4 3 9 5 

1835 16019285510303691065 2 7
3 10 1 5 9 0 8 
10 3 1 5 9 0 8 

1838 5549345841398988871 2 7
3 10 8 5 9 2 1 
10 3 8 5 9 2 1 

1881 17420917713897978022 2 7
6 9 10 0 8 3 4 
9 6 10 0 8 3 4 

1882 18179172810925500930 1 7
9 1 6 8 10 4 3 

1870 3386203181071431817 4 7
10 3 6 8 9 1 2 
10 6 3 9 8 1 2 
10 8 9 3 6 1 2 
10 9 8 6 3 1 2 

1884 16800281458245992514 2 7
9 2 6 8 10 4 3 
9 10 8 6 2 4 3 

1869 4337938774463275843 1 7
6 10 3 9 2 0 8 

1867 2876410203166592326 1 7
6 1 9 3 10 0 8 

1819 6112601702602753923 1 7
1 9 10 3 4 0 8 

1821 3925862371631316267 2 7
2 9 10 4 3 0 8 
9 2 10 4 3 0 8 

1822 8337278457726154503 1 7
9 10 8 2 1 4 3 

1807 16264672655725726955 2 7
3 10 9 1 2 0 8 
10 3 9 1 2 0 8 

2018 14470686326607490658 1 7
1 8 6 10 7 9 5 

2017 14107827928481245408 1 7
6 0 8 10 7 9 5 

2032 10157235284343921049 1 7
4 8 6 9 5 10 7 

1969 4047455603073878742 2 7
5 9 4 10 7 0 8 
9 5 4 10 7 0 8 

2020 11299173721679567713 1 7
2 8 6 7 10 5 9 

1958 2875370755240666308 2 7
7 10 8 9 5 2 1 
10 7 8 9 5 2 1 

1972 1978820263313873012 1 7
2 4 8 9 5 10 7 

1957 3126622951682017930 2 7
7 10 2 9 5 0 8 
10 7 2 9 5 0 8 

1955 1889100357390532781 2 7
7 10 1 5 9 0 8 
10 7 1 5 9 0 8 

1970 2235678923294670758 1 7
4 1 8 10 7 5 9 

2001 2407492669102908451 2 7
6 9 4 0 8 7 10 
9 6 4 0 8 7 10 

2004 12792932834024184849 1 7
2 9 6 8 4 7 10 

2002 13587390993461145709 1 7
1 6 9 4 8 7 10 

1987 15519037898550340074 1 7
6 1 9 7 10 0 8 

1989 15284181572823561920 1 7
6 2 9 7 10 0 8 

1941 12494563176228804874 2 7
2 9 4 10 7 0 8 
9 2 4 10 7 0 8 

1990 8590652969317106716 1 7
6 8 9 7 10 2 1 

1939 12207374811601836143 1 7
1 9 4 7 10 0 8 

1942 13880153794200373164 1 7
9 4 8 2 1 10 7 

1927 12992220457189853008 2 7
7 10 9 2 1 0 8 
10 7 9 2 1 0 8 

1906 12941134667217367565 1 7
4 10 6 8 1 5 9 

1905 5914005743976938026 1 7
6 4 10 5 9 0 8 

1843 11602238446324929759 4 7
4 10 1 5 9 0 8 
4 10 1 9 5 8 0 
10 4 1 5 9 0 8 
10 4 1 9 5 8 0 

1908 200417104008769513 1 7
4 10 6 8 2 5 9 

1893 16437049839355400775 2 7
6 10 2 0 8 5 9 
10 6 2 0 8 5 9 

1891 11190741887837961175 2 7
6 10 1 0 8 5 9 
10 6 1 0 8 5 9 

1845 2130523262530272504 4 7
4 10 2 9 5 8 0 
4 10 2 9 5 0 8 
10 4 2 9 5 8 0 
10 4 2 9 5 0 8 

1894 9088926415614348815 2 7
6 10 8 2 1 5 9 
10 6 8 2 1 5 9 

1877 15516466194950436883 4 7
6 2 9 4 10 8 0 
6 4 10 2 9 0 8 
6 9 2 10 4 0 8 
6 10 4 9 2 8 0 

1846 13533511182620967307 2 7
4 10 8 9 5 2 1 
10 4 8 9 5 2 1 

1863 7884290749904654455 2 7
6 10 9 1 2 0 8 
10 6 9 1 2 0 8 

1815 7905596611088359903 2 7
4 10 9 2 1 0 8 
10 4 9 2 1 0 8 

1875 3723697099515711298 1 7
6 1 9 4 10 0 8 

1878 4391569819468143207 1 7
10 4 6 8 9 2 1 

1769 1982194317763814046 1 7
3 0 6 9 5 10 7 

1784 12017354378519945745 1 7
6 3 4 9 5 10 7 

1770 6311052650398107218 1 7
3 1 6 7 10 5 9 

1722 6482997874386300402 2 7
1 5 9 7 10 4 3 
1 5 9 10 7 3 4 

1772 3108534058597858692 1 7
2 3 6 9 5 10 7 

1721 11252041732076012445 4 7
5 9 0 7 10 4 3 
5 9 0 10 7 3 4 
9 5 0 7 10 4 3 
9 5 0 10 7 3 4 

1724 613910727236975011 2 7
2 9 5 7 10 4 3 
2 9 5 10 7 3 4 

1710 14985942377413327506 1 7
3 7 10 9 5 2 1 

4064 2976070797208670928 1 7
8 11 6 10 7 9 5 

1707 6494067337864635359 1 7
3 1 0 7 10 5 9 

1709 1354904346865036805 1 7
2 3 0 9 5 7 10 

1753 4784444777600698616 2 7
6 9 0 3 4 7 10 
9 6 0 3 4 7 10 

1754 11607039953876952023 1 7
9 1 6 7 10 3 4 

1756 15235939146142051418 1 7
9 2 6 7 10 3 4 

1741 7107604936452161011 1 7
2 9 6 0 3 7 10 

1693 959590865827104827 4 7
2 9 0 7 10 4 3 
2 9 0 10 7 3 4 
9 2 0 7 10 4 3 
9 2 0 10 7 3 4 

1739 7449560050001567951 1 7
1 6 9 3 0 7 10 

1742 9411052771645114773 1 7
9 3 6 7 10 2 1 

4036 17527958712458322195 1 7
2 8 9 6 11 10 7 

1679 10679435679392283830 1 7
9 3 0 2 1 7 10 

1694 13664870678758505683 2 7
9 7 10 2 1 4 3 
9 10 7 2 1 3 4 

4048 16142478636245443189 1 7
8 4 9 6 11 10 7 

1691 18417778804270093182 2 7
1 9 0 7 10 3 4 
1 9 0 10 7 4 3 

1658 17077568314143640325 1 7
10 1 6 5 9 3 4 

1660 17663961289302406696 1 7
10 2 6 5 9 3 4 

1657 18376439866935348871 1 7
6 0 10 5 9 4 3 

4002 1852267375401022859 1 7
1 8 11 10 7 5 9 

1645 3026384484190424476 1 7
3 6 10 2 0 5 9 

1646 16132495102253768160 1 7
10 3 6 5 9 2 1 

1597 3714349541904560210 1 7
10 2 0 4 3 9 5 

3940 12185546273954284011 1 7
8 2 10 11 6 5 9 

1583 8444479926151203234 2 7
3 10 0 9 5 2 1 
10 3 0 9 5 2 1 

3952 7149882700669710016 1 7
4 8 10 11 6 5 9 

1595 18094858067895849732 1 7
10 1 0 4 3 9 5 

1598 8075316208296581392 1 7
10 9 5 4 3 2 1 

1630 1243749151441474102 2 7
9 10 6 4 3 2 1 
10 9 6 4 3 2 1 

1627 15535047102716530029 1 7
9 1 6 0 10 4 3 

3986 2245771621867632283 2 7
1 9 11 8 4 10 7 
1 11 9 4 8 10 7 

1629 13115844234467047054 1 7
9 10 0 6 2 4 3 

1777 1508963264200138953 1 7
4 0 6 5 9 7 10 

3924 16718407513123548529 1 7
8 9 10 2 4 11 6 

1567 542290132204675197 1 7
9 10 0 2 1 4 3 

1778 17288970053834303224 1 7
4 1 6 10 7 9 5 

1780 10329986031037838717 1 7
2 4 6 9 5 10 7 

1763 14228972448443735652 1 7
1 0 6 10 7 9 5 

1765 7241927790159800890 1 7
2 0 6 7 10 5 9 

1766 5700754127996915879 1 7
6 2 1 7 10 5 9 

1717 1354904346865036805 1 7
2 4 0 9 5 10 7 

1718 14985942377413327506 1 7
4 10 7 9 5 2 1 

1715 6494067337864635359 1 7
4 1 0 10 7 5 9 

1703 10017468841001194945 2 7
7 10 0 9 5 2 1 
10 7 0 9 5 2 1 

1747 3420390881226426514 1 7
1 6 9 4 0 7 10 

1749 12178714249188761640 1 7
2 9 6 0 4 7 10 

1735 7923116950130906573 1 7
6 0 9 7 10 2 1 

1750 3605124132127167036 1 7
9 4 6 7 10 2 1 

1687 10679435679392283830 1 7
9 4 0 2 1 10 7 

1653 8069314065481721848 1 7
4 10 6 0 2 5 9 

4008 2739969094235776643 1 7
3 8 11 5 9 10 7 

1651 27887324543657038 1 7
4 10 6 0 1 5 9 

1654 4171988694211000421 1 7
10 4 6 5 9 2 1 

1639 10302589400236867329 2 7
6 10 0 2 1 5 9 
10 6 0 2 1 5 9 

1591 7832260725575986365 2 7
4 10 0 9 5 2 1 
10 4 0 9 5 2 1 

3980 1401532825154414095 1 7
2 9 11 8 3 10 7 

1623 3667011104496334232 2 7
10 4 6 0 9 2 1 
10 9 0 6 4 2 1 

1514 9667538780252830030 1 7
1 5 6 8 3 10 7 

1513 8299805041045181514 2 7
5 6 3 0 8 10 7 
6 5 3 0 8 10 7 

3810 6067649989996502416 1 7
1 10 7 5 9 6 11 

1453 2836222291716205707 2 7
2 5 3 10 7 0 8 
5 2 3 10 7 0 8 

1466 7752547688379752358 2 7
1 5 8 7 10 3 4 
1 5 8 10 7 4 3 

1454 6151237506866755494 1 7
5 3 8 1 2 10 7 

1498 13750164560135145925 1 7
1 6 8 7 10 4 3 

1483 8418357587372776931 1 7
1 6 3 10 7 0 8 

1402 9572059805248137045 1 7
5 6 1 10 8 4 3 

1401 8451705706309762618 2 7
5 6 10 0 8 3 4 
6 5 10 0 8 3 4 

3747 4157929410357585039 1 7
1 0 11 10 7 5 9 

1390 11087907842125856492 1 7
10 5 8 6 3 1 2 

3698 8025157878236579220 1 7
4 1 10 5 9 11 6 

1341 806181063518107653 2 7
2 5 10 3 4 0 8 
5 2 10 3 4 0 8 

1342 8961168983839208473 1 7
5 10 8 1 2 3 4 

3731 7145822464682013201 1 7
1 9 11 0 4 10 7 

1374 3989012667593766822 2 7
8 10 6 1 2 4 3 
10 8 6 1 2 4 3 

1371 6106431751998400939 1 7
1 6 10 0 8 4 3 

1522 11855369196347190460 2 7
1 5 6 8 4 10 7 
1 6 5 4 8 10 7 

3878 11649733485454787498 2 7
10 11 8 2 1 9 5 
11 10 8 2 1 9 5 

1521 4459745480840334270 2 7
5 6 4 0 8 10 7 
6 5 4 0 8 10 7 

3866 10747881486234412818 2 7
9 11 1 10 8 4 3 
9 11 1 10 8 3 4 

1509 15661931626559248078 1 7
6 2 5 10 7 0 8 

1507 7854105341581481381 1 7
6 1 5 10 7 0 8 

1510 10474361751192584542 1 7
6 8 5 10 7 1 2 

1447 2004459528174671221 2 7
7 10 5 1 2 8 0 
10 7 5 1 2 8 0 

3816 15122969542805620468 2 7
3 9 5 7 10 6 11 
3 9 5 6 11 7 10 

1459 15810498830418914976 1 7
1 5 4 7 10 8 0 

1461 2836222291716205707 2 7
2 5 4 7 10 0 8 
5 2 4 7 10 0 8 

1462 6151237506866755494 1 7
5 4 8 1 2 7 10 

1479 4000352524374498195 1 7
6 10 7 1 2 0 8 

1491 12529491862243153952 1 7
1 6 4 10 7 0 8 

3851 6049837427913083020 1 7
11 9 1 10 3 0 8 

1494 6151237506866755494 1 7
6 8 4 1 2 7 10 

3788 2861835801843082117 1 7
2 3 9 7 10 11 6 

1431 12607420991307299005 1 7
1 2 4 7 10 0 8 

3754 11098462917605584056 1 7
3 1 11 7 10 9 5 

1397 7178252215821742013 2 7
6 5 2 10 4 0 8 
6 10 4 5 2 0 8 

3740 7567603076665947383 1 7
9 2 11 10 7 3 4 

1383 2786485051918996364 2 7
6 10 5 1 2 0 8 
10 6 5 1 2 0 8 

1398 17459827590965194272 2 7
10 5 8 6 4 1 2 
10 6 4 5 8 1 2 

3692 8712071883510829542 1 7
3 2 10 5 9 11 6 

1335 2624412530652846425 2 7
4 10 5 1 2 8 0 
10 4 5 1 2 8 0 

3630 179817773695378522 1 7
10 3 11 9 5 2 1 

1273 16303863572340113795 2 7
5 6 0 4 3 10 7 
6 5 0 4 3 10 7 

1274 12804723998824701978 1 7
5 1 6 10 7 4 3 

1259 4681450536706415168 1 7
1 6 5 3 0 10 7 

1213 12248399749610880552 4 7
2 5 0 7 10 3 4 
2 5 0 10 7 4 3 
5 2 0 7 10 3 4 
5 2 0 10 7 4 3 

3568 7084678826508085132 1 7
8 4 5 11 6 10 7 

1211 8345362129431485335 2 7
1 5 0 7 10 3 4 
1 5 0 10 7 4 3 

1214 17671326339807976825 2 7
5 7 10 1 2 3 4 
5 10 7 1 2 4 3 

3556 1238342996857000934 1 7
8 2 5 10 7 11 6 

1199 810851565162478721 1 7
5 3 0 1 2 10 7 

1243 3787888159861231014 1 7
1 6 0 10 7 4 3 

3540 8037050199698154096 1 7
8 2 4 7 10 11 6 

1183 13402351680327620334 2 7
1 2 0 7 10 3 4 
1 2 0 10 7 4 3 

1231 7313567337448132789 1 7
6 0 3 1 2 10 7 

1150 3710670933845439306 2 7
5 10 6 1 2 4 3 
10 5 6 1 2 4 3 

3506 5074577962867765474 1 7
1 5 11 8 4 7 10 

1149 7631385227677208540 1 7
5 10 0 6 2 3 4 

3444 17226795455786690313 1 7
8 5 10 2 4 6 11 

1087 7611896737430723694 1 7
10 5 0 3 4 1 2 

3627 10618244662584300532 1 7
3 10 11 0 1 9 5 

1270 10474361751192584542 1 7
5 4 6 10 7 1 2 

1207 810851565162478721 1 7
5 4 0 1 2 7 10 

1239 1607045571089280915 1 7
6 0 4 1 2 10 7 

3500 3168565794084234490 1 7
2 11 5 3 8 7 10 

1143 17213762424136915805 1 7
10 6 4 5 0 1 2 

1002 3926539072428500554 1 7
3 6 7 1 8 9 5 

3373 8915708068910519125 1 7
11 10 3 5 2 0 8 

1016 8787270469437302371 1 7
6 8 7 9 5 3 4 

3358 3484131212824512645 2 7
8 10 11 1 2 4 3 
10 8 11 1 2 4 3 

1001 14174508403677733689 2 7
6 3 7 9 5 8 0 
6 3 7 9 5 0 8 

953 16848145487141625867 2 7
5 9 7 3 4 0 8 
9 5 7 3 4 0 8 

954 17421481830044612826 1 7
7 1 8 3 4 5 9 

3299 12991250516945989356 1 7
1 0 5 6 11 7 10 

942 13533511182620967307 2 7
3 7 8 9 5 2 1 
7 3 8 9 5 2 1 

3313 17636633657389535752 1 7
0 4 5 11 6 10 7 

956 2642852204107248689 1 7
7 2 8 3 4 9 5 

988 9970367011532083032 1 7
9 7 8 6 2 3 4 

3343 2025771711616491116 1 7
10 11 3 0 8 1 2 

986 3793574933940454679 1 7
9 6 1 7 8 3 4 

971 12311457780196026140 1 7
6 9 1 7 3 0 8 

3283 3494459421509119794 1 7
1 0 4 6 11 10 7 

926 8337278457726154503 1 7
9 7 8 2 1 3 4 

3246 11965235968888620189 1 7
5 3 11 7 10 1 2 

889 10247635640396654423 2 7
6 5 9 3 4 8 0 
6 9 5 3 4 0 8 

875 6001407031698658187 4 7
3 6 1 5 9 0 8 
3 6 1 9 5 8 0 
6 3 1 5 9 0 8 
6 3 1 9 5 8 0 

890 15700660532965085521 1 7
6 8 1 3 4 5 9 

859 14343884079878075890 1 7
6 9 1 4 3 0 8 

995 15199112690836735227 2 7
6 7 1 8 0 9 5 
7 6 1 8 0 9 5 

3367 18188940569822481405 2 7
10 11 5 1 2 8 0 
11 10 5 1 2 8 0 

1010 8791000288767870384 1 7
4 6 7 1 8 9 5 

3355 17719205941337445004 1 7
1 11 10 0 8 3 4 

998 5862652354850848953 2 7
6 7 8 2 1 9 5 
7 6 8 2 1 9 5 

950 5549345841398988871 2 7
4 7 8 5 9 2 1 
7 4 8 5 9 2 1 

3306 185929200193643862 1 7
1 3 5 10 7 11 6 

949 17000126974545125764 4 7
4 7 2 5 9 0 8 
4 7 2 9 5 0 8 
7 4 2 5 9 0 8 
7 4 2 9 5 0 8 

979 7550356380942034231 1 7
6 9 1 7 4 0 8 

967 9738553265618176853 2 7
6 7 9 2 1 0 8 
7 6 9 2 1 0 8 

3243 4811166668043917747 1 7
1 5 11 0 3 7 10 

886 4973196326220219253 2 7
4 6 8 5 9 2 1 
6 4 8 5 9 2 1 

3119 14600833379585023566 2 7
10 0 5 3 11 1 2 
10 11 3 5 0 1 2 

762 4985352614879021968 1 7
7 1 6 9 5 3 4 

747 7017329338628635636 1 7
3 6 7 1 0 9 5 

701 3714349541904560210 1 7
7 2 0 3 4 9 5 

3056 13351707223128918369 1 7
4 8 7 11 6 9 5 

699 18094858067895849732 1 7
7 1 0 3 4 9 5 

702 8075316208296581392 1 7
7 9 5 3 4 2 1 

3044 3241053564893563653 1 7
8 2 7 6 11 5 9 

687 7832260725575986365 2 7
3 7 0 9 5 2 1 
7 3 0 9 5 2 1 

731 4821792690327795294 1 7
9 6 1 7 0 3 4 

733 4493757905683523927 1 7
9 7 0 6 2 3 4 

719 10466026188487339848 1 7
7 9 0 6 3 2 1 

3028 4099823685283029850 1 7
8 7 9 4 2 6 11 

671 542290132204675197 1 7
9 7 0 2 1 3 4 

638 13473695972621567738 2 7
5 9 6 3 4 2 1 
9 5 6 3 4 2 1 

2994 2798144296889058885 1 7
4 7 11 8 1 5 9 

637 6424682233239908404 1 7
6 0 2 3 4 5 9 

755 4191240608468639470 1 7
4 6 7 1 0 9 5 

743 1889378510224337393 2 7
6 7 0 2 1 9 5 
7 6 0 2 1 9 5 

695 8444479926151203234 2 7
4 7 0 9 5 2 1 
7 4 0 9 5 2 1 

727 10220331065013899162 2 7
7 6 4 9 0 2 1 
7 9 0 6 4 2 1 

493 790516843372801578 8 7
6 2 5 3 7 0 8 
6 2 5 3 7 8 0 
6 3 7 2 5 0 8 
6 3 7 2 5 8 0 
6 5 2 7 3 0 8 
6 5 2 7 3 8 0 
6 7 3 5 2 0 8 
6 7 3 5 2 8 0 

2988 8069314065481721848 1 7
3 7 11 8 2 5 9 

631 4973196326220219253 2 7
4 6 0 9 5 2 1 
6 4 0 9 5 2 1 

506 11405069724432465877 1 7
5 1 6 8 7 4 3 

2862 16403411110729862124 2 7
3 11 8 5 9 2 1 
11 3 8 5 9 2 1 

505 14928021070156645716 2 7
5 6 7 0 8 4 3 
6 5 7 0 8 4 3 

491 1869138470223302706 1 7
6 1 5 3 7 8 0 

494 9088378404043506562 1 7
7 8 5 3 6 1 2 

2802 17961064304286852285 1 7
4 1 7 9 5 11 6 

445 806181063518107653 2 7
2 5 7 4 3 0 8 
5 2 7 4 3 0 8 

446 8961168983839208473 1 7
5 7 8 1 2 4 3 

475 16708297363107831634 1 7
1 6 7 8 0 4 3 

463 7554922470657225805 1 7
6 7 3 1 2 8 0 

2739 10029087964523770780 1 7
4 7 11 0 1 5 9 

382 15502767506277944828 2 7
5 8 6 4 3 1 2 
8 5 6 4 3 1 2 

2859 11620276684306055664 4 7
3 11 1 5 9 0 8 
3 11 1 9 5 8 0 
11 3 1 5 9 0 8 
11 3 1 9 5 8 0 

502 13446285156585934225 4 7
7 4 6 8 5 1 2 
7 5 8 6 4 1 2 
7 6 4 5 8 1 2 
7 8 5 4 6 1 2 

2796 7267159889523225017 1 7
3 2 7 9 5 11 6 

439 5118619019778815724 2 7
4 7 5 1 2 8 0 
7 4 5 1 2 8 0 

471 6511922399438891192 1 7
6 7 4 1 2 8 0 

239 3386203181071431817 4 7
7 3 6 0 5 1 2 
7 5 0 6 3 1 2 
7 6 3 5 0 1 2 
7 0 5 3 6 1 2 

223 15228220886191353678 2 7
0 7 6 1 2 4 3 
7 0 6 1 2 4 3 

2548 17593880147812590332 1 7
8 5 7 2 4 11 6 

191 7611896737430723694 1 7
7 5 0 4 3 1 2 

1493 15187675545865622601 2 7
2 6 4 7 10 0 8 
6 2 4 7 10 0 8 

3850 894128916224563766 2 6
9 11 1 10 8 3 
11 9 1 10 3 8 

3880 9427137380926696412 1 6
3 8 11 10 9 5 

3849 12579736834492661208 2 6
9 11 3 10 0 8 
11 9 3 10 0 8 

1643 10102141237770777425 1 7
3 6 10 1 0 5 9 

4000 228886432630754108 1 6
8 11 5 9 10 7 

3969 6851665522215022876 2 6
9 11 0 8 10 7 
11 9 0 8 10 7 

1615 8584279945010777553 1 7
10 0 9 3 6 1 2 

3972 8474448656640298980 1 6
2 8 11 9 10 7 

3874 17182521543663388840 2 6
10 11 1 8 9 5 
11 10 1 8 9 5 

3888 16042792935738513488 1 6
4 8 11 10 9 5 

3873 4922507930128540092 2 6
10 11 0 8 9 5 
11 10 0 8 9 5 

3876 14876265922522155066 2 6
10 11 2 8 9 5 
11 10 2 8 9 5 

3905 2331148041555467622 1 6
10 9 0 8 11 6 

3858 894128916224563766 2 6
9 11 1 10 8 4 
11 9 1 10 4 8 

3860 7398374971506817295 2 6
9 10 8 11 2 4 
10 9 8 11 4 2 

3857 2324277069021529459 2 6
9 11 4 10 0 8 
11 9 4 10 0 8 

3845 2324277069021529459 2 6
10 11 2 9 0 8 
11 10 2 9 0 8 

1486 427096984953766164 1 7
6 8 3 1 2 7 10 

3843 5280860697878539178 2 6
10 11 1 9 0 8 
11 10 1 9 0 8 

3846 5471784236514382057 2 6
10 11 8 9 1 2 
11 10 8 9 1 2 

1395 7981496772360627962 1 7
6 10 4 5 1 0 8 

3752 3667318977014594144 1 6
3 11 5 9 10 7 

3721 5026704390115173931 2 6
9 11 0 3 10 7 
11 9 0 3 10 7 

1367 4742558545631127971 1 7
6 10 4 1 2 0 8 

3724 3981855511951066848 1 6
2 3 9 11 10 7 

3625 14889661251320877510 1 6
3 0 11 10 9 5 

3640 13680818768124048764 1 6
10 11 4 3 9 5 

3628 14786723416237534500 1 6
3 2 10 11 9 5 

1269 2890409119476510225 1 7
2 6 5 4 0 10 7 

3626 11818401300566085029 1 6
3 1 10 11 9 5 

3658 6447062935767460188 2 6
9 10 1 3 11 6 
10 9 1 3 11 6 

3657 10024638485048704953 1 6
0 3 9 10 11 6 

3672 10040918559145076014 2 6
9 10 4 3 11 6 
10 9 4 3 11 6 

3609 7229693052436036881 2 6
9 11 0 10 4 3 
11 9 0 10 4 3 

1255 3083811641562582589 1 7
6 0 5 10 7 1 2 

3612 16924807556073247212 2 6
9 10 2 11 4 3 
10 9 2 11 4 3 

3598 5471784236514382057 2 6
9 10 3 11 1 2 
10 9 3 11 1 2 

3597 721567918945105645 1 6
10 11 3 9 0 2 

1451 15810498830418914976 1 7
1 5 3 10 7 8 0 

3808 14305223650127708032 2 6
10 11 9 5 6 7 
11 10 9 5 7 6 

3760 2340792733017509552 1 6
4 11 5 9 10 7 

1389 15198404614579742894 1 7
6 10 3 5 2 0 8 

3746 7743820465003412350 1 6
1 11 10 7 5 9 

3748 3228003111499630368 1 6
2 11 10 7 5 9 

3745 9771993654079537190 1 6
0 11 10 7 5 9 

3777 11459271281907455571 1 6
0 9 11 6 7 10 

1435 8850836636385978914 2 7
1 7 10 0 8 3 4 
1 10 7 0 8 4 3 

3792 13335683540184210960 1 6
4 9 6 11 10 7 

1423 12607420991307299005 1 7
1 2 3 10 7 0 8 

3780 10075217038068057260 1 6
2 9 7 10 11 6 

3778 1906625612717512666 1 6
1 9 7 10 11 6 

3729 934506192799863184 2 6
9 11 0 4 10 7 
11 9 0 4 10 7 

3732 2124687912355050198 1 6
2 4 9 11 10 7 

1373 1826791289190916437 2 7
2 6 10 0 8 3 4 
6 2 10 0 8 3 4 

3730 18459451929228726 1 6
1 4 9 11 10 7 

3717 12411603652565823463 1 6
2 0 11 9 10 7 

3718 2832195783965430886 1 6
9 11 2 1 10 7 

1339 18387145894253066906 1 7
1 5 10 3 4 8 0 

3696 10463800050261607266 1 6
4 10 5 9 11 6 

3681 10837330677884187427 1 6
0 10 11 6 5 9 

3636 13223235798979867879 1 6
4 2 10 11 9 5 

1327 5118619019778815724 2 7
3 10 5 1 2 8 0 
10 3 5 1 2 8 0 

3684 5425057360965473451 1 6
2 10 5 9 11 6 

3633 16124656881005791225 1 6
4 0 11 10 9 5 

1262 8936971331823448351 1 7
5 3 6 10 7 1 2 

3619 1587345131158029282 2 6
10 11 1 0 9 5 
11 10 1 0 9 5 

3621 5893259378582699617 2 6
10 11 2 0 9 5 
11 10 2 0 9 5 

3634 9227453977726319655 1 6
4 1 10 11 9 5 

3666 3337949859565315582 2 6
9 10 1 4 11 6 
10 9 1 4 11 6 

1311 17808979803283607713 1 7
1 2 10 0 8 3 4 

3668 7629236596355418043 2 6
9 10 4 2 11 6 
10 9 4 2 11 6 

3665 13826904543381800561 1 6
0 4 9 10 11 6 

3653 4899037967833070423 1 6
0 2 10 9 11 6 

3651 17621281907415509717 1 6
0 1 10 9 11 6 

3605 5981837856349319869 2 6
9 10 0 11 2 4 
10 9 0 11 4 2 

3654 11425738294209153117 2 6
9 10 1 2 11 6 
10 9 1 2 11 6 

1246 17434060899288774955 2 7
7 10 6 1 2 4 3 
10 7 6 1 2 4 3 

3603 5189657030956307605 1 6
9 11 1 10 0 4 

3384 1184509719763002632 2 6
5 11 8 10 4 3 
11 5 8 10 4 3 

1012 11297593605438935125 1 7
4 6 7 2 8 9 5 

3369 12216236925529264147 2 6
5 11 3 10 0 8 
11 5 3 10 0 8 

3372 15996805703364594649 2 6
5 11 2 10 8 3 
11 5 2 10 3 8 

3370 12015939452340416881 1 6
1 5 11 8 3 10 

3416 11800164316089964137 4 6
8 10 6 11 4 3 
8 10 11 6 4 3 
10 8 6 11 4 3 
10 8 11 6 4 3 

3402 4625280432573468866 4 6
8 10 1 3 6 11 
8 10 1 3 11 6 
10 8 1 3 6 11 
10 8 1 3 11 6 

3401 16591009235813884407 2 6
10 3 6 11 0 8 
10 3 11 6 0 8 

3356 13737960649418383150 4 6
2 11 8 10 4 3 
2 11 10 8 4 3 
11 2 8 10 4 3 
11 2 10 8 4 3 

997 10366252586600463738 4 7
6 7 2 0 8 9 5 
6 7 2 8 0 9 5 
7 6 2 0 8 9 5 
7 6 2 8 0 9 5 

3354 12801063352477278406 4 6
1 11 8 10 4 3 
1 11 8 10 3 4 
1 11 10 8 4 3 
1 11 10 8 3 4 

982 13544867990903566701 1 7
7 6 4 9 8 2 1 

3339 12277088142307780992 1 6
1 11 10 3 0 8 

1147 15814498555483964621 1 7
5 6 1 10 0 4 3 

3504 18168138073173508009 4 6
5 11 8 4 7 10 
5 11 4 8 7 10 
11 5 8 4 7 10 
11 5 4 8 7 10 

985 17879916022755688341 2 7
6 9 7 3 4 0 8 
9 6 7 3 4 0 8 

3342 5150190477199881336 2 6
8 10 11 3 1 2 
10 8 11 3 1 2 

3489 14519144656496537617 2 6
5 11 0 8 7 10 
11 5 0 8 7 10 

1764 15118142179685797106 1 6
2 6 7 10 5 9 

1776 3474373843633548201 1 6
4 6 9 5 10 7 

2885 3034196000402880683 2 6
9 2 6 11 0 8 
9 2 11 6 0 8 

2993 2922109386415847600 1 7
11 4 7 5 9 8 0 

636 6922104908881170170 2 6
6 2 5 9 3 4 
6 2 9 5 3 4 

1745 15943038353655707021 2 6
6 9 0 4 7 10 
9 6 0 4 7 10 

1730 6742107091743461499 1 5
1 6 9 7 10 

2837 7793698474169151636 2 6
4 11 9 2 0 8 
11 4 9 2 0 8 

739 9432611535334791145 2 6
6 7 1 0 9 5 
7 6 1 0 9 5 

1848 5032884347670620702 2 6
10 8 5 9 4 3 
10 8 9 5 4 3 

741 12716338820689827872 2 6
6 7 2 0 9 5 
7 6 2 0 9 5 

3048 6720483693982330673 1 7
3 8 7 6 11 5 9 

691 13080078103824358679 2 6
4 7 1 0 9 5 
7 4 1 0 9 5 

694 8653930678206899104 2 6
4 7 5 9 2 1 
7 4 5 9 2 1 

2912 12945429956835806730 2 5
8 6 11 5 9 
8 11 6 5 9 

1803 14495165734689992369 2 6
1 9 3 10 0 8 
1 9 10 3 0 8 

1708 13740381302636371033 1 6
2 3 9 5 7 10 

1736 7809369332903029310 2 5
3 6 9 7 10 
3 9 6 7 10 

2846 17743332602856593697 2 7
8 9 11 4 3 1 2 
9 8 11 4 3 1 2 

489 18374469460899010481 4 6
5 6 3 7 0 8 
5 6 3 7 8 0 
6 5 3 7 0 8 
6 5 3 7 8 0 

2707 18107981194733066313 1 6
1 0 4 9 11 7 

490 8026211141234607907 1 6
1 8 3 5 6 7 

351 3889227272285788524 2 7
6 0 8 1 2 4 3 
6 8 0 1 2 4 3 

2708 10535858816521210636 4 5
2 4 7 9 11 
2 4 9 7 11 
4 2 7 9 11 
4 2 9 7 11 

442 10896683667660515440 1 6
1 5 7 8 4 3 

2660 10435594593876979021 4 5
2 5 9 6 11 
2 5 9 11 6 
2 9 5 6 11 
2 9 5 11 6 

1551 10366643756561334419 2 6
3 10 9 0 1 2 
10 3 9 0 1 2 

2787 14639569137613759844 1 7
0 1 7 6 11 5 9 

430 2554518180061172985 2 6
3 7 5 8 1 2 
7 3 5 8 1 2 

459 1873986830483585046 1 6
1 6 7 3 8 0 

2617 3074579382010762801 1 6
11 0 9 5 4 3 

462 11502892146728214250 2 6
7 8 6 3 1 2 
8 7 6 3 1 2 

2680 16780841274180610127 2 6
5 9 6 11 3 4 
9 5 6 11 3 4 

2734 6126480755782589685 1 7
7 3 11 5 9 2 1 

377 11492665961789889718 2 6
5 6 0 8 4 3 
6 5 0 8 4 3 

363 14912479212434586103 2 6
3 6 5 1 8 0 
6 3 5 1 8 0 

2581 15476917387195100497 4 5
4 11 0 9 2 
4 11 9 0 2 
11 4 9 0 2 
11 4 0 9 2 

1475 11894448838524423525 1 6
1 6 10 7 0 8 

335 11164089421925063616 4 6
3 6 0 8 1 2 
3 6 8 0 1 2 
6 3 0 8 1 2 
6 3 8 0 1 2 

1594 10673322300694991893 1 6
10 1 5 9 4 3 

2843 5227050061881234316 1 7
9 11 1 0 8 4 3 

486 11674808993494319662 2 6
6 7 8 5 1 2 
7 6 8 5 1 2 

483 16571766040024251011 2 6
6 7 1 5 8 0 
7 6 1 5 8 0 

1592 5799085166765911358 2 5
10 5 9 4 3 
10 9 5 4 3 

2701 16425740347020813734 4 6
3 2 0 11 7 9 
3 7 11 0 2 9 
9 2 11 0 7 3 
9 7 0 11 2 3 

455 8423441289691402312 2 6
6 7 1 2 8 0 
7 6 1 2 8 0 

3921 13782232241244695930 1 7
9 4 10 11 6 0 8 

1564 11302004251299100924 6 5
2 9 10 4 3 
2 10 9 4 3 
9 2 10 4 3 
9 10 2 4 3 
10 9 2 4 3 
10 2 9 4 3 

2673 13438120459202960891 1 6
4 0 11 6 9 5 

2607 16403411110729862124 2 7
3 11 0 9 5 2 1 
11 3 0 9 5 2 1 

250 17876556940503116082 2 6
5 7 1 6 4 3 
7 5 1 6 4 3 

219 9620558964904336717 2 6
1 6 0 7 4 3 
1 6 7 0 4 3 

2437 12786866701162581528 6 5
2 7 11 8 0 
2 11 7 8 0 
7 2 11 8 0 
7 11 2 8 0 
11 2 7 8 0 
11 7 2 8 0 

1354 3121480572887662773 2 5
1 6 8 10 3 
1 6 10 8 3 

1355 8892789408186070981 1 6
1 6 10 3 0 8 

231 5150190477199881336 2 6
6 7 0 5 1 2 
7 6 0 5 1 2 

1865 5812757458389724994 2 6
6 9 3 10 0 8 
9 6 3 10 0 8 

215 10366643756561334419 2 6
0 7 6 4 1 2 
7 0 6 4 1 2 

347 9367060219415214554 2 6
1 6 0 8 4 3 
1 6 8 0 4 3 

3593 9929760961608965616 2 5
9 11 0 3 10 
11 9 0 3 10 

127 16446961115542841489 2 7
0 5 6 4 3 1 2 
5 0 6 4 3 1 2 

2484 7206314810109174200 1 6
11 5 2 7 4 8 

1558 961201021267022662 6 5
4 9 10 2 1 
4 10 9 2 1 
9 4 10 2 1 
9 10 4 2 1 
10 4 9 2 1 
10 9 4 2 1 

3936 16714298363791417182 1 6
8 10 11 6 5 9 

1579 13080078103824358679 2 6
3 10 1 0 9 5 
10 3 1 0 9 5 

1359 2098362418067434987 1 7
10 6 3 0 8 1 2 

3716 5381748816758556344 1 5
2 9 11 10 7 

2589 18431326151362808386 2 6
0 9 11 2 4 3 
9 0 11 2 4 3 

3617 18058019005890316969 2 5
0 10 11 9 5 
0 11 10 9 5 

1446 5971368530762075159 2 6
5 8 7 10 1 2 
5 8 10 7 1 2 

3604 13081877757709675799 4 5
9 10 2 4 11 
9 10 4 2 11 
10 9 4 2 11 
10 9 2 4 11 

1386 3437595073921271079 1 6
5 10 8 6 1 3 

3601 14437698087068113753 2 5
9 11 0 4 10 
11 9 0 4 10 

1245 15129102941681103959 2 7
2 6 0 10 7 4 3 
6 2 0 10 7 4 3 

3602 64884230381840168 2 5
9 10 1 4 11 
10 9 1 4 11 

3590 10853062808070083971 6 5
9 10 11 1 2 
9 11 10 1 2 
10 9 11 1 2 
10 11 9 1 2 
11 9 10 1 2 
11 10 9 1 2 

2481 17901894360555255129 2 6
5 11 4 7 8 0 
11 5 4 7 8 0 

3589 14437698087068113753 2 5
10 11 0 2 9 
11 10 0 2 9 

123 5221946743999863856 2 6
0 5 6 1 4 3 
5 0 6 1 4 3 

2480 9640475276072804960 4 5
5 11 8 4 7 
5 11 4 8 7 
11 5 8 4 7 
11 5 4 8 7 

3020 4666105261734587254 1 7
8 7 9 3 2 6 11 

663 10366643756561334419 2 6
4 7 9 0 1 2 
7 4 9 0 1 2 

2881 8369403303080633850 2 5
9 6 11 0 8 
9 11 6 0 8 

3368 12090042794949843262 4 5
5 11 8 3 10 
5 11 3 8 10 
11 5 8 3 10 
11 5 3 8 10 

2259 32255994812535087 2 6
0 7 1 4 6 11 
7 0 1 4 6 11 

633 11979678626195039603 1 6
6 0 5 9 3 4 

981 17722917617357879028 1 7
6 7 4 9 2 0 8 

3338 3121480572887662773 2 5
1 11 8 10 3 
1 11 10 8 3 

2229 7360110761625409542 2 6
7 11 4 5 0 2 
11 7 4 5 2 0 

3599 5162984543546856962 1 7
10 9 0 11 3 1 2 

1242 5450831479041877124 2 6
1 6 7 10 4 3 
1 6 10 7 4 3 

1862 5150190477199881336 2 6
6 10 8 9 1 2 
10 6 8 9 1 2 

2349 17679276914396844753 2 6
3 11 5 2 8 0 
11 3 5 2 8 0 

3376 15476917387195100497 4 5
5 11 8 4 10 
5 11 4 8 10 
11 5 8 4 10 
11 5 4 8 10 

3362 10624150834163103597 2 5
1 8 10 11 5 
1 8 11 10 5 

1190 10165954790778367391 2 5
5 7 10 1 2 
5 10 7 1 2 

3348 10535858816521210636 4 5
2 11 8 10 4 
2 11 10 8 4 
11 2 8 10 4 
11 2 10 8 4 

1130 7499074670482379636 2 5
5 10 1 3 6 
10 5 1 3 6 

3346 3121480572887662773 2 5
1 11 8 10 4 
1 11 10 8 4 

2986 13670598355958076426 1 7
3 7 11 8 1 5 9 

629 7083952503225195246 2 6
4 6 0 2 5 9 
6 4 0 2 5 9 

1738 731389700262195614 1 6
1 3 9 6 7 10 

2225 10678555977736241251 2 5
5 11 4 0 7 
11 5 4 0 7 

2163 14704952886234178327 2 6
0 5 4 1 6 11 
5 0 4 1 6 11 

756 1755304287832533859 1 6
4 2 7 6 9 5 

3113 380262724330119809 8 5
0 3 5 11 10 
0 3 11 5 10 
3 0 5 11 10 
3 0 11 5 10 
5 11 0 3 10 
5 11 3 0 10 
11 5 3 0 10 
11 5 0 3 10 

855 16636580347419546896 2 7
4 6 9 0 8 1 2 
6 4 9 0 8 1 2 

3212 18030942448219140192 4 5
2 11 3 10 7 
2 11 3 7 10 
11 2 3 10 7 
11 2 3 7 10 

3351 17544508563851796164 1 7
11 10 4 1 2 0 8 

994 727082528430319405 2 6
6 7 1 8 9 5 
7 6 1 8 9 5 

2103 8778461699417428308 4 6
4 11 0 5 1 2 
4 11 5 0 1 2 
11 4 5 0 1 2 
11 4 0 5 1 2 

883 4906660642938839974 4 7
4 6 1 5 9 0 8 
4 6 1 9 5 8 0 
6 4 1 5 9 0 8 
6 4 1 9 5 8 0 

3240 772591878158278130 2 5
3 5 11 7 10 
3 11 5 7 10 

2101 10535858816521210636 4 5
4 11 0 5 2 
4 11 5 0 2 
11 4 5 0 2 
11 4 0 5 2 

2629 18030942448219140192 4 5
0 9 2 6 11 
0 9 2 11 6 
9 0 2 6 11 
9 0 2 11 6 

3116 10535858816521210636 4 5
5 10 2 3 11 
5 10 3 2 11 
10 5 3 2 11 
10 5 2 3 11 

3176 772591878158278130 2 5
3 5 10 6 11 
3 10 5 6 11 

378 7212762411286634422 2 6
5 8 6 1 4 3 
8 5 6 1 4 3 

1267 7678308044434702335 1 7
1 6 5 4 0 10 7 

3624 486583460746088711 2 5
3 10 11 9 5 
3 11 10 9 5 

726 10519708137868292826 2 6
7 9 4 6 2 1 
9 7 4 6 2 1 

3083 2949191067413363353 2 5
1 11 10 0 3 
1 11 0 10 3 

3248 519885966325719590 2 5
4 5 11 7 10 
4 11 5 7 10 

3236 5060424377040983426 1 5
2 11 5 7 10 

923 6112601702602753923 1 7
1 9 7 4 3 0 8 

3280 14039035254598446197 4 5
4 6 11 10 7 
4 6 11 7 10 
4 11 6 10 7 
4 11 6 7 10 

911 7905596611088359903 2 7
3 7 9 2 1 0 8 
7 3 9 2 1 0 8 

3268 6290546751556126061 2 5
2 7 10 11 6 
2 10 7 11 6 

3220 4907043547180461533 4 5
2 11 4 10 7 
2 11 4 7 10 
11 2 4 10 7 
11 2 4 7 10 

861 15466700752827916144 1 7
6 9 2 4 3 8 0 

3218 8502057116101362362 2 5
1 11 4 10 7 
1 11 4 7 10 

3357 13600937938857824937 2 7
2 11 10 0 8 3 4 
11 2 10 0 8 3 4 

1000 3970075292320049087 1 6
3 8 6 7 9 5 

2109 619306086038861002 2 6
0 5 11 2 4 3 
5 0 11 2 4 3 

3184 16325191593490913287 2 5
4 5 10 6 11 
4 10 5 6 11 

966 6874818738468977972 2 6
6 7 8 9 2 1 
7 6 8 9 2 1 

764 493273878297814088 1 7
7 2 6 9 5 3 4 

3121 10535858816521210636 4 5
5 11 0 4 10 
5 11 4 0 10 
11 5 4 0 10 
11 5 0 4 10 

3650 2382427300992918019 2 5
1 9 10 11 6 
1 10 9 11 6 

2000 14819608545399192732 4 6
6 9 8 4 7 10 
6 9 4 8 7 10 
9 6 8 4 7 10 
9 6 4 8 7 10 

750 3207850932978639627 1 7
7 3 6 9 5 2 1 

3107 2949191067413363353 2 5
1 0 10 11 5 
1 0 11 10 5 

3093 15476917387195100497 4 5
2 11 10 0 4 
2 11 0 10 4 
11 2 10 0 4 
11 2 0 10 4 

1984 6551194977117695935 2 5
8 6 9 7 10 
8 9 6 7 10 

3632 2019193805931054158 1 5
4 10 11 9 5 

734 15719910019080141155 2 7
7 9 6 2 1 3 4 
9 7 6 2 1 3 4 

3091 12594899233611093578 2 5
1 11 10 0 4 
1 11 0 10 4 

3230 6328823117954883919 2 7
7 10 11 1 2 4 3 
10 7 11 1 2 4 3 

873 16746334343583293736 8 6
3 6 5 9 8 0 
3 6 5 9 0 8 
3 6 9 5 8 0 
3 6 9 5 0 8 
6 3 5 9 8 0 
6 3 5 9 0 8 
6 3 9 5 8 0 
6 3 9 5 0 8 

2731 13177381187539539526 1 7
3 7 11 0 1 5 9 

374 13505009678541527835 8 6
4 6 5 8 1 2 
4 6 8 5 1 2 
5 8 4 6 1 2 
5 8 6 4 1 2 
6 4 5 8 1 2 
6 4 8 5 1 2 
8 5 4 6 1 2 
8 5 6 4 1 2 

3620 15134415663736109371 2 5
2 10 11 9 5 
2 11 10 9 5 

2896 14205586631161939149 2 5
8 9 4 6 11 
9 8 4 6 11 

3026 5458971106459801704 1 7
8 7 9 4 1 6 11 

669 13156156264668835770 2 6
2 9 7 0 3 4 
9 2 7 0 3 4 

2833 1031511967050065677 6 5
4 9 11 0 8 
4 11 9 0 8 
9 4 11 0 8 
9 11 4 0 8 
11 4 9 0 8 
11 9 4 0 8 

477 8312182314777364329 2 7
2 6 7 0 8 4 3 
6 2 7 0 8 4 3 

2834 17210811765531201124 8 5
4 11 8 9 1 
4 11 9 8 1 
8 9 4 11 1 
8 9 11 4 1 
9 8 4 11 1 
9 8 11 4 1 
11 4 8 9 1 
11 4 9 8 1 

616 10415580415411436273 4 4
3 6 5 9 
3 6 9 5 
6 3 5 9 
6 3 9 5 

2882 6905500980210171349 4 5
8 9 1 6 11 
8 9 1 11 6 
9 8 1 6 11 
9 8 1 11 6 

2836 10535858816521210636 4 5
4 11 8 9 2 
4 11 9 8 2 
11 4 8 9 2 
11 4 9 8 2 

618 13223691618835591632 4 5
3 6 1 5 9 
3 6 1 9 5 
6 3 1 5 9 
6 3 1 9 5 

2664 5364283337905645733 2 5
3 5 9 6 11 
3 9 5 6 11 

1555 10395592142524153349 2 5
1 9 4 10 0 
1 9 10 4 0 

2794 18430559058067867869 1 7
3 1 7 9 5 11 6 

437 11075476683215937276 4 6
4 7 5 2 0 8 
4 7 2 5 0 8 
7 4 2 5 0 8 
7 4 5 2 0 8 

1546 13265887374582139811 6 4
1 3 9 10 
1 3 10 9 
1 9 3 10 
1 9 10 3 
1 10 9 3 
1 10 3 9 

2601 11224176163157071875 2 5
3 11 0 9 5 
11 3 0 9 5 

2616 1347926021110212520 2 5
11 5 9 4 3 
11 9 5 4 3 

438 11674808993494319662 2 6
4 7 5 8 1 2 
7 4 5 8 1 2 

1547 10624150834163103597 2 5
1 9 3 10 0 
1 9 10 3 0 

245 15996805703364594649 2 6
0 4 2 7 5 6 
4 0 2 7 6 5 

2602 4915435858599941825 4 5
3 11 1 9 5 
3 11 1 5 9 
11 3 1 9 5 
11 3 1 5 9 

3145 16687838575167515665 4 5
0 10 3 6 11 
0 10 3 11 6 
10 0 3 6 11 
10 0 3 11 6 

247 11118397018845686485 1 7
7 4 6 0 5 1 2 

2604 15755789765062091800 4 5
3 11 2 9 5 
3 11 2 5 9 
11 3 2 9 5 
11 3 2 5 9 

3713 10407338556034176081 2 5
0 9 11 10 7 
0 11 9 10 7 

757 10183039194604586988 1 7
4 7 6 0 2 9 5 

3114 2949191067413363353 2 5
1 3 5 10 11 
1 3 10 5 11 

2573 9002550714980698801 8 5
0 9 3 11 2 
0 9 11 3 2 
3 11 0 9 2 
3 11 9 0 2 
9 0 3 11 2 
9 0 11 3 2 
11 3 9 0 2 
11 3 0 9 2 

2625 3284019631358231332 4 4
0 9 6 11 
0 9 11 6 
9 0 6 11 
9 0 11 6 

2571 11771461267371093580 4 5
0 9 3 11 1 
0 9 11 3 1 
9 0 3 11 1 
9 0 11 3 1 

1578 2438562045343841397 2 5
3 10 1 5 9 
10 3 1 5 9 

2633 17929499870500844603 2 5
0 9 3 11 6 
9 0 3 11 6 

2721 15718247968269728054 2 5
0 7 11 5 9 
0 11 7 5 9 

411 4347689214100211039 1 6
1 7 0 8 4 3 

2768 11433547056304466732 2 5
4 7 9 6 11 
4 9 7 6 11 

2754 7923741331514133046 2 5
1 7 9 6 11 
1 9 7 6 11 

2706 3121480572887662773 2 5
1 4 7 9 11 
1 4 9 7 11 

2672 5872022182061752408 2 5
4 5 9 11 6 
4 9 5 11 6 

454 4048996626298085205 6 5
6 7 8 1 2 
6 8 7 1 2 
7 6 8 1 2 
7 8 6 1 2 
8 6 7 1 2 
8 7 6 1 2 

3920 2177117744550645278 1 6
8 4 9 10 11 6 

1563 9391516964171093401 1 6
1 9 10 0 3 4 

2657 12945429956835806730 2 5
0 6 11 9 5 
0 11 6 9 5 

253 9623445446682723184 1 7
5 0 7 2 6 4 3 

2610 8431692856089038877 4 5
4 11 1 9 5 
4 11 1 5 9 
11 4 1 9 5 
11 4 1 5 9 

3153 1140804129844131690 4 5
0 10 4 6 11 
0 10 4 11 6 
10 0 4 6 11 
10 0 4 11 6 

2612 5957115552493783420 4 5
4 11 2 9 5 
4 11 2 5 9 
11 4 2 9 5 
11 4 2 5 9 

2609 5213228061833784929 2 5
4 11 0 9 5 
11 4 0 9 5 

2627 9202100357893585579 4 5
0 9 1 6 11 
0 9 1 11 6 
9 0 1 6 11 
9 0 1 11 6 

2641 4562575675530059889 2 5
0 9 4 11 6 
9 0 4 11 6 

2579 5865859299774277461 4 5
0 9 4 11 1 
0 9 11 4 1 
9 0 4 11 1 
9 0 11 4 1 

2718 10581312868368843336 2 7
7 9 11 2 1 3 4 
9 7 11 2 1 3 4 

361 9620469701157494860 12 5
3 5 6 0 8 
3 5 6 8 0 
3 6 5 0 8 
3 6 5 8 0 
5 3 6 0 8 
5 3 6 8 0 
5 6 3 0 8 
5 6 3 8 0 
6 3 5 0 8 
6 3 5 8 0 
6 5 3 0 8 
6 5 3 8 0 

3122 2595802728976615601 2 5
1 4 5 10 11 
1 4 10 5 11 

2442 3121480572887662773 2 5
1 11 7 8 3 
1 11 8 7 3 

3690 3325974853901047369 1 7
3 1 10 5 9 11 6 

1333 7836973853849896892 16 6
2 5 4 10 8 0 
2 5 4 10 0 8 
2 5 10 4 8 0 
2 5 10 4 0 8 
4 10 5 2 8 0 
4 10 5 2 0 8 
4 10 2 5 8 0 
4 10 2 5 0 8 
5 2 4 10 8 0 
5 2 4 10 0 8 
5 2 10 4 8 0 
5 2 10 4 0 8 
10 4 2 5 8 0 
10 4 2 5 0 8 
10 4 5 2 8 0 
10 4 5 2 0 8 

2408 17929499870500844603 2 5
5 8 3 11 6 
8 5 3 11 6 

190 2977068893684306715 2 6
5 7 1 2 4 3 
7 5 1 2 4 3 

1299 13064460679841753069 4 5
1 4 10 8 0 
1 4 10 0 8 
1 10 4 8 0 
1 10 4 0 8 

725 9153442317473994826 2 6
7 6 4 9 0 2 
7 9 0 6 4 2 

1834 1962311027175006444 2 6
3 10 1 8 5 9 
10 3 1 8 5 9 

2348 9002550714980698801 8 5
3 11 5 8 2 
3 11 8 5 2 
5 8 3 11 2 
5 8 11 3 2 
8 5 3 11 2 
8 5 11 3 2 
11 3 5 8 2 
11 3 8 5 2 

3776 13270101034945779255 8 5
6 10 7 11 9 
6 10 11 7 9 
7 11 10 6 9 
7 11 6 10 9 
10 6 7 11 9 
10 6 11 7 9 
11 7 10 6 9 
11 7 6 10 9 

1419 5348223064590964139 1 6
1 3 10 7 0 8 

2466 1280097328785017001 2 5
7 11 1 8 5 
11 7 1 8 5 

2498 5648264717698286286 2 5
7 8 1 6 11 
8 7 1 6 11 

2500 17929499870500844603 2 5
7 8 2 11 6 
8 7 2 11 6 

2497 8369403303080633850 2 5
7 6 11 8 0 
7 11 6 8 0 

2452 12090042794949843262 4 5
2 11 7 8 4 
2 11 8 7 4 
11 2 7 8 4 
11 2 8 7 4 

2591 1429059368123274196 2 7
0 9 11 4 3 1 2 
9 0 11 4 3 1 2 

234 3121480572887662773 2 5
1 3 5 7 6 
1 3 7 5 6 

2450 3121480572887662773 2 5
1 11 7 8 4 
1 11 8 7 4 

2438 1574905869084012081 6 5
7 8 11 1 2 
7 11 8 1 2 
8 7 11 1 2 
8 11 7 1 2 
11 7 8 1 2 
11 8 7 1 2 

619 9426479681123323972 2 6
3 6 0 1 9 5 
6 3 0 1 9 5 

2976 2693133795514008578 2 5
8 7 11 5 9 
8 11 7 5 9 

2435 5657918968303259988 4 5
1 7 11 8 0 
1 7 11 0 8 
1 11 7 8 0 
1 11 7 0 8 

3683 7955752797862759428 1 7
0 1 10 6 11 9 5 

1326 11674808993494319662 2 6
3 10 5 8 1 2 
10 3 5 8 1 2 

2416 4562575675530059889 2 5
5 8 4 11 6 
8 5 4 11 6 

3664 9932642622026739416 2 5
4 9 10 11 6 
4 10 9 11 6 

1307 4347689214100211039 1 6
1 10 0 8 3 4 

238 5150190477199881336 2 6
5 7 3 6 1 2 
7 5 3 6 1 2 

3704 16742063177201503784 1 7
10 3 4 5 9 11 6 

1347 288815073867568854 2 5
1 6 10 0 8 
1 10 6 0 8 

2402 9202100357893585579 4 5
5 8 1 6 11 
5 8 1 11 6 
8 5 1 6 11 
8 5 1 11 6 

2401 8369403303080633850 2 5
5 6 11 8 0 
5 11 6 8 0 

2540 5904359933198296284 2 7
8 5 7 2 3 11 6 
8 7 5 3 2 11 6 

183 2324796038967897027 2 6
4 7 5 0 1 2 
7 4 5 0 1 2 

2356 15476917387195100497 4 5
4 11 5 8 2 
4 11 8 5 2 
11 4 5 8 2 
11 4 8 5 2 

2354 5865859299774277461 4 5
5 8 4 11 1 
5 8 11 4 1 
8 5 4 11 1 
8 5 11 4 1 

2325 3789797395801390717 12 5
2 4 11 8 0 
2 4 11 0 8 
2 11 4 8 0 
2 11 4 0 8 
4 2 11 8 0 
4 2 11 0 8 
4 11 2 8 0 
4 11 2 0 8 
11 2 4 8 0 
11 2 4 0 8 
11 4 2 8 0 
11 4 2 0 8 

2464 18264200490298321892 6 4
8 7 5 11 
8 7 11 5 
8 5 7 11 
8 5 11 7 
8 11 5 7 
8 11 7 5 

107 17210811765531201124 8 5
0 5 3 6 1 
0 5 6 3 1 
3 6 0 5 1 
3 6 5 0 1 
5 0 3 6 1 
5 0 6 3 1 
6 3 5 0 1 
6 3 0 5 1 

221 13737960649418383150 4 6
0 7 6 2 4 3 
0 7 2 6 4 3 
7 0 6 2 4 3 
7 0 2 6 4 3 

1330 10395592142524153349 2 5
1 5 4 10 8 
1 5 10 4 8 

2439 5680539767301296697 2 6
7 11 1 2 8 0 
11 7 1 2 8 0 

2385 10700937801568059401 4 5
4 6 11 8 0 
4 6 11 0 8 
4 11 6 8 0 
4 11 6 0 8 

207 5150190477199881336 2 6
0 7 6 3 1 2 
7 0 6 3 1 2 

2371 10965396915033817250 4 5
1 6 11 8 0 
1 6 11 0 8 
1 11 6 8 0 
1 11 6 0 8 

2864 5213228061833784929 2 5
4 11 8 5 9 
11 4 8 5 9 

2323 13003427299503830375 4 5
1 4 11 8 0 
1 4 11 0 8 
1 11 4 8 0 
1 11 4 0 8 

2232 17700850455905941888 6 5
5 7 11 4 3 
5 11 7 4 3 
7 5 11 4 3 
7 11 5 4 3 
11 5 7 4 3 
11 7 5 4 3 

1123 10714637862100965822 2 5
6 10 1 0 5 
10 6 1 0 5 

371 8213399410679797771 2 6
4 6 5 1 8 0 
6 4 5 1 8 0 

2728 4308859838972150509 1 5
3 7 11 5 9 

1619 5159376177305171712 2 6
1 0 4 9 6 10 
1 6 9 4 0 10 

2187 3121480572887662773 2 5
1 11 7 0 3 
1 11 0 7 3 

939 11602238446324929759 4 7
3 7 1 5 9 0 8 
3 7 1 9 5 8 0 
7 3 1 5 9 0 8 
7 3 1 9 5 8 0 

3296 16918429573143417201 4 5
10 11 7 6 5 
10 11 6 7 5 
11 10 7 6 5 
11 10 6 7 5 

1078 13002690408459720659 6 5
4 5 10 1 2 
4 10 5 1 2 
5 4 10 1 2 
5 10 4 1 2 
10 4 5 1 2 
10 5 4 1 2 

2288 16967669401740759220 2 5
4 5 7 11 6 
4 7 5 11 6 

3397 7331122753489884364 1 6
10 2 11 6 0 8 

2228 10678555977736241251 2 5
5 7 4 2 11 
7 5 4 2 11 

603 7212762411286634422 2 6
0 9 6 1 4 3 
9 0 6 1 4 3 

1712 5364283337905645733 2 5
4 5 9 10 7 
4 9 5 10 7 

2226 9205546661459069391 2 5
5 7 1 4 11 
7 5 1 4 11 

2948 9002550714980698801 8 5
2 8 7 11 9 
2 8 11 7 9 
7 11 8 2 9 
7 11 2 8 9 
8 2 7 11 9 
8 2 11 7 9 
11 7 8 2 9 
11 7 2 8 9 

591 92273241803866825 4 6
0 9 3 6 1 2 
0 9 6 3 1 2 
9 0 3 6 1 2 
9 0 6 3 1 2 

1700 10655910801854974031 2 5
2 7 10 9 5 
2 10 7 9 5 

2214 10853062808070083971 6 5
5 7 11 1 2 
5 11 7 1 2 
7 5 11 1 2 
7 11 5 1 2 
11 5 7 1 2 
11 7 5 1 2 

2197 380262724330119809 8 5
0 7 2 11 4 
0 7 11 2 4 
2 11 7 0 4 
2 11 0 7 4 
7 0 2 11 4 
7 0 11 2 4 
11 2 7 0 4 
11 2 0 7 4 

634 4429607786685700134 2 6
6 1 5 9 3 4 
6 1 9 5 3 4 

2257 7418208494558451919 4 5
0 7 4 6 11 
0 7 4 11 6 
7 0 4 6 11 
7 0 4 11 6 

1009 3680775000702276838 1 7
6 4 7 9 5 0 8 

3366 10366643756561334419 2 6
10 11 8 5 1 2 
11 10 8 5 1 2 

379 14343884079878075890 1 7
6 5 1 4 3 8 0 

2736 8624557668272698301 1 5
4 11 7 5 9 

2195 2595802728976615601 2 5
1 11 7 0 4 
1 11 0 7 4 

1086 2977068893684306715 2 6
5 10 1 2 3 4 
10 5 1 2 3 4 

947 16019285510303691065 2 7
4 7 1 5 9 0 8 
7 4 1 5 9 0 8 

3304 13452903476872714843 2 6
3 5 10 7 11 6 
3 5 11 6 10 7 

2147 6905500980210171349 4 5
0 5 1 6 11 
0 5 1 11 6 
5 0 1 6 11 
5 0 1 11 6 

3256 12935360522455747866 2 6
5 11 4 3 7 10 
11 5 4 3 7 10 

3591 1516080632328440001 2 6
10 11 0 9 1 2 
11 10 0 9 1 2 

1234 3478978945784719257 2 5
1 6 4 7 10 
1 6 4 10 7 

666 1204428144900862212 4 5
1 7 9 3 4 
1 7 9 4 3 
1 9 7 4 3 
1 9 7 3 4 

2274 2382427300992918019 2 5
1 5 7 11 6 
1 7 5 11 6 

3008 8029686309265918459 1 5
8 7 9 6 11 

651 10395592142524153349 2 5
1 9 3 7 0 
1 9 7 3 0 

3126 10091027340236785314 2 6
5 10 4 11 1 2 
10 5 4 11 1 2 

632 5799085166765911358 2 5
6 5 9 3 4 
6 9 5 3 4 

497 13008496260309061241 2 6
5 6 4 7 0 8 
6 5 4 7 0 8 

3341 18012025924402869447 2 6
2 11 10 3 0 8 
11 2 10 3 0 8 

984 4534233045264829442 2 6
6 9 8 7 3 4 
9 6 8 7 3 4 

617 15727986152232345783 4 5
3 6 0 5 9 
3 6 0 9 5 
6 3 0 5 9 
6 3 0 9 5 

478 9001511167221306036 2 7
7 8 6 1 2 4 3 
8 7 6 1 2 4 3 

2835 13376894217002832943 2 6
4 11 9 1 0 8 
11 4 9 1 0 8 

908 2861741810154362026 8 5
2 9 7 3 8 
2 9 3 7 8 
3 7 2 9 8 
3 7 9 2 8 
7 3 2 9 8 
7 3 9 2 8 
9 2 7 3 8 
9 2 3 7 8 

3265 16856543343984566378 2 5
0 6 11 10 7 
0 11 6 10 7 

367 18174862233196485120 2 7
3 6 5 8 0 1 2 
6 3 5 8 0 1 2 

2724 1605685563868154682 2 5
2 7 11 5 9 
2 11 7 5 9 

2183 13002690408459720659 6 5
0 7 11 1 2 
0 11 7 1 2 
7 0 11 1 2 
7 11 0 1 2 
11 7 0 1 2 
11 0 7 1 2 

1074 13265887374582139811 6 4
1 4 5 10 
1 4 10 5 
1 5 4 10 
1 5 10 4 
1 10 5 4 
1 10 4 5 

3458 17043051125860104821 2 5
1 11 8 10 7 
1 11 8 7 10 

1101 12090042794949843262 4 5
0 10 6 2 3 
0 10 2 6 3 
10 0 6 2 3 
10 0 2 6 3 

2210 105691723708240674 6 4
1 5 7 11 
1 5 11 7 
1 7 5 11 
1 7 11 5 
1 11 7 5 
1 11 5 7 

3715 7456509311232109978 1 6
1 0 11 9 10 7 

1358 5150190477199881336 2 6
8 10 6 3 1 2 
10 8 6 3 1 2 

2467 11986779543485208061 2 6
7 11 1 5 8 0 
11 7 1 5 8 0 

1872 9002550714980698801 8 5
4 8 6 9 10 
4 8 9 6 10 
6 9 8 4 10 
6 9 4 8 10 
8 4 6 9 10 
8 4 9 6 10 
9 6 8 4 10 
9 6 4 8 10 

2243 10129554869493796812 4 5
0 7 1 6 11 
0 7 1 11 6 
7 0 1 6 11 
7 0 1 11 6 

3491 992643978419759981 1 7
11 1 5 7 10 8 0 

1134 3352162567040009333 2 6
5 10 3 6 1 2 
10 5 3 6 1 2 

1729 11433547056304466732 2 5
0 6 9 7 10 
0 9 6 7 10 

2838 8778461699417428308 4 6
4 11 8 9 1 2 
4 11 9 8 1 2 
11 4 8 9 1 2 
11 4 9 8 1 2 

2360 17498980938774220750 6 5
5 8 11 4 3 
5 11 8 4 3 
8 5 11 4 3 
8 11 5 4 3 
11 5 8 4 3 
11 8 5 4 3 

1251 8616703437522842029 1 6
1 0 6 5 10 7 

737 17229213091681002429 2 5
0 6 7 9 5 
0 7 6 9 5 

599 13505009678541527835 8 6
0 9 4 6 1 2 
0 9 6 4 1 2 
4 6 0 9 1 2 
4 6 9 0 1 2 
6 4 0 9 1 2 
6 4 9 0 1 2 
9 0 4 6 1 2 
9 0 6 4 1 2 

2956 16425740347020813734 4 6
2 3 8 11 9 7 
2 9 11 8 3 7 
7 3 11 8 9 2 
7 9 8 11 3 2 

2315 13003427299503830375 4 5
1 3 11 8 0 
1 3 11 0 8 
1 11 3 8 0 
1 11 3 0 8 

1206 4258461867057980298 1 6
5 4 7 10 1 2 

178 11375329596411982627 6 4
1 4 5 7 
1 4 7 5 
1 5 4 7 
1 5 7 4 
1 7 5 4 
1 7 4 5 

2552 5868081286481726161 1 7
5 8 7 11 6 4 3 

195 13265887374582139811 6 4
1 0 6 7 
1 0 7 6 
1 6 0 7 
1 6 7 0 
1 7 6 0 
1 7 0 6 

3522 11441438929990509483 1 6
1 8 6 11 7 10 

3841 9536186380044436273 6 5
9 10 11 0 8 
9 11 10 0 8 
10 9 11 0 8 
10 11 9 0 8 
11 9 10 0 8 
11 10 9 0 8 

375 16636580347419546896 2 7
4 6 5 8 0 1 2 
6 4 5 8 0 1 2 

2732 17398791633996584773 1 6
3 2 7 11 5 9 

2218 64884230381840168 2 5
5 7 1 3 11 
7 5 1 3 11 

3466 12005722615289351436 2 6
1 11 8 3 10 7 
1 11 8 3 7 10 

1109 9002550714980698801 8 5
0 10 6 2 4 
0 10 2 6 4 
2 6 0 10 4 
2 6 10 0 4 
6 2 0 10 4 
6 2 10 0 4 
10 0 6 2 4 
10 0 2 6 4 

595 122248034601436465 8 5
0 9 4 6 1 
0 9 6 4 1 
4 6 0 9 1 
4 6 9 0 1 
6 4 0 9 1 
6 4 9 0 1 
9 0 4 6 1 
9 0 6 4 1 

1704 5364283337905645733 2 5
3 5 9 7 10 
3 9 5 7 10 

852 9002550714980698801 8 5
4 6 8 9 2 
4 6 9 8 2 
6 4 8 9 2 
6 4 9 8 2 
8 9 6 4 2 
8 9 4 6 2 
9 8 6 4 2 
9 8 4 6 2 

3872 16961562949826438898 2 5
8 10 11 9 5 
8 11 10 9 5 

974 4939646145139036200 1 7
7 9 8 6 3 2 1 

3331 10219462682724858278 2 5
1 10 11 0 8 
1 11 10 0 8 

2222 5471784236514382057 2 6
5 7 3 11 1 2 
7 5 3 11 1 2 

626 6023710187571187723 4 5
4 6 1 5 9 
4 6 1 9 5 
6 4 1 5 9 
6 4 1 9 5 

487 15944300536923675782 2 7
6 7 5 1 2 8 0 
7 6 5 1 2 8 0 

2844 619306086038861002 2 6
8 9 11 2 4 3 
9 8 11 2 4 3 

1478 4258461867057980298 1 6
6 8 7 10 1 2 

2587 15243078999064986174 2 6
0 9 11 1 4 3 
9 0 11 1 4 3 

2224 18264200490298321892 6 4
4 5 7 11 
4 5 11 7 
4 7 5 11 
4 7 11 5 
4 11 7 5 
4 11 5 7 

1115 8777256948416765664 2 6
1 6 0 10 4 3 
1 6 10 0 4 3 

2985 5914005743976938026 1 7
11 3 7 5 9 8 0 

628 15755789765062091800 4 5
4 6 2 5 9 
4 6 2 9 5 
6 4 2 5 9 
6 4 2 9 5 

1737 3255069345040018912 2 6
6 9 3 0 7 10 
9 6 3 0 7 10 

2468 16964128542291722576 2 5
7 11 8 2 5 
11 7 8 2 5 

111 4271210428700080906 8 6
0 5 3 6 1 2 
0 5 6 3 1 2 
3 6 0 5 1 2 
3 6 5 0 1 2 
5 0 3 6 1 2 
5 0 6 3 1 2 
6 3 5 0 1 2 
6 3 0 5 1 2 

1761 11368111351849806128 1 6
0 6 10 7 9 5 

2531 9091513111752181592 1 7
7 1 5 11 6 8 0 

174 13002690408459720659 6 5
3 5 7 1 2 
3 7 5 1 2 
5 3 7 1 2 
5 7 3 1 2 
7 3 5 1 2 
7 5 3 1 2 

3393 3913741429852383851 2 5
10 6 11 0 8 
10 11 6 0 8 

3532 5493140818793620826 2 7
2 8 3 11 6 7 10 
8 2 3 7 10 11 6 

1175 7466763490043394333 1 6
0 4 1 2 7 10 

1117 13173563819687789126 4 6
0 10 6 2 3 4 
0 10 2 6 3 4 
10 0 6 2 3 4 
10 0 2 6 3 4 

3474 12005722615289351436 2 6
1 11 8 4 10 7 
1 11 8 4 7 10 

688 9009189880820568616 4 4
4 7 5 9 
4 7 9 5 
7 4 5 9 
7 4 9 5 

2825 12786866701162581528 6 5
3 9 11 0 8 
3 11 9 0 8 
9 3 11 0 8 
9 11 3 0 8 
11 3 9 0 8 
11 9 3 0 8 

1716 13740381302636371033 1 6
2 4 9 5 10 7 

3018 6369397398837648020 1 7
8 7 9 3 1 6 11 

661 10535858816521210636 4 5
4 7 2 9 0 
4 7 9 2 0 
7 4 2 9 0 
7 4 9 2 0 

1202 5234148015927598064 1 5
1 5 4 7 10 

186 18288307128267330600 2 5
1 5 7 4 3 
1 7 5 4 3 

2404 18030942448219140192 4 5
5 8 2 6 11 
5 8 2 11 6 
8 5 2 6 11 
8 5 2 11 6 

1295 2749476689908246433 2 6
3 10 1 2 0 8 
10 3 1 2 0 8 

2434 13265887374582139811 6 4
1 7 8 11 
1 7 11 8 
1 8 7 11 
1 8 11 7 
1 11 8 7 
1 11 7 8 

3682 166188012814959964 1 6
1 10 5 9 11 6 

1325 11075476683215937276 4 6
3 10 5 2 0 8 
3 10 2 5 0 8 
10 3 2 5 0 8 
10 3 5 2 0 8 

690 2438562045343841397 2 5
4 7 1 5 9 
7 4 1 5 9 

723 6737727474734306049 2 6
6 9 1 7 4 0 
9 6 1 7 0 4 

1832 1949253709658651230 4 5
3 10 8 9 5 
3 10 8 5 9 
10 3 8 9 5 
10 3 8 5 9 

2346 11771461267371093580 4 5
5 8 3 11 1 
5 8 11 3 1 
8 5 3 11 1 
8 5 11 3 1 

3594 64884230381840168 2 5
9 10 1 3 11 
10 9 1 3 11 

1237 1043205602603172477 2 6
2 6 0 4 7 10 
6 2 0 4 7 10 

182 4048996626298085205 6 5
4 5 7 1 2 
4 7 5 1 2 
5 4 7 1 2 
5 7 4 1 2 
7 4 5 1 2 
7 5 4 1 2 

2400 3284019631358231332 4 4
5 8 6 11 
5 8 11 6 
8 5 6 11 
8 5 11 6 

1291 14775829029187417189 2 5
1 3 10 0 8 
1 10 3 0 8 

227 3121480572887662773 2 5
1 0 6 7 5 
1 0 7 6 5 

2445 17679276914396844753 2 6
2 11 7 3 8 0 
11 2 7 3 8 0 

3394 10129554869493796812 4 5
8 10 1 6 11 
8 10 1 11 6 
10 8 1 6 11 
10 8 1 11 6 

689 17735614887856741856 4 5
4 7 0 5 9 
4 7 0 9 5 
7 4 0 5 9 
7 4 0 9 5 

2345 12786866701162581528 6 5
3 5 11 8 0 
3 11 5 8 0 
5 3 11 8 0 
5 11 3 8 0 
11 3 5 8 0 
11 5 3 8 0 

3079 2766662350174423984 6 5
0 10 11 1 2 
0 11 10 1 2 
10 0 11 1 2 
10 11 0 1 2 
11 10 0 1 2 
11 0 10 1 2 

722 8930127898887818490 2 5
7 9 1 4 6 
9 7 1 4 6 

2538 3065244412758503236 1 7
8 5 7 1 3 11 6 

181 10535858816521210636 4 5
4 7 5 2 0 
4 7 2 5 0 
7 4 2 5 0 
7 4 5 2 0 

707 8930127898887818490 2 5
6 7 1 0 9 
7 6 1 0 9 

450 11375329596411982627 6 4
1 6 7 8 
1 6 8 7 
1 7 6 8 
1 7 8 6 
1 8 7 6 
1 8 6 7 

1559 8531027436465418873 2 6
4 10 9 0 2 1 
10 4 9 0 2 1 

2668 16968642416395535977 2 6
3 2 5 9 6 11 
3 2 9 5 6 11 

964 9742638882922834169 2 5
6 7 2 8 9 
7 6 2 8 9 

453 9620469701157494860 12 5
2 6 7 0 8 
2 6 7 8 0 
2 7 6 0 8 
2 7 6 8 0 
6 2 7 0 8 
6 2 7 8 0 
6 7 2 0 8 
6 7 2 8 0 
7 2 6 0 8 
7 2 6 8 0 
7 6 2 0 8 
7 6 2 8 0 

1562 1204428144900862212 4 5
1 9 10 3 4 
1 9 10 4 3 
1 10 9 4 3 
1 10 9 3 4 

710 3806514719743427148 6 5
6 7 9 2 1 
6 9 7 2 1 
7 6 9 2 1 
7 9 6 2 1 
9 6 7 2 1 
9 7 6 2 1 

2928 13438120459202960891 1 6
4 8 11 6 5 9 

713 9742638882922834169 2 5
6 9 3 0 7 
9 6 3 0 7 

3364 10535858816521210636 4 5
10 11 8 2 5 
10 11 2 8 5 
11 10 8 2 5 
11 10 2 8 5 

1146 1273089547126072814 2 6
5 10 1 6 4 3 
10 5 1 6 4 3 

1768 12857644958335346169 1 6
3 6 9 5 10 7 

499 4038214209665666451 1 7
6 1 5 4 7 8 0 

2856 11224176163157071875 2 5
3 11 8 5 9 
11 3 8 5 9 

692 16298346047129279757 4 5
4 7 2 5 9 
4 7 2 9 5 
7 4 2 5 9 
7 4 2 9 5 

2508 12585747384167151295 2 6
7 8 2 3 11 6 
8 7 2 3 11 6 

151 12824707424527491784 6 5
0 4 7 1 2 
0 7 4 1 2 
4 0 7 1 2 
4 7 0 1 2 
7 4 0 1 2 
7 0 4 1 2 

211 10624150834163103597 2 5
1 6 0 7 4 
1 6 7 0 4 

3109 15476917387195100497 4 5
10 11 0 2 5 
10 11 2 0 5 
11 10 2 0 5 
11 10 0 2 5 

752 2941729723053093172 2 5
4 6 7 9 5 
4 7 6 9 5 

1861 17679276914396844753 2 6
6 10 2 9 0 8 
10 6 2 9 0 8 

2379 9781807181406010294 4 6
1 3 0 8 6 11 
1 3 0 8 11 6 
1 3 8 0 6 11 
1 3 8 0 11 6 

242 1208365932920581119 2 5
1 4 5 7 6 
1 4 7 5 6 

1351 5498655749683859963 2 6
6 10 1 2 0 8 
10 6 1 2 0 8 

2460 13173563819687789126 4 6
2 11 7 8 4 3 
2 11 8 7 4 3 
11 2 7 8 4 3 
11 2 8 7 4 3 

1004 3062294671149389629 1 7
3 7 6 8 2 9 5 

3361 3789797395801390717 12 5
5 10 11 0 8 
5 10 11 8 0 
5 11 10 8 0 
5 11 10 0 8 
10 5 11 0 8 
10 5 11 8 0 
10 11 5 0 8 
10 11 5 8 0 
11 5 10 8 0 
11 5 10 0 8 
11 10 5 8 0 
11 10 5 0 8 

2333 10787235750644883003 4 6
2 11 8 0 4 3 
2 11 0 8 4 3 
11 2 8 0 4 3 
11 2 0 8 4 3 

696 5799085166765911358 2 5
7 5 9 3 4 
7 9 5 3 4 

1805 11075476683215937276 4 6
3 10 9 2 0 8 
3 10 2 9 0 8 
10 3 2 9 0 8 
10 3 9 2 0 8 

2914 8615701110583043620 2 6
8 1 6 11 5 9 
8 1 11 6 5 9 

2512 13576496459569234630 4 5
7 8 4 6 11 
7 8 4 11 6 
8 7 4 6 11 
8 7 4 11 6 

155 17286901793883371364 2 5
1 0 7 4 3 
1 7 0 4 3 

1697 11952498270581743762 4 5
0 7 10 9 5 
0 7 10 5 9 
0 10 7 9 5 
0 10 7 5 9 

2982 6213642231357240320 2 7
7 11 8 2 1 5 9 
11 7 8 2 1 5 9 

625 11224176163157071875 2 5
4 6 0 5 9 
6 4 0 5 9 

1734 8128503951966842446 1 6
9 6 2 1 7 10 

973 15371207871069896945 4 7
6 7 3 9 2 8 0 
6 7 3 9 2 0 8 
6 9 2 7 3 8 0 
6 9 2 7 3 0 8 

3330 13265887374582139811 6 4
1 8 10 11 
1 8 11 10 
1 10 8 11 
1 10 11 8 
1 11 10 8 
1 11 8 10 

199 13002690408459720659 6 5
0 6 7 1 2 
0 7 6 1 2 
6 0 7 1 2 
6 7 0 1 2 
7 6 0 1 2 
7 0 6 1 2 

2417 16961066460178805285 1 6
5 4 11 6 8 0 

740 3955690351329804292 2 5
2 6 7 9 5 
2 7 6 9 5 

3478 15266763201471138087 1 7
11 8 4 1 2 7 10 

1121 18264200490298321892 6 4
0 5 6 10 
0 5 10 6 
0 6 5 10 
0 6 10 5 
0 10 6 5 
0 10 5 6 

2230 7491528358735358758 2 6
5 7 4 11 1 2 
7 5 4 11 1 2 

1378 17162692250769371317 2 5
6 10 1 8 5 
10 6 1 8 5 

427 10602660932198517874 2 6
1 5 3 7 8 0 
1 5 7 3 8 0 

2645 7773922226276322971 2 6
0 9 4 2 11 6 
9 0 4 2 11 6 

968 9742638882922834169 2 5
6 9 3 8 7 
9 6 3 8 7 

3186 3353008888173494756 2 6
5 10 1 4 6 11 
10 5 1 4 6 11 

3169 2382112777860125089 1 5
0 10 5 6 11 

1218 16815488008272124135 2 4
1 6 7 10 
1 6 10 7 

2327 15644962967075694714 4 6
4 11 0 8 1 2 
4 11 8 0 1 2 
11 4 8 0 1 2 
11 4 0 8 1 2 

961 456070754079208351 12 5
6 7 9 8 0 
6 7 9 0 8 
6 9 7 8 0 
6 9 7 0 8 
7 6 9 8 0 
7 6 9 0 8 
7 9 6 8 0 
7 9 6 0 8 
9 6 7 8 0 
9 6 7 0 8 
9 7 6 8 0 
9 7 6 0 8 

3448 11253368287062299042 1 7
5 8 10 6 11 4 3 

1091 3093822938357887055 6 4
1 0 6 10 
1 0 10 6 
1 6 0 10 
1 6 10 0 
1 10 6 0 
1 10 0 6 

1605 9002550714980698801 8 5
0 2 6 10 9 
0 2 10 6 9 
2 0 6 10 9 
2 0 10 6 9 
6 10 0 2 9 
6 10 2 0 9 
10 6 2 0 9 
10 6 0 2 9 

2714 4490723761827080744 4 6
7 9 1 11 3 4 
7 9 1 11 4 3 
9 7 1 11 4 3 
9 7 1 11 3 4 

466 1208365932920581119 2 5
1 6 7 8 4 
1 6 8 7 4 

693 3713839915107967009 4 6
4 7 2 0 5 9 
4 7 2 0 9 5 
7 4 2 0 5 9 
7 4 2 0 9 5 

1802 3121480572887662773 2 5
1 9 3 10 8 
1 9 10 3 8 

461 18374469460899010481 4 6
2 6 7 3 0 8 
2 6 7 3 8 0 
6 2 7 3 0 8 
6 2 7 3 8 0 

1668 13867241296164129531 4 4
2 9 7 10 
2 9 10 7 
9 2 7 10 
9 2 10 7 

1952 9608830899560046761 4 5
8 5 9 7 10 
8 5 9 10 7 
8 9 5 7 10 
8 9 5 10 7 

843 14912479212434586103 2 6
3 6 9 1 0 8 
6 3 9 1 0 8 

3768 3713609086108233015 1 7
11 4 3 5 9 10 7 

1411 11357166145225011006 2 5
1 7 10 0 8 
1 10 7 0 8 

2520 4631578099828077490 4 6
7 8 6 11 4 3 
7 8 11 6 4 3 
8 7 6 11 4 3 
8 7 11 6 4 3 

426 10395592142524153349 2 5
1 5 3 7 8 
1 5 7 3 8 

1221 14205586631161939149 2 5
2 6 0 10 7 
6 2 0 10 7 

680 10415580415411436273 4 4
3 7 5 9 
3 7 9 5 
7 3 5 9 
7 3 9 5 

2898 14704952886234178327 2 6
8 9 4 1 6 11 
9 8 4 1 6 11 

1762 2635010567351786199 1 6
1 6 10 7 9 5 

1194 5234148015927598064 1 5
1 5 3 10 7 

458 12594899233611093578 2 5
1 6 7 8 3 
1 6 8 7 3 

2676 151659469034891800 2 6
4 2 5 9 11 6 
4 2 9 5 11 6 

1350 13002690408459720659 6 5
6 8 10 1 2 
6 10 8 1 2 
8 6 10 1 2 
8 10 6 1 2 
10 6 8 1 2 
10 8 6 1 2 

241 12090042794949843262 4 5
0 4 5 6 7 
0 4 6 5 7 
4 0 5 6 7 
4 0 6 5 7 

2528 17471875641913024916 2 5
8 7 5 11 6 
8 5 7 11 6 

171 3121480572887662773 2 5
1 5 3 7 0 
1 5 7 3 0 

2389 7444351598064290254 2 6
4 2 0 8 11 6 
4 2 8 0 11 6 

712 6842218881654508666 6 4
3 6 7 9 
3 6 9 7 
3 7 6 9 
3 7 9 6 
3 9 7 6 
3 9 6 7 

1226 14957378302715696206 2 5
1 6 3 7 10 
1 6 3 10 7 

1066 11375329596411982627 6 4
1 3 5 10 
1 3 10 5 
1 5 3 10 
1 5 10 3 
1 10 5 3 
1 10 3 5 

3284 16607278470617165400 2 6
2 4 7 10 11 6 
2 4 10 7 11 6 

251 15743287290377024721 1 7
5 1 6 0 7 4 3 

2608 3827232255557709448 4 4
4 11 9 5 
4 11 5 9 
11 4 9 5 
11 4 5 9 

3139 3758512854739942479 2 5
0 10 1 6 11 
10 0 1 6 11 

434 1208365932920581119 2 5
1 5 4 7 8 
1 5 7 4 8 

2496 3284019631358231332 4 4
7 8 6 11 
7 8 11 6 
8 7 6 11 
8 7 11 6 

1122 12953978563278240298 6 4
1 5 6 10 
1 5 10 6 
1 6 5 10 
1 6 10 5 
1 10 6 5 
1 10 5 6 

3124 380262724330119809 8 5
2 4 5 10 11 
2 4 10 5 11 
4 2 5 10 11 
4 2 10 5 11 
5 10 2 4 11 
5 10 4 2 11 
10 5 4 2 11 
10 5 2 4 11 

906 3121480572887662773 2 5
1 9 7 3 8 
1 9 3 7 8 

960 15103900511381847996 6 4
8 7 6 9 
8 7 9 6 
8 6 7 9 
8 6 9 7 
8 9 6 7 
8 9 7 6 

3178 6882040509415153831 2 6
5 10 1 3 6 11 
10 5 1 3 6 11 

1474 5234148015927598064 1 5
1 6 8 7 10 

2583 6614270598635622505 4 6
0 9 4 11 1 2 
0 9 11 4 1 2 
9 0 4 11 1 2 
9 0 11 4 1 2 

706 9980956631343142826 6 4
1 6 7 9 
1 6 9 7 
1 7 6 9 
1 7 9 6 
1 9 7 6 
1 9 6 7 

1186 16815488008272124135 2 4
1 5 7 10 
1 5 10 7 

711 10519708137868292826 2 6
6 7 0 9 2 1 
7 6 0 9 2 1 

1820 6059386684289591168 2 6
2 9 10 8 4 3 
9 2 10 8 4 3 

170 13265887374582139811 6 4
1 3 5 7 
1 3 7 5 
1 5 3 7 
1 5 7 3 
1 7 5 3 
1 7 3 5 

3041 6101894884683580119 1 7
7 8 0 11 6 9 5 

684 13864608597930871907 2 5
3 7 2 9 5 
7 3 2 9 5 

2981 16437049839355400775 2 7
7 11 2 8 0 5 9 
11 7 2 8 0 5 9 

624 9009189880820568616 4 4
4 6 5 9 
4 6 9 5 
6 4 5 9 
6 4 9 5 

1733 3204250161089047552 1 6
2 0 6 9 7 10 

485 18374469460899010481 4 6
6 7 2 5 0 8 
6 7 2 5 8 0 
7 6 2 5 0 8 
7 6 2 5 8 0 

2842 1039318616854752801 4 6
8 9 11 1 3 4 
8 9 11 1 4 3 
9 8 11 1 3 4 
9 8 11 1 4 3 

1138 17162692250769371317 2 5
5 10 1 4 6 
10 5 1 4 6 

2247 14998888307669642983 4 6
0 7 6 11 1 2 
0 7 11 6 1 2 
7 0 6 11 1 2 
7 0 11 6 1 2 

3512 5454918762225965679 2 7
5 11 8 4 3 7 10 
11 5 8 4 3 7 10 

1155 15655966416106131631 2 4
1 0 7 10 
1 0 10 7 

2577 16843014019913416440 24 4
0 4 9 11 
0 4 11 9 
0 9 4 11 
0 9 11 4 
0 11 9 4 
0 11 4 9 
4 0 9 11 
4 0 11 9 
4 9 0 11 
4 9 11 0 
4 11 9 0 
4 11 0 9 
9 4 0 11 
9 4 11 0 
9 0 4 11 
9 0 11 4 
9 11 0 4 
9 11 4 0 
11 4 9 0 
11 4 0 9 
11 9 4 0 
11 9 0 4 
11 0 9 4 
11 0 4 9 

467 3948936865464940648 1 6
1 6 7 4 8 0 

1576 9009189880820568616 4 4
3 10 9 5 
3 10 5 9 
10 3 9 5 
10 3 5 9 

3172 772591878158278130 2 5
2 5 10 6 11 
2 10 5 6 11 

3906 11568957448097318306 1 6
8 1 10 9 11 6 

1549 10535858816521210636 4 5
3 10 9 2 0 
3 10 2 9 0 
10 3 2 9 0 
10 3 9 2 0 

2658 2969475717028454093 4 5
1 5 9 6 11 
1 5 9 11 6 
1 9 5 6 11 
1 9 5 11 6 

847 18174862233196485120 2 7
3 6 9 0 8 1 2 
6 3 9 0 8 1 2 

3204 3284019631358231332 4 4
2 11 10 7 
2 11 7 10 
11 2 10 7 
11 2 7 10 

2095 4271210428700080906 8 6
0 5 3 11 1 2 
0 5 11 3 1 2 
3 11 0 5 1 2 
3 11 5 0 1 2 
5 0 3 11 1 2 
5 0 11 3 1 2 
11 3 5 0 1 2 
11 3 0 5 1 2 

753 329482462325841646 1 6
4 0 6 7 9 5 

3110 12824707424527491784 6 5
5 10 11 1 2 
5 11 10 1 2 
10 5 11 1 2 
10 11 5 1 2 
11 5 10 1 2 
11 10 5 1 2 

2569 16493867128980194667 24 4
0 3 9 11 
0 3 11 9 
0 9 3 11 
0 9 11 3 
0 11 9 3 
0 11 3 9 
3 0 9 11 
3 0 11 9 
3 9 0 11 
3 9 11 0 
3 11 9 0 
3 11 0 9 
9 3 0 11 
9 3 11 0 
9 0 3 11 
9 0 11 3 
9 11 0 3 
9 11 3 0 
11 3 9 0 
11 3 0 9 
11 9 3 0 
11 9 0 3 
11 0 9 3 
11 0 3 9 

1261 3415909435395554004 1 7
2 6 5 3 0 10 7 

3618 15824344781714411730 2 5
1 10 11 9 5 
1 11 10 9 5 

1968 4062557009722690976 2 6
4 8 5 9 10 7 
4 8 9 5 10 7 

705 15103900511381847996 6 4
0 6 7 9 
0 6 9 7 
0 7 6 9 
0 7 9 6 
0 9 7 6 
0 9 6 7 

1814 6249705571245448533 2 6
4 10 9 8 2 1 
10 4 9 8 2 1 

2585 17498980938774220750 6 5
0 9 11 4 3 
0 11 9 4 3 
9 0 11 4 3 
9 11 0 4 3 
11 9 0 4 3 
11 0 9 4 3 

962 5904847650590028196 2 5
6 7 1 8 9 
7 6 1 8 9 

3180 7730337827004211313 4 6
5 10 2 3 6 11 
5 10 3 2 6 11 
10 5 3 2 6 11 
10 5 2 3 6 11 

1219 15220576171994427130 1 5
1 6 0 10 7 

213 10535858816521210636 4 5
0 7 6 2 4 
0 7 2 6 4 
7 0 6 2 4 
7 0 2 6 4 

1322 1208365932920581119 2 5
1 5 3 10 8 
1 5 10 3 8 

3205 4562575675530059889 2 5
2 11 0 10 7 
11 2 0 10 7 

848 16493867128980194667 24 4
4 6 8 9 
4 6 9 8 
4 8 6 9 
4 8 9 6 
4 9 8 6 
4 9 6 8 
6 4 8 9 
6 4 9 8 
6 8 4 9 
6 8 9 4 
6 9 8 4 
6 9 4 8 
8 6 4 9 
8 6 9 4 
8 4 6 9 
8 4 9 6 
8 9 4 6 
8 9 6 4 
9 6 8 4 
9 6 4 8 
9 8 6 4 
9 8 4 6 
9 4 8 6 
9 4 6 8 

2444 9002550714980698801 8 5
2 11 7 8 3 
2 11 8 7 3 
7 8 2 11 3 
7 8 11 2 3 
8 7 2 11 3 
8 7 11 2 3 
11 2 7 8 3 
11 2 8 7 3 

3719 11861587998973457784 1 7
11 0 9 10 7 2 1 

1362 10395592142524153349 2 5
1 6 8 10 4 
1 6 10 8 4 

2831 2079486499049329347 2 7
3 11 9 0 8 1 2 
11 3 9 0 8 1 2 

474 4656748507775651942 2 6
1 6 7 8 4 3 
1 6 8 7 4 3 

3913 15839271427134309762 1 7
9 3 10 11 6 0 8 

1556 9787307155083580879 24 4
2 4 9 10 
2 4 10 9 
2 9 4 10 
2 9 10 4 
2 10 9 4 
2 10 4 9 
4 2 9 10 
4 2 10 9 
4 9 2 10 
4 9 10 2 
4 10 9 2 
4 10 2 9 
9 4 2 10 
9 4 10 2 
9 2 4 10 
9 2 10 4 
9 10 2 4 
9 10 4 2 
10 4 9 2 
10 4 2 9 
10 9 4 2 
10 9 2 4 
10 2 9 4 
10 2 4 9 

2665 17710754279246958354 1 6
3 0 6 11 9 5 

362 17556777928223299223 4 5
5 8 6 3 1 
5 8 3 6 1 
8 5 3 6 1 
8 5 6 3 1 

2753 8029686309265918459 1 5
0 9 7 6 11 

4001 126911554970066809 1 7
11 0 8 10 7 5 9 

1644 2161985975228823532 1 6
3 2 10 6 5 9 

1346 13265887374582139811 6 4
1 6 8 10 
1 6 10 8 
1 8 6 10 
1 8 10 6 
1 10 8 6 
1 10 6 8 

1603 3549298466005425972 2 5
1 0 6 10 9 
1 0 10 6 9 

147 13872880161774514149 6 4
1 0 4 7 
1 0 7 4 
1 4 0 7 
1 4 7 0 
1 7 4 0 
1 7 0 4 

2504 18030942448219140192 4 5
7 8 3 6 11 
7 8 3 11 6 
8 7 3 6 11 
8 7 3 11 6 

1554 13265887374582139811 6 4
1 4 9 10 
1 4 10 9 
1 9 4 10 
1 9 10 4 
1 10 9 4 
1 10 4 9 

3141 1397258587304372331 2 5
0 10 2 11 6 
10 0 2 11 6 

243 12015939452340416881 1 6
1 4 0 6 5 7 

2600 9009189880820568616 4 4
3 11 9 5 
3 11 5 9 
11 3 9 5 
11 3 5 9 

1584 10415580415411436273 4 4
4 10 9 5 
4 10 5 9 
10 4 9 5 
10 4 5 9 

877 3319645257213830611 8 7
3 6 2 5 9 8 0 
3 6 2 5 9 0 8 
3 6 2 9 5 8 0 
3 6 2 9 5 0 8 
6 3 2 5 9 8 0 
6 3 2 5 9 0 8 
6 3 2 9 5 8 0 
6 3 2 9 5 0 8 

3234 10437854729195588938 1 5
1 5 11 7 10 

3427 5989855404060342225 1 7
10 1 5 6 11 0 8 

1070 4048996626298085205 6 5
3 5 10 1 2 
3 10 5 1 2 
5 3 10 1 2 
5 10 3 1 2 
10 3 5 1 2 
10 5 3 1 2 

2179 13265887374582139811 6 4
1 0 7 11 
1 0 11 7 
1 7 0 11 
1 7 11 0 
1 11 7 0 
1 11 0 7 

3288 15309210223426961040 4 6
6 11 7 10 4 3 
6 11 10 7 4 3 
11 6 7 10 4 3 
11 6 10 7 4 3 

1732 141201849460213678 1 5
2 9 6 7 10 

2841 4190761804242086191 2 6
9 11 0 8 4 3 
11 9 0 8 4 3 

650 13265887374582139811 6 4
1 3 7 9 
1 3 9 7 
1 7 3 9 
1 7 9 3 
1 9 7 3 
1 9 3 7 

2868 2480140881012411721 2 6
4 11 8 2 5 9 
11 4 8 2 5 9 

3077 16843014019913416440 24 4
0 2 10 11 
0 2 11 10 
0 10 2 11 
0 10 11 2 
0 11 10 2 
0 11 2 10 
2 0 10 11 
2 0 11 10 
2 10 0 11 
2 10 11 0 
2 11 10 0 
2 11 0 10 
10 2 0 11 
10 2 11 0 
10 0 2 11 
10 0 11 2 
10 11 0 2 
10 11 2 0 
11 2 10 0 
11 2 0 10 
11 10 2 0 
11 10 0 2 
11 0 10 2 
11 0 2 10 

720 15103900511381847996 6 4
4 6 7 9 
4 6 9 7 
4 7 6 9 
4 7 9 6 
4 9 7 6 
4 9 6 7 

1035 13872880161774514149 6 4
1 0 3 10 
1 0 10 3 
1 3 0 10 
1 3 10 0 
1 10 3 0 
1 10 0 3 

1922 8502057116101362362 2 5
1 9 8 7 10 
1 9 8 10 7 

682 6015703033914357944 4 5
3 7 1 5 9 
3 7 1 9 5 
7 3 1 5 9 
7 3 1 9 5 

2900 1043205602603172477 2 6
8 9 4 2 11 6 
9 8 4 2 11 6 

2946 3121480572887662773 2 5
1 8 7 11 9 
1 8 11 7 9 

3085 15476917387195100497 4 5
0 10 2 11 3 
0 10 11 2 3 
10 0 2 11 3 
10 0 11 2 3 

728 12476883354267688866 6 5
6 7 9 3 4 
6 9 7 3 4 
7 6 9 3 4 
7 9 6 3 4 
9 6 7 3 4 
9 7 6 3 4 

2352 16843014019913416440 24 4
4 5 8 11 
4 5 11 8 
4 8 5 11 
4 8 11 5 
4 11 8 5 
4 11 5 8 
5 4 8 11 
5 4 11 8 
5 8 4 11 
5 8 11 4 
5 11 8 4 
5 11 4 8 
8 5 4 11 
8 5 11 4 
8 4 5 11 
8 4 11 5 
8 11 4 5 
8 11 5 4 
11 5 8 4 
11 5 4 8 
11 8 5 4 
11 8 4 5 
11 4 8 5 
11 4 5 8 

3461 10675405774597912413 2 6
2 11 10 7 0 8 
11 2 10 7 0 8 

3424 5060424377040983426 1 5
8 5 10 6 11 

1067 2949191067413363353 2 5
1 5 3 10 0 
1 5 10 3 0 

587 17556777928223299223 4 5
0 9 3 6 1 
0 9 6 3 1 
9 0 3 6 1 
9 0 6 3 1 

1669 15115467765429712311 4 5
2 9 0 7 10 
2 9 0 10 7 
9 2 0 7 10 
9 2 0 10 7 

3025 17695231269565550943 1 7
9 4 7 6 11 8 0 

668 11302004251299100924 6 5
2 7 9 3 4 
2 9 7 3 4 
7 2 9 3 4 
7 9 2 3 4 
9 7 2 3 4 
9 2 7 3 4 

2886 6484294797304960581 4 6
8 9 6 11 1 2 
8 9 11 6 1 2 
9 8 6 11 1 2 
9 8 11 6 1 2 

658 13265887374582139811 6 4
1 4 7 9 
1 4 9 7 
1 7 4 9 
1 7 9 4 
1 9 7 4 
1 9 4 7 

749 3062294671149389629 1 7
3 7 6 0 2 9 5 

3106 13872880161774514149 6 4
1 5 10 11 
1 5 11 10 
1 10 5 11 
1 10 11 5 
1 11 10 5 
1 11 5 10 

3245 17226795455786690313 1 7
2 11 5 3 0 7 10 

888 11979678626195039603 1 6
6 8 9 5 3 4 

2839 13542610374297520207 2 7
4 11 9 0 8 1 2 
11 4 9 0 8 1 2 

482 1208365932920581119 2 5
1 8 6 7 5 
1 8 7 6 5 

343 6475331585750377630 4 6
4 6 0 8 1 2 
4 6 8 0 1 2 
6 4 0 8 1 2 
6 4 8 0 1 2 

2700 2861741810154362026 8 5
2 3 7 9 11 
2 3 9 7 11 
3 2 7 9 11 
3 2 9 7 11 
7 9 2 3 11 
7 9 3 2 11 
9 7 3 2 11 
9 7 2 3 11 

2697 9002550714980698801 8 5
0 3 9 11 7 
0 3 11 9 7 
3 0 9 11 7 
3 0 11 9 7 
9 11 0 3 7 
9 11 3 0 7 
11 9 3 0 7 
11 9 0 3 7 

1588 13864608597930871907 2 5
4 10 2 9 5 
10 4 2 9 5 

721 14470620298146543652 4 5
6 9 0 4 7 
6 9 4 0 7 
9 6 4 0 7 
9 6 0 4 7 

2344 16493867128980194667 24 4
3 5 8 11 
3 5 11 8 
3 8 5 11 
3 8 11 5 
3 11 8 5 
3 11 5 8 
5 3 8 11 
5 3 11 8 
5 8 3 11 
5 8 11 3 
5 11 8 3 
5 11 3 8 
8 5 3 11 
8 5 11 3 
8 3 5 11 
8 3 11 5 
8 11 3 5 
8 11 5 3 
11 5 8 3 
11 5 3 8 
11 8 5 3 
11 8 3 5 
11 3 8 5 
11 3 5 8 

1235 9040683465241948737 1 6
1 6 0 4 10 7 

724 9742638882922834169 2 5
7 9 2 4 6 
9 7 2 4 6 

1833 3900556145677954631 4 6
3 10 5 9 0 8 
3 10 9 5 0 8 
10 3 5 9 0 8 
10 3 9 5 0 8 

2155 16318232193805283521 4 6
0 5 3 1 6 11 
0 5 3 1 11 6 
5 0 3 1 6 11 
5 0 3 1 11 6 

3137 14235802879599606453 4 4
0 10 6 11 
0 10 11 6 
10 0 6 11 
10 0 11 6 

2727 12647619992349310193 2 7
7 11 0 2 1 5 9 
11 7 0 2 1 5 9 

370 122248034601436465 8 5
4 6 5 8 1 
4 6 8 5 1 
5 8 6 4 1 
5 8 4 6 1 
6 4 5 8 1 
6 4 8 5 1 
8 5 4 6 1 
8 5 6 4 1 

1222 10165954790778367391 2 5
6 7 10 1 2 
6 10 7 1 2 

2331 15878377743739442360 4 6
1 11 8 0 3 4 
1 11 8 0 4 3 
1 11 0 8 4 3 
1 11 0 8 3 4 

3011 15878569724849419898 1 7
7 1 9 6 11 0 8 

654 961201021267022662 6 5
3 7 9 2 1 
3 9 7 2 1 
7 3 9 2 1 
7 9 3 2 1 
9 3 7 2 1 
9 7 3 2 1 

2872 3074579382010762801 1 6
11 8 5 9 4 3 

1682 17043051125860104821 2 5
1 9 4 7 10 
1 9 4 10 7 

2393 2811043751200701362 4 6
6 11 0 8 4 3 
6 11 8 0 4 3 
11 6 8 0 4 3 
11 6 0 8 4 3 

716 18262178006860428860 4 5
7 9 2 3 6 
7 9 3 2 6 
9 7 3 2 6 
9 7 2 3 6 

469 5812757458389724994 2 6
2 6 7 4 0 8 
6 2 7 4 0 8 

2826 17210811765531201124 8 5
3 11 8 9 1 
3 11 9 8 1 
8 9 3 11 1 
8 9 11 3 1 
9 8 3 11 1 
9 8 11 3 1 
11 3 8 9 1 
11 3 9 8 1 

2478 16115952679722468700 1 7
7 5 8 11 3 1 2 

121 188164556680662115 6 5
0 5 6 4 3 
0 6 5 4 3 
5 0 6 4 3 
5 6 0 4 3 
6 5 0 4 3 
6 0 5 4 3 

3587 17950226067750129705 2 5
10 11 1 0 9 
11 10 1 0 9 

1230 4311854976107377768 2 6
6 3 7 10 1 2 
6 3 10 7 1 2 

662 13002690408459720659 6 5
4 7 9 1 2 
4 9 7 1 2 
7 4 9 1 2 
7 9 4 1 2 
9 4 7 1 2 
9 7 4 1 2 

1744 6551194977117695935 2 5
4 6 9 7 10 
4 9 6 7 10 

714 2095073715130489965 2 5
7 9 3 1 6 
9 7 3 1 6 

681 8916695431692514919 4 5
3 7 0 5 9 
3 7 0 9 5 
7 3 0 5 9 
7 3 0 9 5 

203 3121480572887662773 2 5
1 6 0 7 3 
1 6 7 0 3 

2962 5942086662791921643 4 6
1 4 8 11 9 7 
1 8 4 9 11 7 
1 9 11 8 4 7 
1 11 9 4 8 7 

339 15703728869710088423 4 5
1 4 6 0 8 
1 4 6 8 0 
1 6 4 0 8 
1 6 4 8 0 

3585 6550893481700717309 6 4
0 9 10 11 
0 9 11 10 
0 10 9 11 
0 10 11 9 
0 11 10 9 
0 11 9 10 

119 14389718993016440109 4 6
4 6 0 5 1 2 
4 6 5 0 1 2 
6 4 5 0 1 2 
6 4 0 5 1 2 

2476 10780556118029967899 2 6
11 5 2 7 3 8 
11 7 3 5 2 8 

1485 18031711293090620986 2 7
2 6 3 10 7 0 8 
6 2 3 10 7 0 8 

3842 64884230381840168 2 5
10 11 1 8 9 
11 10 1 8 9 

3494 15249820496273874926 1 7
11 8 5 7 10 1 2 

1137 16964128542291722576 2 5
5 6 0 4 10 
6 5 0 4 10 

1648 4308859838972150509 1 5
4 10 6 5 9 

2757 15356622979391907627 1 6
0 2 7 9 6 11 

1107 3549298466005425972 2 5
1 6 0 10 4 
1 6 10 0 4 

115 11771461267371093580 4 5
4 6 0 5 1 
4 6 5 0 1 
6 4 5 0 1 
6 4 0 5 1 

2472 16964128542291722576 2 5
5 11 8 3 7 
11 5 8 3 7 

1363 17436642221147655578 1 6
1 6 10 4 0 8 

3206 7583970726126725611 2 5
11 7 10 1 2 
11 10 7 1 2 

849 12786866701162581528 6 5
4 6 9 8 0 
4 9 6 8 0 
6 4 9 8 0 
6 9 4 8 0 
9 4 6 8 0 
9 6 4 8 0 

2161 14205586631161939149 2 5
0 5 4 6 11 
5 0 4 6 11 

3270 14130434534095662238 2 6
7 10 6 11 1 2 
10 7 6 11 1 2 

3977 3036235504380930816 2 7
9 11 3 0 8 10 7 
11 9 3 0 8 10 7 

1620 2861741810154362026 8 5
2 4 9 10 6 
2 4 10 9 6 
4 2 9 10 6 
4 2 10 9 6 
9 10 2 4 6 
9 10 4 2 6 
10 9 4 2 6 
10 9 2 4 6 

2729 3284886620169324691 1 6
3 0 11 7 5 9 

1482 5724113881966997585 1 6
1 6 8 3 7 10 

3271 14835966255328541823 1 7
0 10 7 6 11 1 2 

914 3121480572887662773 2 5
1 9 7 4 8 
1 9 4 7 8 

3132 16422845455431186346 2 6
5 10 2 11 4 3 
10 5 2 11 4 3 

630 13684978760482285531 4 6
4 6 5 9 2 1 
4 6 9 5 2 1 
6 4 5 9 2 1 
6 4 9 5 2 1 

3528 9227903648484236682 2 6
8 3 6 11 7 10 
8 3 11 6 7 10 

1171 16956257086249884326 1 5
1 0 4 7 10 

3333 1031511967050065677 6 5
2 10 11 0 8 
2 11 10 0 8 
10 2 11 0 8 
10 11 2 0 8 
11 2 10 0 8 
11 10 2 0 8 

976 18377578517851527074 4 5
6 9 8 4 7 
6 9 4 8 7 
9 6 8 4 7 
9 6 4 8 7 

3649 4910521466211308921 1 5
0 10 9 11 6 

2760 7809369332903029310 2 5
3 7 9 6 11 
3 9 7 6 11 

403 14775829029187417189 2 5
1 4 7 0 8 
1 7 4 0 8 

3301 2877013497703684957 1 7
0 2 5 10 7 11 6 

944 1949253709658651230 4 5
4 7 8 5 9 
4 7 8 9 5 
7 4 8 5 9 
7 4 8 9 5 

2808 11821484790342364019 1 7
7 3 4 9 5 11 6 

451 10219462682724858278 2 5
1 6 7 8 0 
1 7 6 8 0 

708 6842218881654508666 6 4
2 6 7 9 
2 6 9 7 
2 7 6 9 
2 7 9 6 
2 9 7 6 
2 9 6 7 

3606 16955805851785047127 2 6
9 10 4 11 2 1 
10 9 4 11 2 1 

1249 16967669401740759220 2 5
0 5 6 10 7 
0 6 5 10 7 

2358 6614270598635622505 4 6
5 8 4 11 1 2 
5 8 11 4 1 2 
8 5 4 11 1 2 
8 5 11 4 1 2 

331 13003427299503830375 4 5
1 3 6 0 8 
1 3 6 8 0 
1 6 3 0 8 
1 6 3 8 0 

3229 2874264468529205750 2 7
2 11 0 10 7 4 3 
11 2 0 10 7 4 3 

872 15727986152232345783 4 5
3 6 8 5 9 
3 6 8 9 5 
6 3 8 5 9 
6 3 8 9 5 

841 9620469701157494860 12 5
3 6 9 8 0 
3 6 9 0 8 
3 9 6 8 0 
3 9 6 0 8 
6 3 9 8 0 
6 3 9 0 8 
6 9 3 8 0 
6 9 3 0 8 
9 3 6 8 0 
9 3 6 0 8 
9 6 3 8 0 
9 6 3 0 8 

2465 368689624251084232 6 5
5 7 11 8 0 
5 11 7 8 0 
7 5 11 8 0 
7 11 5 8 0 
11 5 7 8 0 
11 7 5 8 0 

1924 12096436679756234900 4 5
2 9 8 7 10 
2 9 8 10 7 
9 2 8 7 10 
9 2 8 10 7 

842 17210811765531201124 8 5
3 6 8 9 1 
3 6 9 8 1 
6 3 8 9 1 
6 3 9 8 1 
8 9 6 3 1 
8 9 3 6 1 
9 8 6 3 1 
9 8 3 6 1 

395 13064460679841753069 4 5
1 3 7 0 8 
1 3 7 8 0 
1 7 3 0 8 
1 7 3 8 0 

2613 2480140881012411721 2 6
4 11 0 2 9 5 
11 4 0 2 9 5 

936 8916695431692514919 4 5
3 7 8 5 9 
3 7 8 9 5 
7 3 8 5 9 
7 3 8 9 5 

1636 1605685563868154682 2 5
2 6 10 5 9 
2 10 6 5 9 

1095 1791809861644980852 6 5
0 6 10 1 2 
0 10 6 1 2 
6 0 10 1 2 
6 10 0 1 2 
10 6 0 1 2 
10 0 6 1 2 

2691 10395592142524153349 2 5
1 0 7 11 9 
1 0 11 7 9 

1582 8653930678206899104 2 6
3 10 5 9 2 1 
10 3 5 9 2 1 

1609 10535858816521210636 4 5
0 3 6 9 10 
0 3 9 6 10 
3 0 6 9 10 
3 0 9 6 10 

2698 3121480572887662773 2 5
1 3 7 9 11 
1 3 9 7 11 

1589 8291241132421332429 2 6
4 10 2 0 9 5 
10 4 2 0 9 5 

3432 15246289277208013841 1 6
8 3 5 10 6 11 

1075 3121480572887662773 2 5
1 5 4 10 0 
1 5 10 4 0 

1666 14341367801945473766 2 4
1 9 7 10 
1 9 10 7 

3482 8309141864689607344 4 7
1 11 8 7 10 4 3 
1 11 8 7 10 3 4 
1 11 8 10 7 4 3 
1 11 8 10 7 3 4 

1125 16964128542291722576 2 5
6 10 0 2 5 
10 6 0 2 5 

2234 14958277759486070206 2 6
5 7 1 11 4 3 
7 5 1 11 4 3 

365 18374469460899010481 4 6
3 6 5 2 0 8 
3 6 5 2 8 0 
6 3 5 2 0 8 
6 3 5 2 8 0 

2722 14551635732055636811 2 5
1 7 11 5 9 
1 11 7 5 9 

3970 18459451929228726 1 6
1 8 11 9 10 7 

1613 15996805703364594649 2 6
0 10 9 3 2 6 
10 0 9 3 6 2 

1099 1617049567227008919 2 5
1 6 0 10 3 
1 6 10 0 3 

1640 4308859838972150509 1 5
3 6 10 5 9 

1159 13963589094304490484 2 5
0 7 10 1 2 
0 10 7 1 2 

3377 7793698474169151636 2 6
5 11 4 10 8 0 
11 5 4 10 8 0 

2979 8429669179408824363 2 7
7 11 1 8 0 5 9 
11 7 1 8 0 5 9 

622 5867489644942960815 4 6
3 6 5 9 2 1 
3 6 9 5 2 1 
6 3 5 9 2 1 
6 3 9 5 2 1 

1731 14669316375797526376 1 6
1 0 6 9 7 10 

3520 6290546751556126061 2 5
8 6 11 7 10 
8 11 6 7 10 

1163 16956257086249884326 1 5
1 0 3 10 7 

3544 5372309657508194489 2 7
6 11 8 7 10 4 3 
11 6 8 7 10 4 3 

1187 17901533090256859283 2 5
1 5 0 7 10 
1 5 0 10 7 

2296 4105407919815151663 2 6
5 7 4 3 11 6 
7 5 4 3 11 6 

709 9742638882922834169 2 5
6 7 2 0 9 
7 6 2 0 9 

1818 13297663258192990847 2 6
1 9 10 8 3 4 
1 9 10 8 4 3 

3607 3064796406526032665 1 7
10 9 0 11 4 2 1 

1250 13930825313280941418 2 5
1 5 6 10 7 
1 6 5 10 7 

3408 6743144585337136690 4 5
8 10 4 6 11 
8 10 4 11 6 
10 8 4 6 11 
10 8 4 11 6 

1051 17286901793883371364 2 5
1 0 10 3 4 
1 10 0 3 4 

3269 17511607575270630390 1 6
0 2 10 7 11 6 

498 50304799164848462 4 6
1 4 8 6 5 7 
1 5 6 8 4 7 
1 6 5 4 8 7 
1 8 4 5 6 7 

1607 10030182911597459837 2 6
6 10 0 9 1 2 
10 6 0 9 1 2 

2716 13156156264668835770 2 6
7 9 2 11 3 4 
9 7 2 11 3 4 

1387 7264157659597574875 1 7
6 10 3 5 1 0 8 

3744 13298771238746109643 4 5
5 10 9 7 11 
5 10 7 9 11 
10 5 9 7 11 
10 5 7 9 11 

2635 5121970679817861557 2 6
0 9 3 1 11 6 
9 0 3 1 11 6 

3937 8054916810551909529 1 7
10 0 8 11 6 5 9 

1580 16298346047129279757 4 5
3 10 2 9 5 
3 10 2 5 9 
10 3 2 9 5 
10 3 2 5 9 

1039 12824707424527491784 6 5
0 3 10 1 2 
0 10 3 1 2 
3 0 10 1 2 
3 10 0 1 2 
10 3 0 1 2 
10 0 3 1 2 

2405 3034196000402880683 2 6
5 2 6 11 8 0 
5 2 11 6 8 0 

1810 3121480572887662773 2 5
1 9 4 10 8 
1 9 10 4 8 

1840 8916695431692514919 4 5
4 10 8 9 5 
4 10 8 5 9 
10 4 8 9 5 
10 4 8 5 9 

2949 17679276914396844753 2 6
7 11 2 9 8 0 
11 7 2 9 8 0 

2705 15476917387195100497 4 5
0 4 9 11 7 
0 4 11 9 7 
4 0 9 11 7 
4 0 11 9 7 

1596 13874066143330809107 1 6
10 2 9 5 4 3 

1082 18288307128267330600 2 5
1 5 10 3 4 
1 10 5 3 4 

2191 5150190477199881336 2 6
0 7 11 3 1 2 
7 0 11 3 1 2 

3300 17293475449204062816 1 6
2 5 10 7 11 6 

1349 12786866701162581528 6 5
2 6 10 0 8 
2 10 6 0 8 
6 2 10 0 8 
6 10 2 0 8 
10 2 6 0 8 
10 6 2 0 8 

2458 12801063352477278406 4 6
1 11 7 8 4 3 
1 11 7 8 3 4 
1 11 8 7 4 3 
1 11 8 7 3 4 

3734 9861132514371604583 1 7
9 4 11 10 7 2 1 

1377 368689624251084232 6 5
5 6 10 0 8 
5 10 6 0 8 
6 5 10 0 8 
6 10 5 0 8 
10 5 6 0 8 
10 6 5 0 8 

1093 16493867128980194667 24 4
0 2 6 10 
0 2 10 6 
0 6 2 10 
0 6 10 2 
0 10 6 2 
0 10 2 6 
2 0 6 10 
2 0 10 6 
2 6 0 10 
2 6 10 0 
2 10 6 0 
2 10 0 6 
6 2 0 10 
6 2 10 0 
6 0 2 10 
6 0 10 2 
6 10 0 2 
6 10 2 0 
10 2 6 0 
10 2 0 6 
10 6 2 0 
10 6 0 2 
10 0 6 2 
10 0 2 6 

1634 15331594332679144045 2 5
1 6 10 5 9 
1 10 6 5 9 

1442 3478978945784719257 2 5
1 5 8 7 10 
1 5 8 10 7 

2436 16493867128980194667 24 4
2 7 8 11 
2 7 11 8 
2 8 7 11 
2 8 11 7 
2 11 8 7 
2 11 7 8 
7 2 8 11 
7 2 11 8 
7 8 2 11 
7 8 11 2 
7 11 8 2 
7 11 2 8 
8 7 2 11 
8 7 11 2 
8 2 7 11 
8 2 11 7 
8 11 2 7 
8 11 7 2 
11 7 8 2 
11 7 2 8 
11 8 7 2 
11 8 2 7 
11 2 8 7 
11 2 7 8 

2546 8525502011578982734 1 7
8 5 7 1 4 11 6 

189 619306086038861002 2 6
2 5 7 0 4 3 
5 2 7 0 4 3 

2353 1031511967050065677 6 5
4 5 11 8 0 
4 11 5 8 0 
5 4 11 8 0 
5 11 4 8 0 
11 4 5 8 0 
11 5 4 8 0 

3462 18199648310064395601 1 6
11 8 7 10 1 2 

1812 2861741810154362026 8 5
2 9 4 10 8 
2 9 10 4 8 
4 10 9 2 8 
4 10 2 9 8 
9 2 4 10 8 
9 2 10 4 8 
10 4 9 2 8 
10 4 2 9 8 

3914 17136881638890824940 1 7
8 9 10 1 3 11 6 

1557 2861741810154362026 8 5
2 9 4 10 0 
2 9 10 4 0 
4 10 9 2 0 
4 10 2 9 0 
9 2 4 10 0 
9 2 10 4 0 
10 4 2 9 0 
10 4 9 2 0 

2666 216617602034047105 2 6
3 1 5 9 6 11 
3 1 9 5 6 11 

2099 17210811765531201124 8 5
0 5 4 11 1 
0 5 11 4 1 
4 11 0 5 1 
4 11 5 0 1 
5 0 4 11 1 
5 0 11 4 1 
11 4 5 0 1 
11 4 0 5 1 

1618 10395592142524153349 2 5
1 4 9 10 6 
1 4 10 9 6 

1586 6015703033914357944 4 5
4 10 1 9 5 
4 10 1 5 9 
10 4 1 9 5 
10 4 1 5 9 

2695 2554518180061172985 2 6
7 11 0 9 1 2 
11 7 0 9 1 2 

1585 8916695431692514919 4 5
4 10 0 9 5 
4 10 0 5 9 
10 4 0 9 5 
10 4 0 5 9 

1633 2693133795514008578 2 5
0 6 10 5 9 
0 10 6 5 9 

2211 64884230381840168 2 5
7 11 1 0 5 
11 7 1 0 5 

1129 10678555977736241251 2 5
5 6 0 3 10 
6 5 0 3 10 

3347 1873986830483585046 1 6
1 11 10 4 0 8 

1670 14611758653649821719 2 5
9 7 10 2 1 
9 10 7 2 1 

1126 4209029968765770550 6 5
5 6 10 1 2 
5 10 6 1 2 
6 5 10 1 2 
6 10 5 1 2 
10 5 6 1 2 
10 6 5 1 2 

1667 10782414857833546824 2 5
1 9 0 7 10 
1 9 0 10 7 

2776 3408048960095666450 2 6
7 9 3 4 6 11 
9 7 3 4 6 11 

1684 8748556524691214735 2 5
2 9 4 10 7 
9 2 4 10 7 

1189 6743144585337136690 4 5
2 5 0 7 10 
2 5 0 10 7 
5 2 0 7 10 
5 2 0 10 7 

1698 143725688640646691 2 5
1 7 10 5 9 
1 10 7 5 9 

3170 123963377873077995 2 5
1 5 10 6 11 
1 10 5 6 11 

952 5032884347670620702 2 6
7 8 5 9 3 4 
7 8 9 5 3 4 

1357 13008496260309061241 2 6
2 6 10 3 0 8 
6 2 10 3 0 8 

3714 5441938841490034217 2 5
1 9 11 10 7 
1 11 9 10 7 

2605 7083952503225195246 2 6
3 11 0 2 9 5 
11 3 0 2 9 5 

2091 17210811765531201124 8 5
0 5 3 11 1 
0 5 11 3 1 
3 11 0 5 1 
3 11 5 0 1 
5 0 3 11 1 
5 0 11 3 1 
11 3 5 0 1 
11 3 0 5 1 

3907 9381168235384225868 1 7
10 1 9 11 6 0 8 

1550 13002690408459720659 6 5
3 9 10 1 2 
3 10 9 1 2 
9 3 10 1 2 
9 10 3 1 2 
10 3 9 1 2 
10 9 3 1 2 

2659 8615701110583043620 2 6
0 1 6 11 9 5 
0 1 11 6 9 5 

1610 3121480572887662773 2 5
1 3 9 10 6 
1 3 10 9 6 

1577 17735614887856741856 4 5
3 10 0 9 5 
3 10 0 5 9 
10 3 0 9 5 
10 3 0 5 9 

4033 4475037611992372970 1 7
9 0 8 11 6 7 10 

1676 8748556524691214735 2 5
2 9 3 7 10 
9 2 3 7 10 

2785 14890992641434466412 1 6
0 7 6 11 5 9 

399 11447263389142892551 4 6
3 7 1 2 0 8 
3 7 1 2 8 0 
7 3 1 2 0 8 
7 3 1 2 8 0 

2756 7809369332903029310 2 5
2 7 9 6 11 
2 9 7 6 11 

1674 17043051125860104821 2 5
1 9 3 7 10 
1 9 3 10 7 

235 5942086662791921643 4 6
1 0 3 5 6 7 
1 3 0 6 5 7 
1 5 6 0 3 7 
1 6 5 3 0 7 

2453 12216236925529264147 2 6
2 11 7 4 0 8 
11 2 7 4 0 8 

1858 3121480572887662773 2 5
1 8 6 10 9 
1 8 10 6 9 

1888 15718247968269728054 2 5
8 6 10 5 9 
8 10 6 5 9 

670 14629969641715341664 2 6
7 9 2 1 3 4 
9 7 2 1 3 4 

717 17753716194467904072 2 6
7 9 0 6 3 2 
9 7 0 6 2 3 

3075 11375329596411982627 6 4
1 0 10 11 
1 0 11 10 
1 10 0 11 
1 10 11 0 
1 11 10 0 
1 11 0 10 

718 840281529841130533 2 6
7 9 3 6 2 1 
9 7 3 6 2 1 

715 15314207717944053758 1 6
9 6 1 7 0 3 

732 432228583740460260 2 6
7 9 2 6 3 4 
9 7 2 6 3 4 

1841 13432112773481201663 8 6
4 10 5 9 8 0 
4 10 5 9 0 8 
4 10 9 5 8 0 
4 10 9 5 0 8 
10 4 5 9 8 0 
10 4 5 9 0 8 
10 4 9 5 8 0 
10 4 9 5 0 8 

2950 15794239717555261455 2 6
7 11 8 9 1 2 
11 7 8 9 1 2 

729 7453787561935463879 2 6
6 9 0 7 3 4 
9 6 0 7 3 4 

2947 4483270215349114712 2 6
7 11 1 9 0 8 
11 7 1 9 0 8 

686 14691422790219251560 2 6
3 7 9 5 2 1 
7 3 9 5 2 1 

2904 7911919609580085821 2 6
8 9 6 11 4 3 
9 8 6 11 4 3 

3042 13420286272645855666 1 7
8 1 7 6 11 5 9 

685 8291241132421332429 2 6
3 7 2 0 9 5 
7 3 2 0 9 5 

698 10673322300694991893 1 6
7 1 5 9 3 4 

2916 9685541437763355934 2 6
8 2 6 11 5 9 
8 2 11 6 5 9 

700 13874066143330809107 1 6
7 2 9 5 3 4 

697 11301915010256004180 2 6
7 0 5 9 3 4 
7 0 9 5 3 4 

1806 5150190477199881336 2 6
3 10 9 8 1 2 
10 3 9 8 1 2 

748 15701450730260219555 1 6
3 2 7 6 9 5 

745 3970075292320049087 1 6
3 0 6 7 9 5 

3103 12954405927884073361 2 7
0 10 11 1 2 4 3 
10 0 11 1 2 4 3 

746 12291757765102317162 1 6
3 1 7 6 9 5 

607 15502767506277944828 2 7
0 9 6 4 3 1 2 
9 0 6 4 3 1 2 

2964 15996805703364594649 2 6
2 11 9 4 8 7 
11 2 9 4 7 8 

621 18421576807230540728 4 6
3 6 0 2 5 9 
3 6 0 2 9 5 
6 3 0 2 5 9 
6 3 0 2 9 5 

2978 5219121319270936908 2 6
7 11 1 8 5 9 
11 7 1 8 5 9 

3210 8502057116101362362 2 5
1 11 3 10 7 
1 11 3 7 10 

853 17679276914396844753 2 6
4 6 9 2 8 0 
6 4 9 2 8 0 

851 8213399410679797771 2 6
4 6 9 1 0 8 
6 4 9 1 0 8 

1960 4062557009722690976 2 6
3 8 5 9 7 10 
3 8 9 5 7 10 

3239 13589673777848395063 1 7
11 0 5 7 10 1 2 

882 16386471912795809162 2 6
4 6 8 1 5 9 
6 4 8 1 5 9 

3275 9960130765960490725 1 7
1 0 3 6 11 10 7 

918 5150190477199881336 2 6
4 7 9 8 1 2 
7 4 9 8 1 2 

742 10316407918737684902 2 6
6 7 2 1 9 5 
7 6 2 1 9 5 

3099 5145917929347102864 2 6
1 11 10 0 3 4 
1 11 0 10 3 4 

3272 1015409627675151109 8 5
3 6 11 10 7 
3 6 11 7 10 
3 7 10 6 11 
3 7 10 11 6 
3 10 7 6 11 
3 10 7 11 6 
3 11 6 10 7 
3 11 6 7 10 

915 14495165734689992369 2 6
1 9 4 7 0 8 
1 9 7 4 0 8 

3320 2869298097459890287 1 7
5 4 3 11 6 10 7 

963 14715286686585392292 2 6
6 7 1 9 0 8 
7 6 1 9 0 8 

965 13787560095460021362 4 6
6 7 2 9 8 0 
6 7 2 9 0 8 
7 6 2 9 8 0 
7 6 2 9 0 8 

3335 11414830568178044068 2 6
10 11 1 2 0 8 
11 10 1 2 0 8 

978 17758155810830921204 1 6
6 7 4 9 1 8 

980 13071213378545451425 2 6
6 9 2 7 4 8 
9 6 2 7 8 4 

3334 13002690408459720659 6 5
8 10 11 1 2 
8 11 10 1 2 
10 8 11 1 2 
10 11 8 1 2 
11 8 10 1 2 
11 10 8 1 2 

977 1707229224594325172 2 6
6 9 4 7 0 8 
9 6 4 7 0 8 

946 1962311027175006444 2 6
4 7 1 8 5 9 
7 4 1 8 5 9 

3305 16468090657672821182 1 7
0 3 5 11 6 10 7 

948 10252758742225982687 4 6
4 7 2 8 5 9 
4 7 2 8 9 5 
7 4 2 8 5 9 
7 4 2 8 9 5 

3302 12905486843116112947 1 7
5 1 2 10 7 11 6 

945 3900556145677954631 4 6
4 7 5 9 0 8 
4 7 9 5 0 8 
7 4 5 9 0 8 
7 4 9 5 0 8 

996 12716338820689827872 2 6
6 7 2 8 9 5 
7 6 2 8 9 5 

857 11492665961789889718 2 6
6 9 8 0 4 3 
9 6 8 0 4 3 

3214 7217087912827815663 2 6
11 3 7 10 1 2 
11 3 10 7 1 2 

3226 13740562247773236493 4 6
1 11 7 10 4 3 
1 11 7 10 3 4 
1 11 10 7 4 3 
1 11 10 7 3 4 

854 14389718993016440109 4 6
4 6 8 9 1 2 
4 6 9 8 1 2 
6 4 8 9 1 2 
6 4 9 8 1 2 

3211 7751957491903373691 1 6
1 11 0 3 10 7 

3202 14341367801945473766 2 4
1 11 10 7 
1 11 7 10 

845 18374469460899010481 4 6
3 6 9 2 8 0 
3 6 9 2 0 8 
6 3 9 2 8 0 
6 3 9 2 0 8 

1954 10761408462547941557 2 6
1 8 7 10 5 9 
1 8 10 7 5 9 

3215 16368399696943997271 1 7
11 0 3 1 2 10 7 

858 5221946743999863856 2 6
8 9 6 1 4 3 
9 8 6 1 4 3 

860 6963252772868931201 2 6
8 9 6 2 4 3 
9 8 6 2 4 3 

3203 2539691513627814076 1 5
1 11 0 10 7 

846 4271210428700080906 8 6
3 6 8 9 1 2 
3 6 9 8 1 2 
6 3 8 9 1 2 
6 3 9 8 1 2 
8 9 3 6 1 2 
8 9 6 3 1 2 
9 8 3 6 1 2 
9 8 6 3 1 2 

3233 16325191593490913287 2 5
0 5 11 7 10 
0 11 5 7 10 

876 18421576807230540728 4 6
3 6 8 2 5 9 
3 6 8 2 9 5 
6 3 8 2 5 9 
6 3 8 2 9 5 

1985 13270887691816430427 2 6
6 9 0 8 7 10 
9 6 0 8 7 10 

874 9426479681123323972 2 6
3 6 8 1 5 9 
6 3 8 1 5 9 

3264 1462365906018595160 24 4
6 7 10 11 
6 7 11 10 
6 10 7 11 
6 10 11 7 
6 11 10 7 
6 11 7 10 
7 6 10 11 
7 6 11 10 
7 10 6 11 
7 10 11 6 
7 11 10 6 
7 11 6 10 
10 7 6 11 
10 7 11 6 
10 6 7 11 
10 6 11 7 
10 11 6 7 
10 11 7 6 
11 7 10 6 
11 7 6 10 
11 10 7 6 
11 10 6 7 
11 6 10 7 
11 6 7 10 

907 10602660932198517874 2 6
1 9 3 7 0 8 
1 9 7 3 0 8 

2016 4815644037715285647 1 6
8 6 9 5 10 7 

3125 1975438385009138088 2 6
11 2 5 4 10 0 
11 10 4 5 2 0 

922 13297663258192990847 2 6
1 9 7 8 4 3 
1 9 7 8 3 4 

3266 16026548728432595747 2 5
1 7 10 6 11 
1 10 7 6 11 

909 13541940137333956203 16 6
2 9 3 7 8 0 
2 9 3 7 0 8 
2 9 7 3 8 0 
2 9 7 3 0 8 
3 7 2 9 8 0 
3 7 2 9 0 8 
3 7 9 2 8 0 
3 7 9 2 0 8 
7 3 2 9 8 0 
7 3 2 9 0 8 
7 3 9 2 8 0 
7 3 9 2 0 8 
9 2 3 7 8 0 
9 2 3 7 0 8 
9 2 7 3 8 0 
9 2 7 3 0 8 

970 14425539948123693342 1 6
6 7 3 9 1 8 

3188 6422735992914151994 2 6
5 10 4 2 6 11 
10 5 4 2 6 11 

972 17753716194467904072 2 6
7 9 8 6 3 2 
9 7 8 6 2 3 

969 13787560095460021362 4 6
6 9 3 7 8 0 
6 9 3 7 0 8 
9 6 3 7 8 0 
9 6 3 7 0 8 

938 14921588540639558027 2 6
3 7 1 8 5 9 
7 3 1 8 5 9 

937 13432112773481201663 8 6
3 7 5 9 8 0 
3 7 5 9 0 8 
3 7 9 5 8 0 
3 7 9 5 0 8 
7 3 5 9 8 0 
7 3 5 9 0 8 
7 3 9 5 8 0 
7 3 9 5 0 8 

3155 3630677509123303391 2 6
0 10 1 4 6 11 
10 0 1 4 6 11 

3468 12585747384167151295 2 6
2 11 8 3 7 10 
11 2 8 3 7 10 

1111 10030182911597459837 2 6
0 10 6 4 1 2 
10 0 6 4 1 2 

3436 17022120537692003150 1 7
8 5 10 2 3 6 11 

1079 5150190477199881336 2 6
4 10 5 0 1 2 
10 4 5 0 1 2 

940 8291241132421332429 2 6
3 7 2 8 9 5 
7 3 2 8 9 5 

3297 15524499950207309815 1 6
0 5 11 6 10 7 

1142 15670811860038613613 2 6
5 10 4 6 1 2 
10 5 4 6 1 2 

2251 4625280432573468866 4 6
0 7 1 3 6 11 
0 7 1 3 11 6 
7 0 1 3 6 11 
7 0 1 3 11 6 

3484 17850617493688820730 2 7
2 11 8 7 10 4 3 
11 2 8 7 10 4 3 

1127 7310552796484512446 2 6
6 10 0 5 1 2 
10 6 0 5 1 2 

2236 15963195480403064570 2 6
5 7 2 11 4 3 
7 5 2 11 4 3 

3496 1565099782556397695 2 6
5 11 8 3 7 10 
11 5 8 3 7 10 

1139 6093326112892788638 1 6
6 10 4 5 1 0 

3498 3942762283025005266 1 7
1 5 11 8 3 7 10 

1141 10780556118029967899 2 6
6 5 2 10 4 0 
6 10 4 5 2 0 

1223 7826212604989797086 1 6
6 0 10 7 1 2 

3595 8009638233332873130 1 6
9 10 0 11 1 3 

1238 5971368530762075159 2 6
6 4 7 10 1 2 
6 4 10 7 1 2 

2347 14613304142034277498 2 6
3 11 5 1 8 0 
11 3 5 1 8 0 

1191 14787195345434048260 2 6
5 0 7 10 1 2 
5 0 10 7 1 2 

3409 29742995416044714 2 6
10 4 6 11 0 8 
10 4 11 6 0 8 

3560 972798955786602353 1 7
8 3 5 11 6 10 7 

1203 887642091687258728 1 6
1 5 4 0 7 10 

1205 939359381137693712 2 6
2 5 4 0 7 10 
5 2 4 0 7 10 

3610 9576300192501824651 4 6
9 10 1 11 3 4 
9 10 1 11 4 3 
10 9 1 11 4 3 
10 9 1 11 3 4 

1253 16206722909743113913 1 6
2 0 6 5 10 7 

2362 15243078999064986174 2 6
5 8 11 1 4 3 
8 5 11 1 4 3 

3611 12642694501721234966 1 7
9 11 1 10 0 4 3 

1254 1424047608735086427 2 6
5 6 1 2 10 7 
6 5 1 2 10 7 

3623 2684014620334213854 2 7
10 11 0 2 1 9 5 
11 10 0 2 1 9 5 

1266 16137719886316692076 1 6
1 4 5 6 10 7 

2375 1817234547923104638 4 6
6 11 0 8 1 2 
6 11 8 0 1 2 
11 6 8 0 1 2 
11 6 0 8 1 2 

3622 8372320828613469968 2 6
10 11 2 1 9 5 
11 10 2 1 9 5 

1265 2601344156369602166 2 6
5 6 0 4 10 7 
6 5 0 4 10 7 

3412 939359381137693712 2 6
8 10 2 4 11 6 
10 8 2 4 11 6 

1055 9933740288236651815 2 6
0 10 1 2 3 4 
10 0 1 2 3 4 

3273 14709165614563038276 2 6
0 3 6 11 10 7 
0 3 11 6 10 7 

3460 17929499870500844603 2 5
2 11 8 7 10 
11 2 8 7 10 

1103 3989077027287505118 2 6
0 10 6 3 1 2 
10 0 6 3 1 2 

3440 11649512295052901023 1 6
8 4 5 10 6 11 

1083 7188395773240071624 1 6
1 5 10 0 3 4 

3442 9917021205809548307 1 7
8 5 10 1 4 6 11 

1085 619306086038861002 2 6
2 5 10 0 3 4 
5 2 10 0 3 4 

3488 519885966325719590 2 5
8 5 11 7 10 
8 11 5 7 10 

1131 9234498681767223592 1 6
10 6 3 5 0 1 

992 17229213091681002429 2 5
8 6 7 9 5 
8 7 6 9 5 

3349 7793698474169151636 2 6
2 11 10 4 0 8 
11 2 10 4 0 8 

1145 15130850328330171349 2 6
5 6 0 10 3 4 
6 5 0 10 3 4 

3363 10685885158950423118 2 6
10 11 1 5 8 0 
11 10 1 5 8 0 

1227 13177141052356245718 1 6
1 6 0 3 10 7 

3586 105691723708240674 6 4
1 9 10 11 
1 9 11 10 
1 10 9 11 
1 10 11 9 
1 11 10 9 
1 11 9 10 

1229 14731671870369167825 2 6
2 6 0 3 10 7 
6 2 0 3 10 7 

1198 4258461867057980298 1 6
5 3 10 7 1 2 

3552 3985524158805340701 1 6
8 5 11 6 10 7 

1195 887642091687258728 1 6
1 5 3 0 10 7 

3554 2462566767808307509 1 7
1 8 5 6 11 7 10 

1197 939359381137693712 2 6
2 5 3 0 10 7 
5 2 3 0 10 7 

1210 13148107185447877427 2 6
1 5 7 10 3 4 
1 5 10 7 4 3 

2319 11164089421925063616 4 6
3 11 0 8 1 2 
3 11 8 0 1 2 
11 3 8 0 1 2 
11 3 0 8 1 2 

1071 2324796038967897027 2 6
3 10 5 0 1 2 
10 3 5 0 1 2 

3428 996648347406216008 1 6
8 2 10 5 6 11 

1258 555304386805604431 1 6
1 3 5 6 10 7 

1119 5439358976800220429 2 7
0 10 6 1 2 4 3 
10 0 6 1 2 4 3 

3476 6742865187071144467 2 6
2 11 8 4 7 10 
11 2 8 4 7 10 

3614 9466157985011064392 2 7
9 10 11 2 1 4 3 
10 9 11 2 1 4 3 

1257 18316689973860846735 2 6
5 6 0 3 10 7 
6 5 0 3 10 7 

1303 11447263389142892551 4 6
4 10 1 2 8 0 
4 10 1 2 0 8 
10 4 1 2 8 0 
10 4 1 2 0 8 

2412 12585747384167151295 2 6
5 8 3 2 11 6 
8 5 3 2 11 6 

3521 5754959612076130161 2 6
6 11 10 7 0 8 
11 6 10 7 0 8 

3723 7794128941791284735 1 7
1 9 11 0 3 10 7 

1366 2554518180061172985 2 6
8 10 6 4 1 2 
10 8 6 4 1 2 

3722 18459451929228726 1 6
1 3 9 11 10 7 

1365 17679276914396844753 2 6
2 6 10 4 0 8 
6 2 10 4 0 8 

117 9002550714980698801 8 5
0 5 4 6 2 
0 5 6 4 2 
4 6 0 5 2 
4 6 5 0 2 
5 0 4 6 2 
5 0 6 4 2 
6 4 5 0 2 
6 4 0 5 2 

2474 14807418685247389417 1 6
5 11 1 7 8 3 

1334 2554518180061172985 2 6
4 10 5 8 1 2 
10 4 5 8 1 2 

2443 16526654265819939973 2 6
1 11 7 3 8 0 
1 11 7 3 0 8 

3688 3667318977014594144 1 6
3 10 5 9 11 6 

1331 10602660932198517874 2 6
1 5 4 10 8 0 
1 5 10 4 8 0 

1382 15670811860038613613 2 6
6 10 8 5 1 2 
10 6 8 5 1 2 

3738 18169264181089715443 2 7
9 1 11 10 7 3 4 
9 1 11 10 7 4 3 

1381 12245781810809221388 2 6
6 10 2 5 0 8 
10 6 2 5 0 8 

1379 14758120623733285096 2 6
6 10 1 5 0 8 
10 6 1 5 0 8 

2488 11922643349711682852 2 6
5 11 8 7 4 3 
11 5 8 7 4 3 

1394 6042512142998453766 2 6
5 6 1 10 8 4 
6 5 1 10 4 8 

3784 9133368653524394438 2 6
3 9 7 10 11 6 
3 9 6 11 10 7 

1427 5348223064590964139 1 6
1 4 7 10 0 8 

179 2949191067413363353 2 5
1 5 4 7 0 
1 5 7 4 0 

2536 6338895717737680452 1 6
8 3 5 7 11 6 

3750 16234988595735740011 1 7
11 2 1 10 7 5 9 

1393 12245781810809221388 2 6
5 6 4 10 0 8 
6 5 4 10 0 8 

2502 8381409071549353750 2 6
7 8 6 11 1 2 
8 7 6 11 1 2 

1415 11480905416551092709 2 6
7 10 1 2 0 8 
10 7 1 2 0 8 

3847 8445721537921506884 2 7
10 11 9 1 2 0 8 
11 10 9 1 2 0 8 

1490 72156868255170340 1 6
1 6 8 4 7 10 

1477 7515668047319787682 2 6
2 6 10 7 0 8 
6 2 10 7 0 8 

1458 72156868255170340 1 6
1 5 4 8 7 10 

3800 205061392126232541 1 7
9 3 4 6 11 10 7 

1443 1779033509219370464 2 6
1 5 7 10 8 0 
1 5 10 7 8 0 

1445 17412127606877837552 4 6
2 5 7 10 0 8 
2 5 10 7 0 8 
5 2 7 10 0 8 
5 2 10 7 0 8 

1506 16137719886316692076 1 6
1 8 6 5 10 7 

3862 13377898311556943081 1 7
10 9 8 11 4 2 1 

1505 16152935657639523111 2 6
5 6 0 8 10 7 
6 5 0 8 10 7 

2614 7896058873234875044 4 6
4 11 5 9 2 1 
4 11 9 5 2 1 
11 4 5 9 2 1 
11 4 9 5 2 1 

1370 1196968100238082633 2 6
1 6 8 10 4 3 
1 6 10 8 4 3 

1338 10896683667660515440 1 6
1 5 10 8 3 4 

3680 13298771238746109643 4 5
5 11 9 6 10 
5 11 6 9 10 
11 5 9 6 10 
11 5 6 9 10 

1323 7257910050170707101 2 6
1 5 3 10 8 0 
1 5 10 3 8 0 

1385 17938734136446253299 2 6
5 6 3 10 0 8 
6 5 3 10 0 8 

1450 72156868255170340 1 6
1 5 3 8 10 7 

1622 8531027436465418873 2 6
9 10 4 6 2 1 
10 9 4 6 2 1 

3978 2245771621867632283 2 7
1 9 11 8 3 10 7 
1 11 9 3 8 10 7 

1621 16425740347020813734 4 6
2 4 0 6 9 10 
2 9 6 0 4 10 
10 4 6 0 9 2 
10 9 0 6 4 2 

373 17679276914396844753 2 6
4 6 5 2 0 8 
6 4 5 2 0 8 

2730 14268243300054677758 1 6
3 1 7 11 5 9 

1590 14691422790219251560 2 6
4 10 9 5 2 1 
10 4 9 5 2 1 

2699 12796715902279112159 2 6
1 0 3 9 11 7 
1 9 11 0 3 7 

3944 4038593810183311417 1 7
3 8 10 6 11 9 5 

1587 14921588540639558027 2 6
4 10 1 0 9 5 
10 4 1 0 9 5 

1638 7597359825352131598 2 6
6 10 2 1 5 9 
10 6 2 1 5 9 

1637 10476506743161521642 2 6
6 10 2 0 5 9 
10 6 2 0 5 9 

1650 13378617522501995058 1 6
4 1 10 6 5 9 

1635 14217162350041334297 2 6
6 10 1 0 5 9 
10 6 1 0 5 9 

2744 8220631388257559310 1 6
7 11 3 4 5 9 

1652 17398791633996584773 1 6
4 2 10 6 5 9 

2761 246603159967119510 1 6
0 3 9 7 6 11 

1649 11257004672657252108 1 6
4 0 6 10 5 9 

2758 3404207133995517382 2 6
7 9 2 1 6 11 
9 7 2 1 6 11 

1686 17892445631313380781 1 6
9 4 10 7 2 1 

1671 11405556604040712034 2 6
9 0 7 10 2 1 
9 0 10 7 2 1 

4040 453973280175310097 1 7
8 3 9 6 11 10 7 

1683 12714245202708121491 1 6
1 9 4 0 7 10 

435 7257910050170707101 2 6
1 5 4 7 8 0 
1 5 7 4 8 0 

2792 12857644958335346169 1 6
3 7 9 5 11 6 

1685 15786835073332913806 2 6
2 9 4 0 10 7 
9 2 4 0 10 7 

1746 3717692218329195756 1 6
1 4 9 6 7 10 

1748 8025615982875142388 1 6
2 4 9 6 7 10 

2857 1586797230086699565 4 6
3 11 5 9 0 8 
3 11 9 5 8 0 
11 3 5 9 0 8 
11 3 9 5 8 0 

1701 7194473808137766562 2 6
2 0 7 10 9 5 
2 0 10 7 9 5 

1702 3746248079649424072 2 6
7 10 9 5 2 1 
10 7 9 5 2 1 

1699 8448240337301921481 2 6
1 0 7 10 5 9 
1 0 10 7 5 9 

1714 6381040748120967224 1 6
4 1 10 7 5 9 

1713 3218553439592402368 2 6
4 0 5 9 10 7 
4 0 9 5 10 7 

3922 13825665414570933325 1 7
8 9 10 1 4 11 6 

1565 13156156264668835770 2 6
2 9 10 0 4 3 
9 2 10 0 4 3 

2674 8004219738121701075 2 6
4 1 5 9 6 11 
4 1 9 5 6 11 

1566 14629969641715341664 2 6
9 10 2 1 4 3 
10 9 2 1 4 3 

3971 1074053032061715272 1 7
11 1 9 10 7 0 8 

1614 5150190477199881336 2 6
9 10 3 6 1 2 
10 9 3 6 1 2 

366 92273241803866825 4 6
5 8 3 6 1 2 
5 8 6 3 1 2 
8 5 3 6 1 2 
8 5 6 3 1 2 

2723 3496035778774198999 2 6
7 11 1 0 5 9 
11 7 1 0 5 9 

1611 14425676361354630947 1 6
1 0 3 9 6 10 

1626 16616084570934777245 2 6
9 10 1 6 4 3 
10 9 1 6 4 3 

3985 12248684243003609563 2 7
9 11 4 0 8 10 7 
11 9 4 0 8 10 7 

1628 6059386684289591168 2 6
9 10 2 6 4 3 
10 9 2 6 4 3 

2737 16399183763734950800 1 6
4 0 11 7 5 9 

1625 619306086038861002 2 6
6 9 0 10 3 4 
9 6 0 10 3 4 

3938 7865386469183790609 1 7
8 1 10 6 11 9 5 

1581 3713839915107967009 4 6
3 10 2 0 9 5 
3 10 2 0 5 9 
10 3 2 0 9 5 
10 3 2 0 5 9 

1593 11301915010256004180 2 6
10 0 5 9 4 3 
10 0 9 5 4 3 

2702 6249705571245448533 2 6
7 9 3 11 2 1 
9 7 3 11 2 1 

1641 7427390361861587588 1 6
3 0 6 10 5 9 

1642 5210603939164616522 1 6
3 1 10 6 5 9 

1656 5708341467606277391 2 6
6 10 4 3 5 9 
10 6 3 4 5 9 

1678 17892445631313380781 1 6
9 3 7 10 2 1 

4032 9863535650852864754 1 6
8 9 6 11 10 7 

1675 12714245202708121491 1 6
1 9 3 0 10 7 

4034 3733436429634396408 1 7
1 8 9 6 11 10 7 

1677 15786835073332913806 2 6
2 9 3 0 7 10 
9 2 3 0 7 10 

429 7836973853849896892 16 6
2 5 3 7 0 8 
2 5 3 7 8 0 
2 5 7 3 0 8 
2 5 7 3 8 0 
3 7 5 2 0 8 
3 7 5 2 8 0 
3 7 2 5 0 8 
3 7 2 5 8 0 
5 2 3 7 0 8 
5 2 3 7 8 0 
5 2 7 3 0 8 
5 2 7 3 8 0 
7 3 2 5 0 8 
7 3 2 5 8 0 
7 3 5 2 0 8 
7 3 5 2 8 0 

2786 17096349929893503325 1 6
1 7 9 5 11 6 

1690 8057617490948885171 4 6
1 9 7 10 3 4 
1 9 7 10 4 3 
1 9 10 7 3 4 
1 9 10 7 4 3 

1740 18021857639502851647 1 6
2 3 9 6 7 10 

1692 5314460590100693368 4 6
2 9 7 10 4 3 
2 9 10 7 3 4 
9 2 7 10 4 3 
9 2 10 7 3 4 

1752 9226722612685714448 2 6
6 9 3 4 7 10 
9 6 3 4 7 10 

1706 6381040748120967224 1 6
3 1 7 10 5 9 

1705 3218553439592402368 2 6
3 0 5 9 7 10 
3 0 9 5 7 10 

1720 15920657003142485421 4 6
5 9 7 10 4 3 
5 9 10 7 3 4 
9 5 7 10 4 3 
9 5 10 7 3 4 

2829 17679276914396844753 2 6
3 11 9 2 0 8 
11 3 9 2 0 8 

1811 10602660932198517874 2 6
1 9 4 10 0 8 
1 9 10 4 0 8 

2920 17710754279246958354 1 6
3 8 6 11 5 9 

1859 5049577028211286053 2 6
6 10 1 9 0 8 
10 6 1 9 0 8 

1813 13541940137333956203 16 6
2 9 4 10 0 8 
2 9 4 10 8 0 
2 9 10 4 0 8 
2 9 10 4 8 0 
4 10 9 2 0 8 
4 10 9 2 8 0 
4 10 2 9 8 0 
4 10 2 9 0 8 
9 2 4 10 0 8 
9 2 4 10 8 0 
9 2 10 4 0 8 
9 2 10 4 8 0 
10 4 2 9 8 0 
10 4 2 9 0 8 
10 4 9 2 8 0 
10 4 9 2 0 8 

1873 17679276914396844753 2 6
6 9 4 10 8 0 
9 6 4 10 8 0 

1874 12796715902279112159 2 6
1 4 8 6 9 10 
1 6 9 4 8 10 

1876 16425740347020813734 4 6
4 2 8 6 10 9 
4 10 6 8 2 9 
9 2 6 8 10 4 
9 10 8 6 2 4 

1842 14921588540639558027 2 6
4 10 1 8 5 9 
10 4 1 8 5 9 

1844 8291241132421332429 2 6
4 10 2 8 9 5 
10 4 2 8 9 5 

2953 17679276914396844753 2 6
9 11 3 7 0 8 
11 9 3 7 0 8 

1892 12400396354168348121 2 6
6 10 2 8 5 9 
10 6 2 8 5 9 

1890 5890632939151705656 2 6
6 10 1 8 5 9 
10 6 1 8 5 9 

1889 18342749141905531655 2 6
6 10 0 8 5 9 
10 6 0 8 5 9 

1904 3284886620169324691 1 6
4 8 6 10 5 9 

1926 2588354490976119022 2 6
9 8 7 10 2 1 
9 8 10 7 2 1 

1923 9686857828790312644 2 6
1 9 7 10 0 8 
1 9 10 7 0 8 

1925 13585114030236075824 4 6
2 9 7 10 0 8 
2 9 10 7 0 8 
9 2 7 10 0 8 
9 2 10 7 0 8 

1938 12005722615289351436 2 6
1 9 4 8 7 10 
1 9 4 8 10 7 

1940 5136729984035079861 2 6
2 9 4 8 10 7 
9 2 4 8 10 7 

1988 15454901268187193454 1 6
2 8 6 9 7 10 

1986 10663905230948935948 1 6
1 8 6 9 7 10 

738 3902379894365621876 2 5
1 6 7 9 5 
1 7 6 9 5 

3095 7237573765658508990 2 6
0 10 11 4 1 2 
10 0 11 4 1 2 

1956 17602673582476975241 2 6
2 8 7 10 9 5 
2 8 10 7 9 5 

1953 12940706475122112735 4 6
7 10 9 5 0 8 
7 10 5 9 0 8 
10 7 5 9 0 8 
10 7 9 5 0 8 

1880 6963252772868931201 2 6
6 9 8 10 4 3 
9 6 8 10 4 3 

1866 5942086662791921643 4 6
1 3 8 6 9 10 
1 6 9 3 8 10 
1 8 3 9 6 10 
1 9 6 8 3 10 

1836 10252758742225982687 4 6
3 10 2 8 9 5 
3 10 2 8 5 9 
10 3 2 8 9 5 
10 3 2 8 5 9 

1896 8852588274566027708 1 6
3 8 6 10 5 9 

1930 12005722615289351436 2 6
1 9 3 8 7 10 
1 9 3 8 10 7 

1932 5136729984035079861 2 6
2 9 3 8 7 10 
9 2 3 8 7 10 

1992 4051549361540792178 2 6
6 9 3 8 7 10 
9 6 3 8 7 10 

744 7172807169994113502 2 5
3 6 7 9 5 
3 7 6 9 5 

3101 2858476723564263007 8 6
0 10 2 11 4 3 
0 10 11 2 4 3 
2 11 10 0 3 4 
2 11 0 10 3 4 
10 0 2 11 4 3 
10 0 11 2 4 3 
11 2 10 0 3 4 
11 2 0 10 3 4 

2165 1043205602603172477 2 6
0 5 4 2 11 6 
5 0 4 2 11 6 

917 11075476683215937276 4 6
4 7 2 9 0 8 
4 7 9 2 0 8 
7 4 2 9 0 8 
7 4 9 2 0 8 

3274 1976284799906523439 2 6
1 3 7 10 6 11 
1 3 10 7 6 11 

2151 6484294797304960581 4 6
0 5 6 11 1 2 
0 5 11 6 1 2 
5 0 6 11 1 2 
5 0 11 6 1 2 

2199 10091027340236785314 2 6
0 7 11 4 1 2 
7 0 11 4 1 2 

2261 8139407298083816418 2 6
0 7 2 4 11 6 
7 0 2 4 11 6 

2215 5471784236514382057 2 6
7 11 0 5 1 2 
11 7 0 5 1 2 

2227 10866561485810390906 1 6
7 5 0 11 4 1 

2278 11425738294209153117 2 6
5 7 1 2 11 6 
7 5 1 2 11 6 

2275 11568957448097318306 1 6
0 1 7 5 11 6 

2292 18316689973860846735 2 6
5 7 4 2 11 6 
7 5 4 2 11 6 

2290 16524802056143532826 2 6
5 7 1 4 11 6 
7 5 1 4 11 6 

2289 10801095373002169839 1 6
0 4 5 7 11 6 

3398 14998888307669642983 4 6
8 10 6 11 1 2 
8 10 11 6 1 2 
10 8 6 11 1 2 
10 8 11 6 1 2 

2107 1039318616854752801 4 6
0 5 11 1 4 3 
0 5 11 1 3 4 
5 0 11 1 4 3 
5 0 11 1 3 4 

2169 7911919609580085821 2 6
0 5 6 11 4 3 
5 0 6 11 4 3 

2203 13988305535911263204 2 6
1 11 7 0 4 3 
1 11 0 7 4 3 

3312 6169587514167239547 1 6
4 5 11 6 10 7 

2205 5558598568000744194 8 6
0 7 2 11 4 3 
0 7 11 2 4 3 
2 11 7 0 4 3 
2 11 0 7 4 3 
7 0 2 11 4 3 
7 0 11 2 4 3 
11 2 7 0 4 3 
11 2 0 7 4 3 

2265 14267341212879988034 4 6
0 7 6 11 4 3 
0 7 11 6 4 3 
7 0 6 11 4 3 
7 0 11 6 4 3 

2233 15963195480403064570 2 6
5 11 0 7 4 3 
11 5 0 7 4 3 

2219 894128916224563766 2 6
5 11 1 7 0 3 
11 5 1 7 3 0 

2282 6447062935767460188 2 6
5 7 1 3 11 6 
7 5 1 3 11 6 

2387 7347966114492558071 2 6
1 4 0 8 6 11 
1 4 8 0 6 11 

2357 7793698474169151636 2 6
4 11 5 2 8 0 
11 4 5 2 8 0 

2355 13376894217002832943 2 6
4 11 5 1 8 0 
11 4 5 1 8 0 

2406 2577876126754166318 4 6
5 8 6 11 1 2 
5 8 11 6 1 2 
8 5 6 11 1 2 
8 5 11 6 1 2 

2403 13617397809520675330 2 6
5 1 6 11 8 0 
5 1 11 6 8 0 

2420 7773922226276322971 2 6
5 8 4 2 11 6 
8 5 4 2 11 6 

2418 13219141936410264064 2 6
5 8 4 1 6 11 
8 5 4 1 6 11 

2451 13971795337964089144 1 6
1 11 7 4 0 8 

2454 6595997274232475029 2 6
7 8 11 4 1 2 
8 7 11 4 1 2 

2501 1610068794929505860 1 6
7 2 11 6 8 0 

2499 10033196456967870117 1 6
7 1 6 11 8 0 

159 9933740288236651815 2 6
0 7 1 2 4 3 
7 0 1 2 4 3 

2516 3001583706014170334 2 6
7 8 2 4 11 6 
8 7 2 4 11 6 

2514 2946352317732044520 2 6
7 8 1 4 6 11 
8 7 1 4 6 11 

2513 17448693712777178340 2 6
7 4 6 11 8 0 
7 4 11 6 8 0 

113 16493867128980194667 24 4
0 4 5 6 
0 4 6 5 
0 5 4 6 
0 5 6 4 
0 6 5 4 
0 6 4 5 
4 0 5 6 
4 0 6 5 
4 5 0 6 
4 5 6 0 
4 6 5 0 
4 6 0 5 
5 4 0 6 
5 4 6 0 
5 0 4 6 
5 0 6 4 
5 6 0 4 
5 6 4 0 
6 4 5 0 
6 4 0 5 
6 5 4 0 
6 5 0 4 
6 0 5 4 
6 0 4 5 

2470 13523611684520950545 2 6
7 11 8 5 1 2 
11 7 8 5 1 2 

2469 12245781810809221388 2 6
7 11 2 5 8 0 
11 7 2 5 8 0 

125 6963252772868931201 2 6
0 5 6 2 4 3 
5 0 6 2 4 3 

2482 8115887184426306950 1 6
5 7 8 11 1 4 

175 5150190477199881336 2 6
3 7 5 0 1 2 
7 3 5 0 1 2 

2532 6338895717737680452 1 6
8 2 7 5 11 6 

2530 1470560595186515365 1 6
8 1 7 5 11 6 

2529 4506083496052061680 2 6
5 7 8 0 11 6 
7 5 8 0 11 6 

187 7188395773240071624 1 6
1 5 7 0 4 3 

2544 18296857405909208473 1 6
8 4 5 7 11 6 

2350 14389718993016440109 4 6
5 8 3 11 1 2 
5 8 11 3 1 2 
8 5 3 11 1 2 
8 5 11 3 1 2 

3459 6209044954131311219 1 6
1 11 10 7 0 8 

2364 18431326151362808386 2 6
5 8 11 2 4 3 
8 5 11 2 4 3 

2361 4190761804242086191 2 6
5 11 8 0 4 3 
11 5 8 0 4 3 

2410 5121970679817861557 2 6
5 8 3 1 11 6 
8 5 3 1 11 6 

2409 1610068794929505860 1 6
5 3 11 6 8 0 

2424 564931490230904088 2 6
5 8 11 6 4 3 
8 5 11 6 4 3 

2446 15794239717555261455 2 6
7 8 11 3 1 2 
8 7 11 3 1 2 

2506 18310091847892771054 2 6
7 8 1 3 6 11 
8 7 1 3 6 11 

2505 3034196000402880683 2 6
7 3 6 11 8 0 
7 3 11 6 8 0 

2473 12245781810809221388 2 6
5 11 3 7 8 0 
11 5 3 7 8 0 

2643 13219141936410264064 2 6
0 9 4 1 6 11 
9 0 4 1 6 11 

2631 2577876126754166318 4 6
0 9 6 11 1 2 
0 9 11 6 1 2 
9 0 6 11 1 2 
9 0 11 6 1 2 

254 391848201423146807 2 7
5 7 6 1 2 4 3 
7 5 6 1 2 4 3 

2611 5974916450248146748 2 6
4 11 0 1 9 5 
11 4 0 1 9 5 

2661 9685541437763355934 2 6
0 2 6 11 9 5 
0 2 11 6 9 5 

2662 12866107882993698482 4 6
5 9 6 11 2 1 
5 9 11 6 2 1 
9 5 6 11 2 1 
9 5 11 6 2 1 

2709 1975438385009138088 2 6
4 0 2 7 11 9 
4 11 7 2 0 9 

2710 12375698229603405813 2 6
7 9 4 11 1 2 
9 7 4 11 1 2 

2755 18192577992995255914 1 6
0 1 7 9 6 11 

415 17808979803283607713 1 7
1 2 7 0 8 4 3 

2772 3255069345040018912 2 6
7 9 2 4 6 11 
9 7 2 4 6 11 

2769 245850062697708598 1 6
0 4 9 7 6 11 

2770 12230512104892972755 2 6
7 9 1 4 6 11 
9 7 1 4 6 11 

369 12786866701162581528 6 5
4 5 6 0 8 
4 6 5 0 8 
5 4 6 0 8 
5 6 4 0 8 
6 4 5 0 8 
6 5 4 0 8 

2726 10067921646963581594 2 6
7 11 2 1 5 9 
11 7 2 1 5 9 

2725 12400396354168348121 2 6
7 11 2 0 5 9 
11 7 2 0 5 9 

381 15466700752827916144 1 7
6 5 2 4 3 0 8 

2738 10263853496494171388 1 6
4 1 7 11 5 9 

2740 9935000587985377945 1 6
4 2 7 11 5 9 

431 2624412530652846425 2 7
3 7 5 1 2 8 0 
7 3 5 1 2 8 0 

2788 7148929958810029313 1 6
2 7 9 5 11 6 

443 18387145894253066906 1 7
1 5 7 4 3 8 0 

2800 15886538879392445887 1 6
4 7 5 9 6 11 

2575 14389718993016440109 4 6
0 9 3 11 1 2 
0 9 11 3 1 2 
9 0 3 11 1 2 
9 0 11 3 1 2 

2637 12585747384167151295 2 6
0 9 3 2 11 6 
9 0 3 2 11 6 

2649 564931490230904088 2 6
0 9 11 6 4 3 
9 0 11 6 4 3 

249 16874672746425353066 2 6
5 6 0 7 4 3 
6 5 0 7 4 3 

2606 14146140477907402835 4 6
3 11 5 9 2 1 
3 11 9 5 2 1 
11 3 5 9 2 1 
11 3 9 5 2 1 

246 11674808993494319662 2 6
5 7 4 6 1 2 
7 5 4 6 1 2 

2603 12946890117279255877 2 6
3 11 0 1 9 5 
11 3 0 1 9 5 

2618 17796801030481761446 2 6
11 1 5 9 4 3 
11 1 9 5 4 3 

2620 18163072193172161464 2 6
11 2 5 9 4 3 
11 2 9 5 4 3 

2713 18431326151362808386 2 6
9 11 0 7 4 3 
11 9 0 7 4 3 

2762 4368231974056441821 2 6
7 9 3 1 6 11 
9 7 3 1 6 11 

407 2749476689908246433 2 6
4 7 1 2 0 8 
7 4 1 2 0 8 

2764 11482120721938223070 4 6
7 9 2 3 6 11 
7 9 3 2 6 11 
9 7 3 2 6 11 
9 7 2 3 6 11 

2883 13617397809520675330 2 6
9 1 6 11 0 8 
9 1 11 6 0 8 

2897 16961066460178805285 1 6
9 4 11 6 0 8 

2866 5974916450248146748 2 6
4 11 8 1 5 9 
11 4 8 1 5 9 

2865 397235957025839971 4 6
4 11 5 9 0 8 
4 11 9 5 8 0 
11 4 5 9 0 8 
11 4 9 5 8 0 

2913 4904276975370271588 4 6
6 11 9 5 8 0 
6 11 5 9 0 8 
11 6 5 9 0 8 
11 6 9 5 8 0 

2961 18012025924402869447 2 6
9 11 4 7 0 8 
11 9 4 7 0 8 

655 8531027436465418873 2 6
3 7 9 0 2 1 
7 3 9 0 2 1 

3012 246603159967119510 1 6
8 2 7 9 6 11 

653 2861741810154362026 8 5
2 9 3 7 0 
2 9 7 3 0 
3 7 2 9 0 
3 7 9 2 0 
7 3 2 9 0 
7 3 9 2 0 
9 2 3 7 0 
9 2 7 3 0 

3010 6317453869281999622 1 6
8 1 7 9 6 11 

667 9391516964171093401 1 6
1 9 7 0 4 3 

3024 2889210639411618765 1 6
8 4 9 7 6 11 

652 9787307155083580879 24 4
2 3 7 9 
2 3 9 7 
2 7 3 9 
2 7 9 3 
2 9 7 3 
2 9 3 7 
3 2 7 9 
3 2 9 7 
3 7 2 9 
3 7 9 2 
3 9 7 2 
3 9 2 7 
7 3 2 9 
7 3 9 2 
7 2 3 9 
7 2 9 3 
7 9 2 3 
7 9 3 2 
9 3 7 2 
9 3 2 7 
9 7 3 2 
9 7 2 3 
9 2 7 3 
9 2 3 7 

3009 1212870756301208349 2 6
7 9 0 8 6 11 
9 7 8 0 6 11 

620 5849696354824525638 4 5
3 6 2 5 9 
3 6 2 9 5 
6 3 2 5 9 
6 3 2 9 5 

2977 18342749141905531655 2 6
7 11 8 0 5 9 
11 7 8 0 5 9 

635 15700660532965085521 1 7
6 0 1 3 4 9 5 

2992 17916891097581034343 1 6
4 8 11 7 5 9 

623 12816531668132151685 2 7
3 6 0 9 5 2 1 
6 3 0 9 5 2 1 

2980 10476506743161521642 2 6
7 11 2 8 5 9 
11 7 2 8 5 9 

683 14921588540639558027 2 6
3 7 1 0 9 5 
7 3 1 0 9 5 

3040 8384814109348663857 1 6
8 7 11 6 9 5 

470 11674808993494319662 2 6
7 8 6 4 1 2 
8 7 6 4 1 2 

2827 14613304142034277498 2 6
3 11 9 1 0 8 
11 3 9 1 0 8 

2830 4271210428700080906 8 6
3 11 8 9 1 2 
3 11 9 8 1 2 
8 9 3 11 1 2 
8 9 11 3 1 2 
9 8 3 11 1 2 
9 8 11 3 1 2 
11 3 8 9 1 2 
11 3 9 8 1 2 

2890 16318232193805283521 4 6
8 9 3 1 6 11 
8 9 3 1 11 6 
9 8 3 1 6 11 
9 8 3 1 11 6 

2889 1610068794929505860 1 6
9 3 11 6 0 8 

2860 7083952503225195246 2 6
3 11 8 2 5 9 
11 3 8 2 5 9 

501 4337938774463275843 1 7
6 4 7 2 5 0 8 

2858 12946890117279255877 2 6
3 11 8 1 5 9 
11 3 8 1 5 9 

659 10624150834163103597 2 5
1 9 4 7 0 
1 9 7 4 0 

3016 15356622979391907627 1 6
8 3 9 7 6 11 

627 16386471912795809162 2 6
4 6 0 1 9 5 
6 4 0 1 9 5 

2984 11257004672657252108 1 6
3 8 11 7 5 9 

2954 5942086662791921643 4 6
1 3 8 11 9 7 
1 8 3 9 11 7 
1 9 11 8 3 7 
1 11 9 3 8 7 

3143 7097627828598205071 2 6
0 10 6 11 1 2 
10 0 6 11 1 2 

3157 17495668295417969968 2 6
0 10 2 4 11 6 
10 0 2 4 11 6 

754 17993577734583856757 1 6
4 1 7 6 9 5 

3111 13504516502085089377 2 6
10 11 0 5 1 2 
11 10 0 5 1 2 

3123 1899370842544379545 1 6
1 11 5 4 0 10 

3173 18421029726106233758 1 6
0 2 10 5 6 11 

3171 8283163647479287459 1 6
0 1 10 5 6 11 

3174 7379551338219761683 2 6
5 10 1 2 6 11 
10 5 1 2 6 11 

3185 11101567644144492959 1 6
0 4 5 10 6 11 

850 11771461267371093580 4 5
4 6 8 9 1 
4 6 9 8 1 
6 4 8 9 1 
6 4 9 8 1 

3207 9799903988806772229 1 6
11 0 10 7 1 2 

3222 12701807694839725776 2 6
11 4 7 10 1 2 
11 4 10 7 1 2 

862 16446961115542841489 2 7
8 9 6 4 3 1 2 
9 8 6 4 3 1 2 

3219 15077565815878020988 1 6
1 11 0 4 10 7 

910 6249705571245448533 2 6
3 7 9 8 2 1 
7 3 9 8 2 1 

3267 4358604691116407825 1 6
1 0 6 11 10 7 

3221 5346684076787408685 2 6
2 11 0 4 10 7 
11 2 0 4 10 7 

925 3925862371631316267 2 7
2 9 7 3 4 0 8 
9 2 7 3 4 0 8 

3282 11847772950149956181 2 6
1 4 7 10 6 11 
1 4 10 7 6 11 

924 6059386684289591168 2 6
2 9 7 8 3 4 
9 2 7 8 3 4 

3281 16250472518984172433 2 6
0 4 6 11 10 7 
0 4 11 6 10 7 

881 1586797230086699565 4 6
4 6 5 9 8 0 
4 6 9 5 0 8 
6 4 5 9 8 0 
6 4 9 5 0 8 

3238 4112080420053310915 1 6
5 11 1 2 7 10 

880 11224176163157071875 2 5
4 6 8 9 5 
6 4 8 9 5 

3237 11649512295052901023 1 6
2 0 11 5 7 10 

878 12816531668132151685 2 7
3 6 8 5 9 2 1 
6 3 8 5 9 2 1 

3235 4421722810461125570 1 6
1 0 11 5 7 10 

3252 13096493046098319588 1 6
2 4 5 11 7 10 

3250 11546183191628311120 1 6
1 4 5 11 7 10 

892 6424682233239908404 1 7
6 8 2 3 4 9 5 

3249 11430878137431332423 2 6
5 11 0 4 7 10 
11 5 0 4 7 10 

941 2130523262530272504 4 7
3 7 2 9 5 8 0 
3 7 2 9 5 0 8 
7 3 2 9 5 8 0 
7 3 2 9 5 0 8 

3298 1709555588048714430 1 6
1 5 10 7 11 6 

730 16865720643402385602 2 6
7 9 1 6 3 4 
9 7 1 6 3 4 

3087 13504516502085089377 2 6
0 10 11 3 1 2 
10 0 11 3 1 2 

3149 14522245857217611184 2 6
0 10 2 3 11 6 
10 0 2 3 11 6 

3147 13577353465994220085 2 6
0 10 1 3 6 11 
10 0 1 3 6 11 

3161 13644786037724128036 4 6
0 10 6 11 4 3 
0 10 11 6 4 3 
10 0 6 11 4 3 
10 0 11 6 4 3 

761 10944628809185324859 1 7
6 0 7 9 5 3 4 

3118 2324796038967897027 2 6
5 10 3 11 1 2 
10 5 3 11 1 2 

760 1231668127631390269 2 6
6 7 3 4 9 5 
7 6 3 4 9 5 

3117 1975438385009138088 2 6
10 0 5 3 11 2 
10 11 3 5 0 2 

3130 10541350948338960127 2 6
5 10 1 11 3 4 
10 5 1 11 3 4 

3129 16422845455431186346 2 6
5 11 0 10 3 4 
11 5 0 10 3 4 

758 2520360947950367157 1 7
7 4 6 9 5 2 1 

3115 17646972735991113778 4 6
1 0 3 5 11 10 
1 3 0 11 5 10 
1 5 11 0 3 10 
1 11 5 3 0 10 

3192 3653962847060582212 2 6
5 10 4 3 6 11 
10 5 4 3 6 11 

3177 14639887726548521878 1 6
0 3 5 10 6 11 

856 188164556680662115 6 5
6 8 9 4 3 
6 9 8 4 3 
8 6 9 4 3 
8 9 6 4 3 
9 6 8 4 3 
9 8 6 4 3 

3213 7773922226276322971 2 6
2 11 0 3 10 7 
11 2 0 3 10 7 

919 16264672655725726955 2 7
4 7 9 1 2 0 8 
7 4 9 1 2 0 8 

3276 9227903648484236682 2 6
2 3 7 10 11 6 
2 3 10 7 11 6 

3228 13283001769519491718 4 6
2 11 7 10 4 3 
2 11 10 7 4 3 
11 2 7 10 4 3 
11 2 10 7 4 3 

3244 996648347406216008 1 6
2 3 5 11 7 10 

885 14248593203319465559 4 7
4 6 2 5 9 8 0 
4 6 2 9 5 0 8 
6 4 2 5 9 8 0 
6 4 2 9 5 0 8 

3242 7448247199696413020 1 6
1 3 5 11 7 10 

884 7083952503225195246 2 6
4 6 8 2 9 5 
6 4 8 2 9 5 

3241 6422735992914151994 2 6
5 11 0 3 7 10 
11 5 0 3 7 10 

993 15706398123348361036 4 6
6 7 0 8 9 5 
6 7 8 0 9 5 
7 6 0 8 9 5 
7 6 8 0 9 5 

3350 12375698229603405813 2 6
8 10 11 4 1 2 
10 8 11 4 1 2 

3395 4691792252363073333 1 6
10 1 6 11 0 8 

3410 433615281283010912 2 6
8 10 1 4 6 11 
10 8 1 4 6 11 

1008 7830908359673019743 1 6
4 8 6 7 9 5 

3365 7793698474169151636 2 6
10 11 2 5 0 8 
11 10 2 5 0 8 

3378 18107981194733066313 1 6
1 5 11 8 4 10 

3380 1975438385009138088 2 6
11 4 10 2 5 8 
11 5 2 10 4 8 

3425 8462384381643658149 1 6
10 5 0 8 6 11 

1069 10535858816521210636 4 5
3 10 5 2 0 
3 10 2 5 0 
10 3 2 5 0 
10 3 5 2 0 

3426 14397212891054621096 1 6
8 1 10 5 6 11 

1167 7466763490043394333 1 6
0 3 1 2 10 7 

3524 15484313724242053281 2 6
2 8 11 6 7 10 
8 2 7 10 11 6 

1179 8268051653005624786 2 6
1 0 7 10 3 4 
1 0 10 7 4 3 

3536 5173134186639292760 2 6
8 4 6 11 7 10 
8 4 11 6 7 10 

1135 11199869667823635620 1 7
10 6 3 5 0 1 2 

3492 9737152103411092582 1 6
2 8 11 5 7 10 

1133 16815116916099736238 1 6
10 6 3 5 0 2 

3490 16009401900886749677 1 6
1 8 11 5 7 10 

